code,description,price_importado,price_nacional,categoria_nueva,marca_final,modelo_final
1400,Descripcion,Lista Importado final,Lista Nacional final,OTROS,,UNIVERSAL
1001/00010-084,ABRAZADERA CHAPA FILTRO AIRE NSU,0.3585420678475125,0,FILTROS,,UNIVERSAL
1005/02102-630,ACEITE MOTO 4T 20W40 X 1LT YAMALUBE,0,7822.364318999999,LUBRICANTES,,UNIVERSAL
1007/01105-658,ACEITE POWER TRAC 4T 15W50 DOYPACK x 1 LITRO(SEMI GULF,0,8434.681794,LUBRICANTES,,UNIVERSAL
1007/01100-658,ACEITE POWER TRAC 4T 15W50 x 1 LITRO(SEMISINTETICO GULF,0,8459.713548,LUBRICANTES,,UNIVERSAL
1003/01010-658,ACEITE PRIDE 2T VERDE SACHET x 100 ML(MINERAL) GULF,0,660.0385440000001,LUBRICANTES,,100
1003/03100-658,ACEITE PRIDE 2T VERDE x 1 LITRO (MINERAL) GULF,0,4572.793764,LUBRICANTES,,UNIVERSAL
1005/02100-658,ACEITE PRIDE 4T SPECIAL 20W50  x 1 LITRO(MINERAL) GULF,0,5504.104386,LUBRICANTES,,UNIVERSAL
1005/02105-658,ACEITE PRIDE 4T SPECIAL DOYPACK 20W 50x1LITRO MINE GULF,0,5238.487485000001,LUBRICANTES,,UNIVERSAL
1005/02103-658,ACEITE PRIDE 4T SPECIAL DOYPACK 20W 50x800ML MINER GULF,0,4128.877071,LUBRICANTES,,UNIVERSAL
1009/01100-658,ACEITE SYNTRAC 4T 10W 40 x 1 LITRO (SINTETICO) GULF,0,15019.807077,LUBRICANTES,,UNIVERSAL
1225/00400-536,ACOPLE CARBURADOR CORTINA PLANA DIAM35 COMPETICION AF,0,2836.066365,ALIMENTACIÓN / CARBURACIÓN,,UNIVERSAL
1225/00410-536,ACOPLE CARBURADOR CORTINA PLANA DIAM40 COMPETICION AF,0,2836.066365,ALIMENTACIÓN / CARBURACIÓN,,UNIVERSAL
1548/00010-536,ACRILICO TABLERO GILERA SMASH/BIZ AF,0,2827.892331,ELECTRICIDAD,GILERA,SMASH
1548/00010-022,ACRILICO TABLERO GILERA SMASH/BIZ NSU,2.419964945892334,0,ELECTRICIDAD,GILERA,SMASH
1548/00015-536,ACRILICO TABLERO HONDA BIZ 125 AF,0,2827.892331,ELECTRICIDAD,HONDA,BIZ
1548/00014-536,ACRILICO TABLERO HONDA BIZ 125 REVOLUTION AF,0,2827.892331,ELECTRICIDAD,HONDA,BIZ
1548/00050-038,ACRILICO TABLERO HONDA CG150 TITAN NEW 2018 NSU,5.084327527435685,0,ELECTRICIDAD,HONDA,CG150 / TITAN
1548/00011-536,ACRILICO TABLERO HONDA WAVE/GUERRERO G100 AF,0,2827.892331,ELECTRICIDAD,HONDA,WAVE
1548/00011-022,ACRILICO TABLERO HONDA WAVE/GUERRERO G100 NSU,3.002997003804588,0,ELECTRICIDAD,HONDA,WAVE
1548/00016-022,ACRILICO TABLERO YAMAHA CRYPTON NSU,2.407928012383461,0,ELECTRICIDAD,YAMAHA,CRYPTON
1548/00016-566,ACRILICO TABLERO YAMAHA CRYPTON VC,0,3469.485393,ELECTRICIDAD,GILERA / YAMAHA,CRYPTON
1548/00017-536,ACRILICO TABLERO YAMAHA NEW CRYPTON AF,0,2827.892331,ELECTRICIDAD,YAMAHA,CRYPTON
1548/00012-566,ACRILICO TABLERO ZAN SEXY 110 VC,0,3036.506616,ELECTRICIDAD,GILERA,VC 110
1548/00013-566,ACRILICO TABLERO ZANELLA  ZB 2007/8/9 VC,0,3032.978256,ELECTRICIDAD,GILERA / ZANELLA,UNIVERSAL
1548/00020-566,ACRILICO TABLERO ZANELLA VENTO VC,0,3036.496815,ELECTRICIDAD,GILERA / ZANELLA,UNIVERSAL
1548/00030-536,ACRILICO TABLERO ZANELLA ZB110 M/V-FUTURA AF,0,2827.892331,ELECTRICIDAD,ZANELLA,ZB110
1648/08340-560,ADAPTADOR DE MANUBRIO 22.22 A 28.6MM ALUMINIO MDA,0,51499.305495,OTROS,,UNIVERSAL
1648/08341-560,ADAPTADOR DE MANUBRIO 22.22 A 28.6MM NEGRO MDA,0,51499.305495,OTROS,,UNIVERSAL
1299/00025-566,ADAPTADOR PARA PATENTE GILERA SMASH VC,0,1794.964941,CARROCERÍA,GILERA,SMASH
1299/00030-566,ADAPTADOR PARA PATENTE UNIVERSAL VC,0,1794.964941,CARROCERÍA,GILERA,UNIVERSAL
1001/00124-665,AEROSOL FOAM FILTRO x220CC BMB,0,6033.877839,FILTROS,,UNIVERSAL
1020/00010-566,ALARGUE AMORTIGUADOR HONDA CG125 X JGO. VC,0,6931.757250000001,SUSPENSIÓN,GILERA / HONDA,CG125
1020/00025-621,ALARGUE AMORTIGUADOR MONOSHOCK .,0,5634.232263,SUSPENSIÓN,,UNIVERSAL
1001/10225-623,"ALARMA MOTO C/ENCENDIDO A DISTANCIA,PANICO DZE",0,48679.99884,SEGURIDAD,,UNIVERSAL
1537/00800-138,AMOLADORA MINITORNO NEUMATICA 25000RPM C/BROCA .,56.43511487887501,0,OTROS,,UNIVERSAL
1033/00010-532,AMORT. MONOSHOCK CORVEN TRIAX 150/200/250 FAR,0,86195.443356,SUSPENSIÓN,CORVEN,TRIAX 150
1033/00049-532,AMORT. MONOSHOCK HONDA TORNADO FAR,0,87521.518656,SUSPENSIÓN,HONDA,TORNADO
1033/00048-532,AMORT. MONOSHOCK HONDA TWISTER 250 FAR,0,79478.26920000001,SUSPENSIÓN,HONDA,TWISTER
1033/00047-532,AMORT. MONOSHOCK HONDA XLR125 FAR,0,70282.431945,SUSPENSIÓN,HONDA,UNIVERSAL
1033/00073-532,AMORT. MONOSHOCK MOTOMEL MOTARD FAR,0,72934.602147,SUSPENSIÓN,MOTOMEL,UNIVERSAL
1033/00070-532,AMORT. MONOSHOCK MOTOMEL SKUA 150 FAR,0,72934.602147,SUSPENSIÓN,MOTOMEL,SKUA150
1033/00070-022,AMORT. MONOSHOCK MOTOMEL SKUA 150 NSU,56.85825798311394,0,SUSPENSIÓN,MOTOMEL,SKUA150
1033/00075-532,AMORT. MONOSHOCK YAMAHA FZ16 FAR,0,184862.44359,SUSPENSIÓN,YAMAHA,FZ16
1033/00085-532,AMORT. MONOSHOCK YAMAHA XTZ 125/250 FAR,0,86195.443356,SUSPENSIÓN,YAMAHA,XTZ125
1033/10130-532,AMORT. MONOSHOCK ZANELLA ZTT/ DAKAR200 FAR,0,111582.483606,SUSPENSIÓN,ZANELLA,UNIVERSAL
1025/00060-566,AMORT. TRAS. HONDA ELITE 50 VC,0,27264.098367,SUSPENSIÓN,GILERA / HONDA,50
1021/00006-532,AMORT. TRAS.HIDRAULICO BETA BS 110 FAR,0,22907.416653,SUSPENSIÓN,BETA,110
1021/00053-532,AMORT. TRAS.HIDRAULICO GILERA SMASH 110/TRIP FAR,0,19978.436808,SUSPENSIÓN,GILERA,SMASH
1021/00050-022,AMORT. TRAS.HIDRAULICO GILERA SMASH-BIZ TUNING NSU,19.39442730910014,0,SUSPENSIÓN,GILERA,SMASH
1021/00048-022,AMORT. TRAS.HIDRAULICO HONDA C90 M/VIEJO NSU,25.16773611197603,0,SUSPENSIÓN,HONDA,C90
1021/00152-532,AMORT. TRAS.HIDRAULICO HONDA CG 150 TITAN ESD FAR,0,23972.814756,SUSPENSIÓN,HONDA,CG150 / TITAN
1021/00047-022,AMORT. TRAS.HIDRAULICO HONDA CG125/TITAN 2000KS/ES NSU,15.79069727282524,0,SUSPENSIÓN,HONDA,CG125 / TITAN
1021/00067-532,AMORT. TRAS.HIDRAULICO HONDA NEW WAVE 110 FAR,0,22641.005871,SUSPENSIÓN,HONDA,WAVE110
1021/00160-532,AMORT. TRAS.HIDRAULICO HONDA STORM 125 FAR,0,23972.814756,SUSPENSIÓN,HONDA,STORM 125
1021/00066-532,AMORT. TRAS.HIDRAULICO HONDA WAVE NF100 FAR,0,22907.397051,SUSPENSIÓN,HONDA,WAVE
1021/00052-022,AMORT. TRAS.HIDRAULICO HONDA WAVE NSU,15.79069727282524,0,SUSPENSIÓN,HONDA,WAVE
1021/00040-532,AMORT. TRAS.HIDRAULICO REG. HONDA BIZC100 CROMO/NE FAR,0,19978.436808,SUSPENSIÓN,HONDA,BIZ
1025/00040-012,AMORT. TRAS.HIDRAULICO REG. HONDA CD 100 REGENT/TOUGH,34.61560691400525,0,SUSPENSIÓN,HONDA,100
1021/00046-532,AMORT. TRAS.HIDRAULICO REG. HONDA CG125 FAR,0,20510.101854,SUSPENSIÓN,HONDA,CG125
1021/00055-022,AMORT. TRAS.HIDRAULICO REG. HONDACB250NIGHTHAWK NSU,19.29914899157524,0,SUSPENSIÓN,HONDA,CB
1021/00057-022,AMORT. TRAS.HIDRAULICO REG. KAWASAKI NEO MAX NSU,19.91538213225728,0,SUSPENSIÓN,KAWASAKI,UNIVERSAL
1021/00058-022,AMORT. TRAS.HIDRAULICO SUZUKI AX100 ROJO NSU,25.13053948276664,0,SUSPENSIÓN,SUZUKI,AX100
1021/00085-532,AMORT. TRAS.HIDRAULICO YAMAHA YBR 125 SIMIL ORIG. FAR,0,21714.830973,SUSPENSIÓN,YAMAHA,YBR125
1021/00200-532,AMORT. TRAS.HIDRAULICO ZANELLA ZB 110/MOTOMEL BIT FAR,0,19977.348897,SUSPENSIÓN,ZANELLA,ZB 110
1036/00060-070,ANTIPARRAS CHOPERA AZUL C/LENTE AZUL (7832) TERCOM,12.08800034096207,0,OTROS,,UNIVERSAL
1036/00190-022,ANTIPARRAS CROSS ATV NSU,5.195620403498268,0,OTROS,,UNIVERSAL
1036/00180-081,ANTIPARRAS FUME SE1128 NSU,13.11621767034666,0,OTROS,,UNIVERSAL
1036/00100-070,ANTIPARRAS LAMINA CUBRE LENTE TEAROFF X 10 TERCOM,14.50782834852211,0,MOTOR,,UNIVERSAL
1001/00810-591,ANTIRROBO ELECTRONICO 12V APOLO,0,110573.500059,OTROS,,UNIVERSAL
1001/00800-591,ANTIRROBO ELECTRONICO 6V APOLO,0,110573.500059,OTROS,,UNIVERSAL
1849/00010-019,ANTIVIBRADOR ELITE 50  (SET) 22132 TERCOM,0.5683635637300052,0,OTROS,,50
1849/00030-019,ANTIVIBRADOR SUZUKI AE 50 (SET) 21481 TERCOM,1.076902283835969,0,OTROS,SUZUKI,50
1803/00038-621,ARANDELA DE GOMA 8MM x100unid. .,0,6077.149254000001,OTROS,,UNIVERSAL
1803/00210-621,ARANDELA GROWER 10MM x 50 unidades .,0,5729.07654,OTROS,,50
1803/00212-621,ARANDELA GROWER 12MM x 50 unidades .,0,8354.901654000001,OTROS,,50
1803/00214-621,ARANDELA GROWER 14MM x 50 unidades .,0,10980.726768,OTROS,,50
1803/00206-621,ARANDELA GROWER 6MM x 100 unidades .,0,7638.762186,OTROS,,100
1803/00207-621,ARANDELA GROWER 7MM x 100 unidades .,0,8354.901654000001,OTROS,,100
1803/00070-621,ARANDELA PLANA 23X13X1.65 x20UNID. .,0,1036.857591,OTROS,,UNIVERSAL
1803/00130-621,ARANDELA PLANA 6X18MM x50 UNID. .,0,2821.129641,OTROS,,UNIVERSAL
1803/00060-566,ARANDELA PLANA CUBREPIERNAS GILERA SMASH (PVC) VC,0,282.131586,ACCESORIOS,GILERA,SMASH
1803/00110-621,ARANDELA REFORZADA 10mm x 50 unidades .,0,2777.093748,OTROS,,50
1803/00150-621,ARANDELA REFORZADA 12mm x50unid. .,0,3305.965509,OTROS,,UNIVERSAL
1803/00050-531,ARANDELA SUPLEMENTO 16 X 24 X 0.20 x10 unid. ALFREDO,0,2657.158911,OTROS,,UNIVERSAL
1803/00100-627,ARANDELA TAPON CARTER ACEITE 12X20mm x10UNID. JUNTAS ALFA,0,1057.518099,LUBRICANTES,,UNIVERSAL
1803/00120-627,ARANDELA TENSOR CADENA DISTRIB.14x20mm x10UNID. JUNTAS ALFA,0,1057.518099,MOTOR,,UNIVERSAL
1037/00006-038,ARBOL DE LEVAS BAJAJ PULSAR 135 NSU,8.022167478080751,0,MOTOR,BAJAJ,PULSAR
1037/00008-038,ARBOL DE LEVAS BAJAJ ROUSER 200/220 NSU,13.22546948973084,0,MOTOR,BAJAJ,ROUSER
1037/00009-038,ARBOL DE LEVAS BAJAJ ROUSER NS 200 NSU,8.114224449967919,0,MOTOR,BAJAJ,ROUSER
1037/00022-022,ARBOL DE LEVAS GIL.SMASH M/N/SEXY C/DESCOMP.LARGO NSU,5.190877257733726,0,MOTOR,,SMASH
1037/00022-038,ARBOL DE LEVAS GIL.SMASH M/N/SEXY C/DESCOMP.LARGO NSU,7.768132360799676,0,MOTOR,,SMASH
1037/00033-077,ARBOL DE LEVAS GILERA SMASH/MAX 110 CORTO NSU,5.336115185282133,0,MOTOR,GILERA,SMASH
1037/00033-038,ARBOL DE LEVAS GILERA SMASH/MAX 110 CORTO NSU,5.336217150916444,0,MOTOR,GILERA,SMASH
1037/00033-022,ARBOL DE LEVAS GILERA SMASH/MAX 110 CORTO NSU,5.336247485920715,0,MOTOR,GILERA,SMASH
1037/00020-038,ARBOL DE LEVAS GILERA SMASH-HONDA C90 M/V NSU,6.4009775025516,0,MOTOR,GILERA,SMASH
1037/00021-038,ARBOL DE LEVAS GILERA VC 200/NXR 150 BROSS NSU,8.615162255259705,0,MOTOR,GILERA,XR 200
1037/00024-077,ARBOL DE LEVAS GUERRERO GMX 150 NSU,8.832961301038743,0,MOTOR,,NS 150
1037/00038-038,ARBOL DE LEVAS H.TORNADO (ADMISION/ESCAPE)C/CORONA NSU,23.36741762269317,0,MOTOR,,TORNADO
1037/00011-038,ARBOL DE LEVAS HONDA BIZ 125 DESCOMPRESOR NSU,9.631696860720634,0,MOTOR,HONDA,BIZ
1037/00010-022,ARBOL DE LEVAS HONDA BIZ/WAVE DESCOMPRESOR NSU,7.985891553750001,0,MOTOR,HONDA,WAVE
1037/00010-038,ARBOL DE LEVAS HONDA BIZ/WAVE DESCOMPRESOR NSU,7.985854755134582,0,MOTOR,HONDA,WAVE
1037/00016-038,ARBOL DE LEVAS HONDA BIZ/WAVE SIN DESCOMPRESOR NSU,8.602741558672601,0,MOTOR,HONDA,WAVE
1037/00014-038,ARBOL DE LEVAS HONDA CB150/200 NSU,11.12558562232704,0,MOTOR,HONDA,CB 200
1037/00018-038,ARBOL DE LEVAS HONDA CB150/250 S/BUJE NSU,9.67856721182642,0,MOTOR,HONDA,CB 250
1037/00023-038,ARBOL DE LEVAS HONDA CBX 250 NSU,16.00593226456193,0,MOTOR,HONDA,CB 250
1439/00013-038,ARBOL DE LEVAS HONDA CG 150 (3 PZS) KIT NSU,16.33492843342781,0,MOTOR,HONDA,CG150
1037/00026-022,ARBOL DE LEVAS HONDA CG 150 TORRETA NSU,20.14611472652541,0,MOTOR,HONDA,CG150
1439/00010-038,ARBOL DE LEVAS HONDA CG125 TODAY (3 PZS) KIT NSU,8.972145495932121,0,MOTOR,HONDA,CG125
1037/00025-038,ARBOL DE LEVAS HONDA CG150 NSU,10.13962447008348,0,MOTOR,HONDA,CG150
1037/00013-038,ARBOL DE LEVAS HONDA WAVE 110S NSU,8.348981984596254,0,MOTOR,HONDA,WAVE110
1037/00051-038,ARBOL DE LEVAS HONDA WAVE NSU,6.413112855680465,0,MOTOR,HONDA,WAVE
1037/00040-038,ARBOL DE LEVAS HONDA XL 125 BRASIL NX150/CBX-150 NSU,9.341002422244548,0,MOTOR,HONDA,CB 125
1037/00100-038,ARBOL DE LEVAS YAMAHA FZ 16 NSU,10.30915483354111,0,MOTOR,YAMAHA,FZ16
1037/00200-038,ARBOL DE LEVAS YAMAHA NEW CRYPTON NSU,6.679170737223816,0,MOTOR,YAMAHA,CRYPTON
1037/00200-077,ARBOL DE LEVAS YAMAHA NEW CRYPTON NSU,10.28494570213633,0,MOTOR,YAMAHA,CRYPTON
1037/00070-038,ARBOL DE LEVAS YAMAHA YBR 125 NSU,8.015004884668578,0,MOTOR,YAMAHA,YBR125
1037/00300-038,ARBOL DE LEVAS YAMAHA YBR/CRYPTON NSU,6.212112783497658,0,MOTOR,YAMAHA,CRYPTON
1043/00081-022,ARO BAJAJ PULSAR 180 0.25 NSU,4.816606227150491,0,MOTOR,BAJAJ,PULSAR
1043/00082-022,ARO BAJAJ PULSAR 180 0.50 NSU,4.816606227150491,0,MOTOR,BAJAJ,PULSAR
1043/00083-022,ARO BAJAJ PULSAR 180 0.75 NSU,4.816606227150491,0,MOTOR,BAJAJ,PULSAR
1043/00084-022,ARO BAJAJ PULSAR 180 1.00 NSU,4.816606227150491,0,MOTOR,BAJAJ,PULSAR
1043/00080-022,ARO BAJAJ PULSAR 180 STD NSU,4.816606227150491,0,MOTOR,BAJAJ,PULSAR
1043/00063-022,ARO BAJAJ PULSAR 220 0.75 NSU,4.815880240456932,0,MOTOR,BAJAJ,PULSAR
1043/00064-022,ARO BAJAJ PULSAR 220 1.00 NSU,4.815880240456932,0,MOTOR,BAJAJ,PULSAR
1043/00071-022,ARO BAJAJ PULSAR/ROUSER 135 0.25 NSU,2.790196724880066,0,MOTOR,BAJAJ,ROUSER
1043/00072-022,ARO BAJAJ PULSAR/ROUSER 135 0.50 NSU,2.790196724880066,0,MOTOR,BAJAJ,ROUSER
1043/00073-022,ARO BAJAJ PULSAR/ROUSER 135 0.75 NSU,2.784097751433563,0,MOTOR,BAJAJ,ROUSER
1043/00074-022,ARO BAJAJ PULSAR/ROUSER 135 1.00 NSU,2.784097751433563,0,MOTOR,BAJAJ,ROUSER
1043/00070-022,ARO BAJAJ PULSAR/ROUSER 135 STD NSU,2.790201574831696,0,MOTOR,BAJAJ,ROUSER
1043/00091-022,ARO BAJAJ PULSAR/ROUSER NS200 0.25 NSU,3.63767173886776,0,MOTOR,BAJAJ,NS200 / ROUSER
1043/00092-022,ARO BAJAJ PULSAR/ROUSER NS200 0.50 NSU,3.63767173886776,0,MOTOR,BAJAJ,NS200 / ROUSER
1043/00093-022,ARO BAJAJ PULSAR/ROUSER NS200 0.75 NSU,3.643831123692369,0,MOTOR,BAJAJ,NS200 / ROUSER
1043/00094-022,ARO BAJAJ PULSAR/ROUSER NS200 1.00 NSU,3.643831123692369,0,MOTOR,BAJAJ,NS200 / ROUSER
1043/00090-022,ARO BAJAJ PULSAR/ROUSER NS200 STD NSU,3.645858826984405,0,MOTOR,BAJAJ,NS200 / ROUSER
1043/00052-022,ARO BETA MOTARD - BRAVA 250 0.50 NSU,5.709718527124433,0,MOTOR,BRAVA,NS 250
1043/00004-022,ARO BRAVA ELECTRA 150 0.25 NSU,2.397801805685263,0,MOTOR,BRAVA,NS 150
1043/00006-022,ARO BRAVA ELECTRA 150 0.50 NSU,2.397801805685263,0,MOTOR,BRAVA,NS 150
1043/00007-022,ARO BRAVA ELECTRA 150 0.75 NSU,2.397801805685263,0,MOTOR,BRAVA,NS 150
1043/00008-022,ARO BRAVA ELECTRA 150 1.00 NSU,2.397801805685263,0,MOTOR,BRAVA,NS 150
1043/00002-022,ARO BRAVA ELECTRA 150 STD NSU,2.397801805685263,0,MOTOR,BRAVA,NS 150
1039/02001-022,ARO DAELIM LIBERTY YAMAHA JOG 025 P/PISTON IMP. YAMASIDA,1.338404521041625,0,MOTOR,YAMAHA,UNIVERSAL
1039/02002-022,ARO DAELIM LIBERTY YAMAHA JOG 050 P/PISTON IMP. YAMASIDA,1.338404521041625,0,MOTOR,YAMAHA,UNIVERSAL
1039/02003-022,ARO DAELIM LIBERTY YAMAHA JOG 075 P/PISTON IMP. YAMASIDA,1.338404521041625,0,MOTOR,YAMAHA,UNIVERSAL
1039/02004-022,ARO DAELIM LIBERTY YAMAHA JOG 100 P/PISTON IMP. YAMASIDA,1.338404521041625,0,MOTOR,YAMAHA,100
1039/02005-022,ARO DAELIM LIBERTY YAMAHA JOG 125 P/PISTON IMP. YAMASIDA,1.338404521041625,0,MOTOR,YAMAHA,125
1039/02501-055,ARO DEI 50 CH 0.25 NSU,1.677187729005706,0,MOTOR,,50
1039/02502-055,ARO DEI 50 CH 0.50 NSU,1.677187729005706,0,MOTOR,,50
1039/02503-055,ARO DEI 50 CH 0.75 NSU,1.677187729005706,0,MOTOR,,50
1039/02504-055,ARO DEI 50 CH 1.00 NSU,1.677187729005706,0,MOTOR,,50
1039/02500-055,ARO DEI 50 CH STD NSU,1.677187729005706,0,MOTOR,,50
1461/00010-040,ARO FARO DEL. SUZUKI AX100 NSU,4.534017676160447,0,MOTOR,SUZUKI,AX100
1039/03008-575,ARO GARELLI NOI 50 200 YAMASIDA/KIM,0,6328.30968,MOTOR,,50
1043/15001-138,ARO GILERA 110 13MM/52.4MM 0.25 .,1.195738437941208,0,MOTOR,GILERA,110
1043/15001-022,ARO GILERA 110 13MM/52.4MM 0.25 YAMASIDA,2.031316068562318,0,MOTOR,GILERA,110
1043/15001-575,ARO GILERA 110 13MM/52.4MM 0.25 YAMASIDA/KIM,0,10433.879973,MOTOR,GILERA,110
1043/15002-138,ARO GILERA 110 13MM/52.4MM 0.50 .,1.195738437941208,0,MOTOR,GILERA,110
1043/15002-022,ARO GILERA 110 13MM/52.4MM 0.50 YAMASIDA,2.038604045300388,0,MOTOR,GILERA,110
1043/15002-575,ARO GILERA 110 13MM/52.4MM 0.50 YAMASIDA/KIM,0,10433.879973,MOTOR,GILERA,110
1043/15003-138,ARO GILERA 110 13MM/52.4MM 0.75 .,1.195738437941208,0,MOTOR,GILERA,110
1043/15003-022,ARO GILERA 110 13MM/52.4MM 0.75 YAMASIDA,2.038604045300388,0,MOTOR,GILERA,110
1043/15004-138,ARO GILERA 110 13MM/52.4MM 1.00 .,1.195738437941208,0,MOTOR,GILERA,110
1043/15004-022,ARO GILERA 110 13MM/52.4MM 1.00 YAMASIDA,2.038604045300388,0,MOTOR,GILERA,110
1043/15004-575,ARO GILERA 110 13MM/52.4MM 1.00 YAMASIDA/KIM,0,10433.879973,MOTOR,GILERA,110
1043/15005-138,ARO GILERA 110 13MM/52.4MM 1.25 .,1.195738437941208,0,MOTOR,GILERA,110
1043/15005-022,ARO GILERA 110 13MM/52.4MM 1.25 YAMASIDA,2.031316068562318,0,MOTOR,GILERA,110
1043/15005-575,ARO GILERA 110 13MM/52.4MM 1.25 YAMASIDA/KIM,0,10433.879973,MOTOR,GILERA,110
1043/15006-138,ARO GILERA 110 13MM/52.4MM 1.50 .,1.197873311723328,0,MOTOR,GILERA,110
1043/15006-022,ARO GILERA 110 13MM/52.4MM 1.50 YAMASIDA,2.035590278740082,0,MOTOR,GILERA,110
1043/15006-575,ARO GILERA 110 13MM/52.4MM 1.50 YAMASIDA/KIM,0,10433.879973,MOTOR,GILERA,110
1043/15007-138,ARO GILERA 110 13MM/52.4MM 1.75 .,1.186597282609177,0,MOTOR,GILERA,110
1043/15007-022,ARO GILERA 110 13MM/52.4MM 1.75 YAMASIDA,2.031316068562318,0,MOTOR,GILERA,110
1043/15007-575,ARO GILERA 110 13MM/52.4MM 1.75 YAMASIDA/KIM,0,10433.879973,MOTOR,GILERA,110
1043/15008-138,ARO GILERA 110 13MM/52.4MM 2.00 .,1.186597282609177,0,MOTOR,GILERA,110
1043/15008-022,ARO GILERA 110 13MM/52.4MM 2.00 YAMASIDA,2.038604045300388,0,MOTOR,GILERA,110
1043/15008-575,ARO GILERA 110 13MM/52.4MM 2.00 YAMASIDA/KIM,0,10433.879973,MOTOR,GILERA,110
1043/15000-138,ARO GILERA 110 13MM/52.4MM STD .,1.195743940965071,0,MOTOR,GILERA,110
1043/15000-022,ARO GILERA 110 13MM/52.4MM STD YAMASIDA,2.038604045300388,0,MOTOR,GILERA,110
1043/15000-575,ARO GILERA 110 13MM/52.4MM STD YAMASIDA/KIM,0,10433.879973,MOTOR,GILERA,110
1043/14001-022,ARO GILERA 150 CADENERA 0.25 YAMASIDA,4.816606227150491,0,MOTOR,GILERA,150
1043/14003-022,ARO GILERA 150 CADENERA 0.75 YAMASIDA,4.816606227150491,0,MOTOR,GILERA,150
1043/14005-022,ARO GILERA 150 CADENERA 1.25 YAMASIDA,4.816606227150491,0,MOTOR,GILERA,150
1043/13901-022,ARO GILERA C110 POTENCIADO 0.25 NSU,3.89627311292071,0,MOTOR,GILERA,UNIVERSAL
1043/13902-022,ARO GILERA C110 POTENCIADO 0.50 NSU,3.89627311292071,0,MOTOR,GILERA,50
1043/13903-022,ARO GILERA C110 POTENCIADO 0.75 NSU,3.89627311292071,0,MOTOR,GILERA,UNIVERSAL
1043/13904-022,ARO GILERA C110 POTENCIADO 1.00 NSU,3.89627311292071,0,MOTOR,GILERA,UNIVERSAL
1043/13900-022,ARO GILERA C110 POTENCIADO STD NSU,3.896216972428238,0,MOTOR,GILERA,UNIVERSAL
1043/14101-575,"ARO GILERA FUTURA 4T DIAM.52,50 0.25 YAMASIDA/KIM",0,10433.879973,LUBRICANTES,GILERA,FUTURA 50
1043/14102-575,"ARO GILERA FUTURA 4T DIAM.52,50 0.50 YAMASIDA/KIM",0,10433.879973,LUBRICANTES,GILERA,FUTURA 50
1043/14103-575,"ARO GILERA FUTURA 4T DIAM.52,50 0.75 YAMASIDA/KIM",0,10433.879973,LUBRICANTES,GILERA,FUTURA 50
1043/14104-575,"ARO GILERA FUTURA 4T DIAM.52,50 1.00 YAMASIDA/KIM",0,10433.879973,LUBRICANTES,GILERA,FUTURA 50
1043/14105-575,"ARO GILERA FUTURA 4T DIAM.52,50 1.25 YAMASIDA/KIM",0,10433.879973,LUBRICANTES,GILERA,FUTURA 50
1043/14106-575,"ARO GILERA FUTURA 4T DIAM.52,50 1.50 YAMASIDA/KIM",0,10433.879973,LUBRICANTES,GILERA,FUTURA 50
1043/14107-575,"ARO GILERA FUTURA 4T DIAM.52,50 1.75 YAMASIDA/KIM",0,10433.879973,LUBRICANTES,GILERA,FUTURA 50
1043/14108-575,"ARO GILERA FUTURA 4T DIAM.52,50 2.00 YAMASIDA/KIM",0,10433.879973,LUBRICANTES,GILERA,FUTURA 50
1043/14100-575,"ARO GILERA FUTURA 4T DIAM.52,50 STD YAMASIDA/KIM",0,10433.879973,LUBRICANTES,GILERA,FUTURA 50
1043/22051-022,ARO GILERA SMASH 125 0.25 NSU,2.758736497432709,0,MOTOR,GILERA,SMASH
1043/22052-022,ARO GILERA SMASH 125 0.50 NSU,2.758736497432709,0,MOTOR,GILERA,SMASH
1043/22053-022,ARO GILERA SMASH 125 0.75 NSU,2.758736497432709,0,MOTOR,GILERA,SMASH
1043/22054-022,ARO GILERA SMASH 125 1.00 NSU,2.758736497432709,0,MOTOR,GILERA,SMASH
1043/22050-022,ARO GILERA SMASH 125 STD NSU,2.751826774486542,0,MOTOR,GILERA,SMASH
1043/16001-022,ARO GILERA VC 200 0.25 NSU,3.518641058381224,0,MOTOR,GILERA,NS 200
1043/16002-022,ARO GILERA VC 200 0.50 NSU,3.51509008714551,0,MOTOR,GILERA,NS 200
1043/16003-022,ARO GILERA VC 200 0.75 NSU,3.51509008714551,0,MOTOR,GILERA,NS 200
1043/16004-022,ARO GILERA VC 200 1.00 NSU,3.51509008714551,0,MOTOR,GILERA,NS 200
1043/16000-022,ARO GILERA VC 200 STD NSU,3.51509008714551,0,MOTOR,GILERA,NS 200
1039/05007-575,ARO HERO PUCH 50  175 YAMASIDA/KIM,0,6328.30968,MOTOR,HERO,50
1039/05008-575,ARO HERO PUCH 50  200 YAMASIDA/KIM,0,6328.30968,MOTOR,HERO,50
1043/17521-022,ARO HONDA BIZ 125 0.25 NSU,3.106880838006163,0,MOTOR,HONDA,BIZ
1043/17522-022,ARO HONDA BIZ 125 0.50 NSU,3.106880838006163,0,MOTOR,HONDA,BIZ
1043/17523-022,ARO HONDA BIZ 125 0.75 NSU,3.109739128229141,0,MOTOR,HONDA,BIZ
1043/17524-022,ARO HONDA BIZ 125 1.00 NSU,3.109739128229141,0,MOTOR,HONDA,BIZ
1043/17520-022,ARO HONDA BIZ 125 STD NSU,3.106950316124325,0,MOTOR,HONDA,BIZ
1046/16002-071,ARO HONDA BIZ 125/ZANELLA SEXY 125 0.50 523F000 JPN/TP,19.0950816684515,0,MOTOR,HONDA,BIZ
1046/16003-071,ARO HONDA BIZ 125/ZANELLA SEXY 125 0.75 523F000 JPN/TP,19.0950816684515,0,MOTOR,HONDA,BIZ
1046/16004-071,ARO HONDA BIZ 125/ZANELLA SEXY 125 1.00 523F000 JPN/TP,19.0950816684515,0,MOTOR,HONDA,BIZ
1043/17501-022,ARO HONDA C100 BIZ 0.25 YAMASIDA,2.686184594371891,0,MOTOR,HONDA,BIZ
1043/17501-575,ARO HONDA C100 BIZ 0.25 YAMASIDA/KIM,0,10433.879973,MOTOR,HONDA,BIZ
1043/17502-022,ARO HONDA C100 BIZ 0.50 YAMASIDA,2.686184594371891,0,MOTOR,HONDA,BIZ
1043/17502-575,ARO HONDA C100 BIZ 0.50 YAMASIDA/KIM,0,10433.879973,MOTOR,HONDA,BIZ
1043/17503-022,ARO HONDA C100 BIZ 0.75 YAMASIDA,2.686184594371891,0,MOTOR,HONDA,BIZ
1043/17503-575,ARO HONDA C100 BIZ 0.75 YAMASIDA/KIM,0,10433.879973,MOTOR,HONDA,BIZ
1043/17504-022,ARO HONDA C100 BIZ 1.00 YAMASIDA,2.686184594371891,0,MOTOR,HONDA,BIZ
1043/17504-575,ARO HONDA C100 BIZ 1.00 YAMASIDA/KIM,0,10433.879973,MOTOR,HONDA,BIZ
1043/17505-022,ARO HONDA C100 BIZ 1.25 YAMASIDA,2.686184594371891,0,MOTOR,HONDA,BIZ
1043/17505-575,ARO HONDA C100 BIZ 1.25 YAMASIDA/KIM,0,10433.879973,MOTOR,HONDA,BIZ
1043/17506-022,ARO HONDA C100 BIZ 1.50 YAMASIDA,2.686184594371891,0,MOTOR,HONDA,BIZ
1043/17506-575,ARO HONDA C100 BIZ 1.50 YAMASIDA/KIM,0,10433.879973,MOTOR,HONDA,BIZ
1043/17507-022,ARO HONDA C100 BIZ 1.75 YAMASIDA,2.686184594371891,0,MOTOR,HONDA,BIZ
1043/17508-022,ARO HONDA C100 BIZ 2.00 YAMASIDA,2.686184594371891,0,MOTOR,HONDA,BIZ
1043/17508-575,ARO HONDA C100 BIZ 2.00 YAMASIDA/KIM,0,10433.879973,MOTOR,HONDA,BIZ
1043/17500-022,ARO HONDA C100 BIZ STD YAMASIDA,2.686184594371891,0,MOTOR,HONDA,BIZ
1043/17500-575,ARO HONDA C100 BIZ STD YAMASIDA/KIM,0,10433.879973,MOTOR,HONDA,BIZ
1046/17201-071,ARO HONDA C90 0.25 H126751 JPN/TP,17.05791079343886,0,MOTOR,HONDA,C90
1046/17203-071,ARO HONDA C90 0.75 H126751 JPN/TP,17.05791079343886,0,MOTOR,HONDA,C90
1046/17204-071,ARO HONDA C90 1.00 H126751 JPN/TP,17.05791079343886,0,MOTOR,HONDA,C90
1046/17301-071,ARO HONDA C90 M/VIEJO 0.25 H098771 JPN/TP,11.8970779100736,0,MOTOR,HONDA,C90
1046/17302-071,ARO HONDA C90 M/VIEJO 0.50 H098771 JPN/TP,11.8970779100736,0,MOTOR,HONDA,C90
1046/17303-071,ARO HONDA C90 M/VIEJO 0.75 H098771 JPN/TP,11.8970779100736,0,MOTOR,HONDA,C90
1046/17304-071,ARO HONDA C90 M/VIEJO 1.00 H098771 JPN/TP,11.8970779100736,0,MOTOR,HONDA,C90
1043/17571-022,ARO HONDA CB190 0.25 NSU,3.402441680167008,0,MOTOR,HONDA,CB
1043/17572-022,ARO HONDA CB190 0.50 NSU,3.400084451132583,0,MOTOR,HONDA,CB
1043/17573-022,ARO HONDA CB190 0.75 NSU,3.402441680167008,0,MOTOR,HONDA,CB
1043/17574-022,ARO HONDA CB190 1.00 NSU,3.402441680167008,0,MOTOR,HONDA,CB
1043/17570-022,ARO HONDA CB190 STD NSU,3.400991098966598,0,MOTOR,HONDA,CB
1043/17601-022,ARO HONDA CBX 200 0.25 YAMASIDA,2.391436937435532,0,MOTOR,HONDA,CB 200
1043/17602-022,ARO HONDA CBX 200 0.50 YAMASIDA,2.391452824279862,0,MOTOR,HONDA,CB 200
1043/17603-022,ARO HONDA CBX 200 0.75 YAMASIDA,2.391360675572777,0,MOTOR,HONDA,CB 200
1043/17604-022,ARO HONDA CBX 200 1.00 YAMASIDA,2.391436937435532,0,MOTOR,HONDA,CB 200
1043/17605-022,ARO HONDA CBX 200 1.25 NSU,2.395797589813156,0,MOTOR,HONDA,CB 200
1043/17606-022,ARO HONDA CBX 200 1.50 NSU,2.391480273690033,0,MOTOR,HONDA,CB 200
1043/17607-022,ARO HONDA CBX 200 1.75 NSU,2.381949295270443,0,MOTOR,HONDA,CB 200
1043/17608-022,ARO HONDA CBX 200 2.00 NSU,2.391412778810262,0,MOTOR,HONDA,CB 200
1043/17600-022,ARO HONDA CBX 200 STD YAMASIDA,2.391452824279862,0,MOTOR,HONDA,CB 200
1046/22101-071,ARO HONDA CG125 STORM 0.25 H383621 IZUMI/IKT,13.03789360008065,0,MOTOR,HONDA,CG125
1046/22102-071,ARO HONDA CG125 STORM 0.50 H383621 IZUMI/IKT,13.03789360008065,0,MOTOR,HONDA,CG125
1046/22103-071,ARO HONDA CG125 STORM 0.75 H383621 IZUMI/IKT,13.03789360008065,0,MOTOR,HONDA,CG125
1046/22104-071,ARO HONDA CG125 STORM 1.00 H383621 IZUMI/IKT,13.03789360008065,0,MOTOR,HONDA,CG125
1046/19003-071,ARO HONDA CG125 TITAN 2000/2002 0.75 HKGAB00 JPN/TP,13.52681461008368,0,MOTOR,HONDA,CG125 / TITAN
1046/19004-071,ARO HONDA CG125 TITAN 2000/2002 1.00 HKGAB00 JPN/TP,13.52681461008368,0,MOTOR,HONDA,CG125 / TITAN
1046/19013-071,ARO HONDA CG125 TODAY 0.75 HKY0305 JPN/TP,15.8899328250983,0,MOTOR,HONDA,CG125
1043/19801-022,ARO HONDA CG125(TITAN 2000) 0.25 YAMASIDA,3.351989854575921,0,MOTOR,HONDA,CG125 / TITAN
1043/19802-022,ARO HONDA CG125(TITAN 2000) 0.50 YAMASIDA,3.351989854575921,0,MOTOR,HONDA,CG125 / TITAN
1043/19803-022,ARO HONDA CG125(TITAN 2000) 0.75 YAMASIDA,3.344025199852181,0,MOTOR,HONDA,CG125 / TITAN
1043/19804-022,ARO HONDA CG125(TITAN 2000) 1.00 YAMASIDA,3.344025199852181,0,MOTOR,HONDA,CG125 / TITAN
1043/19805-022,ARO HONDA CG125(TITAN 2000) 1.25 NSU,3.344025199852181,0,MOTOR,HONDA,CG125 / TITAN
1043/19806-022,ARO HONDA CG125(TITAN 2000) 1.50 NSU,3.344025199852181,0,MOTOR,HONDA,CG125 / TITAN
1043/19800-022,ARO HONDA CG125(TITAN 2000) STD YAMASIDA,3.351717818725205,0,MOTOR,HONDA,CG125 / TITAN
1043/18101-022,ARO HONDA DAX 70 M/NUEVO 0.25 NSU,2.675694145445137,0,MOTOR,HONDA,70
1043/18102-022,ARO HONDA DAX 70 M/NUEVO 0.50 NSU,2.675694145445137,0,MOTOR,HONDA,70
1043/18104-022,ARO HONDA DAX 70 M/NUEVO 1.00 NSU,2.675694145445137,0,MOTOR,HONDA,70
1043/18100-022,ARO HONDA DAX 70 M/NUEVO STD NSU,2.679451396560602,0,MOTOR,HONDA,70
1039/06002-020,ARO HONDA ELITE 150 050 TW.,3.242752396519584,0,MOTOR,HONDA,150
1039/06003-020,ARO HONDA ELITE 150 075  TW.,3.242752396519584,0,MOTOR,HONDA,150
1039/06004-575,ARO HONDA ELITE 150 100 YAMASIDA/KIM,0,6328.30968,MOTOR,HONDA,150
1039/07001-020,ARO HONDA ELITE 50 025 TW.,3.242849716403319,0,MOTOR,HONDA,50
1039/08000-575,ARO HONDA NC 50 CC. EXPRESS  STD YAMASIDA/KIM,0,6328.30968,MOTOR,HONDA,50
1039/08001-575,ARO HONDA NC 50 CC. EXPRESS 025 YAMASIDA/KIM,0,6328.30968,MOTOR,HONDA,50
1039/08002-575,ARO HONDA NC 50 CC. EXPRESS 050 YAMASIDA/KIM,0,6328.30968,MOTOR,HONDA,50
1039/08003-575,ARO HONDA NC 50 CC. EXPRESS 075 YAMASIDA/KIM,0,6328.30968,MOTOR,HONDA,50
1039/08004-575,ARO HONDA NC 50 CC. EXPRESS 100 YAMASIDA/KIM,0,6328.30968,MOTOR,HONDA,50
1039/08005-575,ARO HONDA NC 50 CC. EXPRESS 125 YAMASIDA/KIM,0,6328.30968,MOTOR,HONDA,50
1039/08006-575,ARO HONDA NC 50 CC. EXPRESS 150 YAMASIDA/KIM,0,6328.30968,MOTOR,HONDA,50
1039/08007-575,ARO HONDA NC 50 CC. EXPRESS 175 YAMASIDA/KIM,0,6328.30968,MOTOR,HONDA,50
1039/08008-575,ARO HONDA NC 50 CC. EXPRESS 200 YAMASIDA/KIM,0,6328.30968,MOTOR,HONDA,50
1043/19023-022,ARO HONDA NX 150 0.75 YAMASIDA,2.904068419546299,0,MOTOR,HONDA,150
1043/19024-022,ARO HONDA NX 150 1.00 YAMASIDA,2.893114331001377,0,MOTOR,HONDA,150
1043/19051-022,ARO HONDA STORM 0.25 YAMASIDA,2.567879648559723,0,MOTOR,HONDA,UNIVERSAL
1043/19052-022,ARO HONDA STORM 0.50 YAMASIDA,2.565158167108555,0,MOTOR,HONDA,50
1043/19053-022,ARO HONDA STORM 0.75 YAMASIDA,2.563695308486653,0,MOTOR,HONDA,UNIVERSAL
1043/19054-022,ARO HONDA STORM 1.00 YAMASIDA,2.563695308486653,0,MOTOR,HONDA,UNIVERSAL
1043/19055-022,ARO HONDA STORM 1.25 YAMASIDA,2.56570573064804,0,MOTOR,HONDA,UNIVERSAL
1043/19050-022,ARO HONDA STORM STD YAMASIDA,2.567868828329602,0,MOTOR,HONDA,UNIVERSAL
1043/19201-022,ARO HONDA TITAN 150 0.25 YAMASIDA,2.768891556613541,0,MOTOR,HONDA,TITAN
1043/19202-022,ARO HONDA TITAN 150 0.50 YAMASIDA,2.770920936189737,0,MOTOR,HONDA,TITAN
1043/19203-022,ARO HONDA TITAN 150 0.75 YAMASIDA,2.770920936189737,0,MOTOR,HONDA,TITAN
1043/19204-022,ARO HONDA TITAN 150 1.00 YAMASIDA,2.766270971317291,0,MOTOR,HONDA,TITAN
1043/19205-022,ARO HONDA TITAN 150 1.25 NSU,2.766270971317291,0,MOTOR,HONDA,TITAN
1043/19206-022,ARO HONDA TITAN 150 1.50 NSU,2.766270971317291,0,MOTOR,HONDA,TITAN
1043/19207-022,ARO HONDA TITAN 150 1.75 NSU,2.769556813546371,0,MOTOR,HONDA,TITAN
1043/19208-022,ARO HONDA TITAN 150 2.00 NSU,2.769556813546371,0,MOTOR,HONDA,TITAN
1043/19200-022,ARO HONDA TITAN 150 STD YAMASIDA,2.770920936189737,0,MOTOR,HONDA,TITAN
1043/19001-022,ARO HONDA TITAN 2002 0.25 YAMASIDA,2.752107344113541,0,MOTOR,HONDA,TITAN
1043/19002-022,ARO HONDA TITAN 2002 0.50 YAMASIDA,2.754053909139289,0,MOTOR,HONDA,TITAN
1043/19003-022,ARO HONDA TITAN 2002 0.75 YAMASIDA,2.743435830998611,0,MOTOR,HONDA,TITAN
1043/19004-022,ARO HONDA TITAN 2002 1.00 YAMASIDA,2.75880634447546,0,MOTOR,HONDA,TITAN
1043/19005-022,ARO HONDA TITAN 2002 1.25 YAMASIDA,2.743435830998611,0,MOTOR,HONDA,TITAN
1043/19000-022,ARO HONDA TITAN 2002 STD YAMASIDA,2.754053909139289,0,MOTOR,HONDA,TITAN
1043/19100-022,ARO HONDA TITAN 99 STD YAMASIDA,4.381718141339476,0,MOTOR,HONDA,TITAN
1043/19503-022,ARO HONDA WAVE 03 52.4MM 0.75 YAMASIDA,3.569499765708344,0,MOTOR,HONDA,WAVE
1043/19505-022,ARO HONDA WAVE 03 52.4MM 1.25 YAMASIDA,3.569462767118374,0,MOTOR,HONDA,WAVE
1043/19506-022,ARO HONDA WAVE 03 52.4MM 1.50 YAMASIDA,3.569462767118374,0,MOTOR,HONDA,WAVE
1043/19507-022,ARO HONDA WAVE 03 52.4MM 1.75 YAMASIDA,3.569499765708344,0,MOTOR,HONDA,WAVE
1043/19508-022,ARO HONDA WAVE 03 52.4MM 2.00 YAMASIDA,3.567651210585363,0,MOTOR,HONDA,WAVE
1043/19500-022,ARO HONDA WAVE 03 52.4MM STD YAMASIDA,3.567544446155549,0,MOTOR,HONDA,WAVE
1043/19551-022,ARO HONDA WAVE 110S 50.00 MM 0.25 NSU,3.569464443002701,0,MOTOR,HONDA,WAVE110
1043/19552-022,ARO HONDA WAVE 110S 50.00 MM 0.50 NSU,3.569464443002701,0,MOTOR,HONDA,WAVE110
1043/19553-022,ARO HONDA WAVE 110S 50.00 MM 0.75 NSU,3.569553586848451,0,MOTOR,HONDA,WAVE110
1043/19554-022,ARO HONDA WAVE 110S 50.00 MM 1.00 NSU,3.569553586848451,0,MOTOR,HONDA,WAVE110
1043/19550-022,ARO HONDA WAVE 110S 50.00 MM STD NSU,3.569464443002701,0,MOTOR,HONDA,WAVE110
1046/22053-071,ARO HONDA WAVE 52.40MM 0.75 HK55305 JPN/TP,15.61831004176328,0,MOTOR,HONDA,WAVE
1043/19601-022,ARO HONDA XR 125L 0.25 NSU,2.66684672400135,0,MOTOR,HONDA,XR
1043/19602-022,ARO HONDA XR 125L 0.50 NSU,2.666778614184952,0,MOTOR,HONDA,XR 50
1043/19603-022,ARO HONDA XR 125L 0.75 NSU,2.666778614184952,0,MOTOR,HONDA,XR
1043/19604-022,ARO HONDA XR 125L 1.00 NSU,2.661955072957192,0,MOTOR,HONDA,XR
1043/19600-022,ARO HONDA XR 125L STD NSU,2.66684672400135,0,MOTOR,HONDA,XR
1043/19621-022,ARO HONDA XR 200R JAPONESA 0.25 NSU,3.885220567217732,0,MOTOR,HONDA,XR
1043/19622-022,ARO HONDA XR 200R JAPONESA 0.50 NSU,3.885220567217732,0,MOTOR,HONDA,XR 50
1043/19623-022,ARO HONDA XR 200R JAPONESA 0.75 NSU,3.885220567217732,0,MOTOR,HONDA,XR
1043/19624-022,ARO HONDA XR 200R JAPONESA 1.00 NSU,3.885220567217732,0,MOTOR,HONDA,XR
1043/19620-022,ARO HONDA XR 200R JAPONESA STD NSU,3.885220567217732,0,MOTOR,HONDA,XR
1043/19851-022,ARO HONDA XR 250 TORNADO 0.25 NSU,4.743566870321933,0,MOTOR,HONDA,XR 250
1043/19852-022,ARO HONDA XR 250 TORNADO 0.50 NSU,4.743566870321933,0,MOTOR,HONDA,XR 250
1043/19853-022,ARO HONDA XR 250 TORNADO 0.75 NSU,4.743291960000001,0,MOTOR,HONDA,XR 250
1043/19854-022,ARO HONDA XR 250 TORNADO 1.00 NSU,4.743291960000001,0,MOTOR,HONDA,XR 250
1043/19850-022,ARO HONDA XR 250 TORNADO STD NSU,4.743155771586056,0,MOTOR,HONDA,XR 250
1046/19603-071,ARO HONDA XR100 0.75 H418005 JPN/TP,14.23303384675472,0,MOTOR,HONDA,XR
1043/19901-022,ARO KAWASAKI KASER 0.25 YAMASIDA,4.380231360436736,0,MOTOR,KAWASAKI,UNIVERSAL
1046/19811-071,ARO KAWASAKI NEO MAX 0.25 H53 JPN/TP,17.76413003010989,0,MOTOR,KAWASAKI,UNIVERSAL
1627/00110-128,ARO LLANTA 14 X 1.6 C/LABIO .,14.59281858921593,0,MOTOR,,UNIVERSAL
1627/00110-150,ARO LLANTA 14 X 1.6 C/LABIO CROMOFORTE,28.01137727658177,0,MOTOR,,UNIVERSAL
1627/00110-143,ARO LLANTA 14 X 1.6 C/LABIO MAHLI,14.59279039494636,0,MOTOR,,UNIVERSAL
1627/00115-128,ARO LLANTA 14 X 1.85 C/LABIO .,17.83507561980057,0,MOTOR,,UNIVERSAL
1627/00119-038,ARO LLANTA 15 X 300 S/LABIO NSU,50.90210959698149,0,MOTOR,,NS 300
1627/00120-038,ARO LLANTA 16 X 1.6 C/LABIO NSU,47.04596049970829,0,MOTOR,,UNIVERSAL
1627/00135-038,ARO LLANTA 16 X 2.75 S/LABIO NSU,62.58188820611125,0,MOTOR,,UNIVERSAL
1627/00137-038,ARO LLANTA 16 X 3.00 S/LABIO NSU,52.63949234717816,0,MOTOR,,UNIVERSAL
1627/00150-128,ARO LLANTA 17 X 1.4 C/LABIO .,15.45145367773977,0,MOTOR,,UNIVERSAL
1627/00160-143,ARO LLANTA 17 X 1.6 C/LABIO MAHLI,15.2941661303314,0,MOTOR,,UNIVERSAL
1627/00151-518,ARO LLANTA 17 X 140 C/LABIO R33,0,43832.52225000001,MOTOR,,UNIVERSAL
1627/00165-518,ARO LLANTA 17 X 185 C/LABIO R33,0,51549.516018,MOTOR,,UNIVERSAL
1627/00170-038,ARO LLANTA 17 X 2.15 S/LABIO NSU,26.56007713215981,0,MOTOR,,UNIVERSAL
1627/00180-128,ARO LLANTA 18 X 1.6 C/LABIO .,14.90744859519098,0,MOTOR,,UNIVERSAL
1627/00180-143,ARO LLANTA 18 X 1.6 C/LABIO MAHLI,14.90717982199081,0,MOTOR,,UNIVERSAL
1627/00178-518,ARO LLANTA 18 X 140 C/LABIO R33,0,46639.08760500001,MOTOR,,UNIVERSAL
1627/00200-128,ARO LLANTA 18 X 2.15 S/LABIO .,18.45287548804894,0,MOTOR,,UNIVERSAL
1627/00230-518,ARO LLANTA 19 X 140 C/LABIO R33,0,49979.89566900001,MOTOR,,UNIVERSAL
1627/00240-150,ARO LLANTA 19 X 185 C/LABIO CROMOFORTE,37.35979631929756,0,MOTOR,,UNIVERSAL
1627/00240-518,ARO LLANTA 19 X 185 C/LABIO R33,0,62286.82515,MOTOR,,UNIVERSAL
1039/01001-575,ARO MORINI 50  025 YAMASIDA/KIM,0,6328.30968,MOTOR,,50
1039/01002-575,ARO MORINI 50  050 YAMASIDA/KIM,0,6328.30968,MOTOR,,50
1039/01003-575,ARO MORINI 50  075 YAMASIDA/KIM,0,6328.30968,MOTOR,,50
1043/20301-022,ARO MOTOMEL DAKAR 200 0.25 NSU,3.51509008714551,0,MOTOR,MOTOMEL,NS 200
1043/20302-022,ARO MOTOMEL DAKAR 200 0.50 NSU,3.51509008714551,0,MOTOR,MOTOMEL,NS 200
1043/20303-022,ARO MOTOMEL DAKAR 200 0.75 NSU,3.518503697390899,0,MOTOR,MOTOMEL,NS 200
1043/20304-022,ARO MOTOMEL DAKAR 200 1.00 NSU,3.51289401852293,0,MOTOR,MOTOMEL,NS 200
1043/20300-022,ARO MOTOMEL DAKAR 200 STD NSU,3.51509008714551,0,MOTOR,MOTOMEL,NS 200
1043/20801-022,ARO MOTOMEL MOTARD 200 0.25 NSU,3.61665918322792,0,MOTOR,MOTOMEL,NS 200
1043/20802-022,ARO MOTOMEL MOTARD 200 0.50 NSU,3.61665918322792,0,MOTOR,MOTOMEL,NS 200
1043/20803-022,ARO MOTOMEL MOTARD 200 0.75 NSU,3.617861454905891,0,MOTOR,MOTOMEL,NS 200
1043/20804-022,ARO MOTOMEL MOTARD 200 1.00 NSU,3.61665918322792,0,MOTOR,MOTOMEL,NS 200
1043/20800-022,ARO MOTOMEL MOTARD 200 STD NSU,3.617861454905891,0,MOTOR,MOTOMEL,NS 200
1043/20822-022,ARO MOTOMEL SR 200R 0.50 NSU,4.880952437867061,0,MOTOR,MOTOMEL,50
1043/20823-022,ARO MOTOMEL SR 200R 0.75 NSU,4.883294648835587,0,MOTOR,MOTOMEL,UNIVERSAL
1043/20824-022,ARO MOTOMEL SR 200R 1.00 NSU,4.883294648835587,0,MOTOR,MOTOMEL,UNIVERSAL
1043/20820-022,ARO MOTOMEL SR 200R STD NSU,4.880952437867061,0,MOTOR,MOTOMEL,UNIVERSAL
1043/20831-022,ARO SCOOTER 150 CC 0.25 NSU,2.301246028275118,0,MOTOR,,NS 150
1043/20832-022,ARO SCOOTER 150 CC 0.50 NSU,2.301246028275118,0,MOTOR,,NS 150
1043/20833-022,ARO SCOOTER 150 CC 0.75 NSU,2.301246028275118,0,MOTOR,,NS 150
1043/20834-022,ARO SCOOTER 150 CC 1.00 NSU,2.301246028275118,0,MOTOR,,NS 150
1043/20830-022,ARO SCOOTER 150 CC STD NSU,2.301246028275118,0,MOTOR,,NS 150
1039/11001-022,ARO SUZUKI AX 100 025  NSU,2.275957610381985,0,MOTOR,SUZUKI,100
1039/11001-575,ARO SUZUKI AX 100 025  YAMASIDA/KIM,0,6328.30968,MOTOR,SUZUKI,100
1039/11002-022,ARO SUZUKI AX 100 050 NSU,2.28205133513546,0,MOTOR,SUZUKI,100
1039/11002-575,ARO SUZUKI AX 100 050 YAMASIDA/KIM,0,6328.30968,MOTOR,SUZUKI,100
1039/11003-022,ARO SUZUKI AX 100 075 NSU,2.274780224990272,0,MOTOR,SUZUKI,100
1039/11003-575,ARO SUZUKI AX 100 075 YAMASIDA/KIM,0,6328.30968,MOTOR,SUZUKI,100
1039/11005-022,ARO SUZUKI AX 100 1.25 NSU NSU,2.272925426006985,0,MOTOR,SUZUKI,100
1039/11006-022,ARO SUZUKI AX 100 1.50 NSU NSU,2.275957610381985,0,MOTOR,SUZUKI,100
1039/11004-022,ARO SUZUKI AX 100 100 NSU,2.275957610381985,0,MOTOR,SUZUKI,100
1039/11004-575,ARO SUZUKI AX 100 100 YAMASIDA/KIM,0,6328.30968,MOTOR,SUZUKI,100
1039/11000-022,ARO SUZUKI AX 100 STD NSU,2.28205133513546,0,MOTOR,SUZUKI,100
1039/11000-575,ARO SUZUKI AX 100 STD YAMASIDA/KIM,0,6328.30968,MOTOR,SUZUKI,100
1046/22041-071,ARO SUZUKI DR125 0.25 S014100 JPN/TP,16.62331434010284,0,MOTOR,SUZUKI,UNIVERSAL
1046/22042-071,ARO SUZUKI DR125 0.50 S014100 JPN/TP,16.62331434010284,0,MOTOR,SUZUKI,50
1046/22043-071,ARO SUZUKI DR125 0.75 S014100 JPN/TP,16.62331434010284,0,MOTOR,SUZUKI,UNIVERSAL
1046/22044-071,ARO SUZUKI DR125 1.00 S014100 JPN/TP,15.21087586676076,0,MOTOR,SUZUKI,UNIVERSAL
1046/22040-071,ARO SUZUKI DR125 STD S014100 JPN/TP,16.62331434010284,0,MOTOR,SUZUKI,UNIVERSAL
1043/20851-022,ARO SUZUKI EN125 0.25 NSU,3.775274179913521,0,MOTOR,SUZUKI,EN125
1043/20852-022,ARO SUZUKI EN125 0.50 NSU,3.77341852279373,0,MOTOR,SUZUKI,EN125
1043/20853-022,ARO SUZUKI EN125 0.75 NSU,3.775102003625284,0,MOTOR,SUZUKI,EN125
1043/20854-022,ARO SUZUKI EN125 1.00 NSU,3.775102003625284,0,MOTOR,SUZUKI,EN125
1043/20850-022,ARO SUZUKI EN125 STD NSU,3.775274179913521,0,MOTOR,SUZUKI,EN125
1046/16001-071,ARO SUZUKI FD/FX/SJ 110CC. 0.25 523F000 JPN/TP,19.0950816684515,0,MOTOR,SUZUKI,UNIVERSAL
1046/16000-071,ARO SUZUKI FD/FX/SJ 110CC. STD 523F000 JPN/TP,19.0950816684515,0,MOTOR,SUZUKI,UNIVERSAL
1039/12001-020,ARO SUZUKI FZ 50 CC. Y RB 50 CC 025 TW.,1.814959034920727,0,MOTOR,SUZUKI / YAMAHA,FZ 50
1043/21001-022,ARO YAMAHA CRYPTON 0.25 YAMASIDA,2.34080222918644,0,MOTOR,YAMAHA,CRYPTON
1043/21002-022,ARO YAMAHA CRYPTON 0.50 YAMASIDA,2.34080222918644,0,MOTOR,YAMAHA,CRYPTON
1043/21003-022,ARO YAMAHA CRYPTON 0.75 YAMASIDA,2.34080222918644,0,MOTOR,YAMAHA,CRYPTON
1043/21004-022,ARO YAMAHA CRYPTON 1.00 YAMASIDA,2.356437771937837,0,MOTOR,YAMAHA,CRYPTON
1043/21005-022,ARO YAMAHA CRYPTON 1.25 YAMASIDA,2.34080222918644,0,MOTOR,YAMAHA,CRYPTON
1043/21006-022,ARO YAMAHA CRYPTON 1.50 YAMASIDA,2.34080222918644,0,MOTOR,YAMAHA,CRYPTON
1043/21007-022,ARO YAMAHA CRYPTON 1.75 YAMASIDA,2.34080222918644,0,MOTOR,YAMAHA,CRYPTON
1043/21008-022,ARO YAMAHA CRYPTON 2.00 YAMASIDA,2.34080222918644,0,MOTOR,YAMAHA,CRYPTON
1043/21000-022,ARO YAMAHA CRYPTON STD YAMASIDA,2.356437771937837,0,MOTOR,YAMAHA,CRYPTON
1043/21301-022,ARO YAMAHA FZ16 0.25 NSU,3.291148208235598,0,MOTOR,YAMAHA,FZ16
1043/21302-022,ARO YAMAHA FZ16 0.50 NSU,3.291148208235598,0,MOTOR,YAMAHA,FZ16
1043/21303-022,ARO YAMAHA FZ16 0.75 NSU,3.291148208235598,0,MOTOR,YAMAHA,FZ16
1043/21304-022,ARO YAMAHA FZ16 1.00 NSU,3.291148208235598,0,MOTOR,YAMAHA,FZ16
1043/21305-022,ARO YAMAHA FZ16 1.25 NSU,3.287961043286133,0,MOTOR,YAMAHA,FZ16
1043/21306-022,ARO YAMAHA FZ16 1.50 NSU,3.287961043286133,0,MOTOR,YAMAHA,FZ16
1043/21300-022,ARO YAMAHA FZ16 STD NSU,3.291167073863239,0,MOTOR,YAMAHA,FZ16
1043/21101-022,ARO YAMAHA NEW CRYPTON 0.25 NSU,2.347358345344734,0,MOTOR,YAMAHA,CRYPTON
1043/21102-022,ARO YAMAHA NEW CRYPTON 0.50 NSU,2.347358345344734,0,MOTOR,YAMAHA,CRYPTON
1043/21103-022,ARO YAMAHA NEW CRYPTON 0.75 NSU,2.34080222918644,0,MOTOR,YAMAHA,CRYPTON
1043/21104-022,ARO YAMAHA NEW CRYPTON 1.00 NSU,2.34080222918644,0,MOTOR,YAMAHA,CRYPTON
1043/21100-022,ARO YAMAHA NEW CRYPTON STD NSU,2.347358345344734,0,MOTOR,YAMAHA,CRYPTON
1043/22003-022,ARO YAMAHA V80 0.75 YAMASIDA,3.145947283969124,0,MOTOR,YAMAHA,UNIVERSAL
1043/22031-022,ARO YAMAHA YBR125 0.25 YAMASIDA,3.149557501235676,0,MOTOR,YAMAHA,YBR125
1043/22031-575,ARO YAMAHA YBR125 0.25 YAMASIDA/KIM,0,10433.879973,MOTOR,YAMAHA,YBR125
1043/22032-022,ARO YAMAHA YBR125 0.50 YAMASIDA,3.149557501235676,0,MOTOR,YAMAHA,YBR125
1043/22032-575,ARO YAMAHA YBR125 0.50 YAMASIDA/KIM,0,10433.879973,MOTOR,YAMAHA,YBR125
1043/22033-022,ARO YAMAHA YBR125 0.75 YAMASIDA,3.149557501235676,0,MOTOR,YAMAHA,YBR125
1043/22033-575,ARO YAMAHA YBR125 0.75 YAMASIDA/KIM,0,10433.879973,MOTOR,YAMAHA,YBR125
1043/22034-022,ARO YAMAHA YBR125 1.00 YAMASIDA,3.149557501235676,0,MOTOR,YAMAHA,YBR125
1043/22034-575,ARO YAMAHA YBR125 1.00 YAMASIDA/KIM,0,10433.879973,MOTOR,YAMAHA,YBR125
1043/22035-022,ARO YAMAHA YBR125 1.25 YAMASIDA,3.147003054107666,0,MOTOR,YAMAHA,YBR125
1043/22036-022,ARO YAMAHA YBR125 1.50 YAMASIDA NSU,3.146138598460007,0,MOTOR,YAMAHA,YBR125
1043/22037-022,ARO YAMAHA YBR125 1.75 YAMASIDA NSU,3.147003054107666,0,MOTOR,YAMAHA,YBR125
1043/22038-022,ARO YAMAHA YBR125 2.00 YAMASIDA NSU,3.147003054107666,0,MOTOR,YAMAHA,YBR125
1043/22030-022,ARO YAMAHA YBR125 STD DIAM.54 YAMASIDA,3.145966584449387,0,MOTOR,YAMAHA,YBR125
1043/22030-575,ARO YAMAHA YBR125 STD DIAM.54 YAMASIDA/KIM,0,10433.879973,MOTOR,YAMAHA,YBR125
1039/13001-022,ARO ZANELLA  90 51.25 MM. 025 YAMASIDA,2.861044990300966,0,MOTOR,ZANELLA,90
1039/13002-022,ARO ZANELLA  90 51.50 MM. 050 YAMASIDA,2.861044990300966,0,MOTOR,ZANELLA,90
1039/13003-022,ARO ZANELLA  90 51.75 MM. 075 YAMASIDA,2.861044990300966,0,MOTOR,ZANELLA,90
1039/13004-022,ARO ZANELLA  90 52 MM. 100 YAMASIDA,2.861044990300966,0,MOTOR,ZANELLA,90
1039/15000-575,ARO ZANELLA DUE SOL 50  STD  YAMASIDA/KIM,0,6328.30968,MOTOR,ZANELLA,DUE / SOL 50
1039/15001-575,ARO ZANELLA DUE SOL 50 025 YAMASIDA/KIM,0,6328.30968,MOTOR,ZANELLA,DUE / SOL 50
1039/15002-575,ARO ZANELLA DUE SOL 50 050 YAMASIDA/KIM,0,6328.30968,MOTOR,ZANELLA,DUE / SOL 50
1039/15003-575,ARO ZANELLA DUE SOL 50 075 YAMASIDA/KIM,0,6328.30968,MOTOR,ZANELLA,DUE / SOL 50
1039/15004-575,ARO ZANELLA DUE SOL 50 100 YAMASIDA/KIM,0,6328.30968,MOTOR,ZANELLA,DUE / SOL 50
1039/15005-575,ARO ZANELLA DUE SOL 50 125 YAMASIDA/KIM,0,6328.30968,MOTOR,ZANELLA,DUE 50
1039/15006-575,ARO ZANELLA DUE SOL 50 150 YAMASIDA/KIM,0,6328.30968,MOTOR,ZANELLA,DUE 50
1039/15007-575,ARO ZANELLA DUE SOL 50 175 YAMASIDA/KIM,0,6328.30968,MOTOR,ZANELLA,DUE / SOL 50
1039/15008-575,ARO ZANELLA DUE SOL 50 200 YAMASIDA/KIM,0,6328.30968,MOTOR,ZANELLA,DUE 50
1043/23001-022,ARO ZANELLA RX 150 0.25 diam.62 NSU,2.770958300763703,0,MOTOR,ZANELLA,NS 150
1043/23001-575,ARO ZANELLA RX 150 0.25 diam.62 YAMASIDA/KIM,0,10433.879973,MOTOR,ZANELLA,150
1043/23002-022,ARO ZANELLA RX 150 0.50 diam.62 NSU,2.770958300763703,0,MOTOR,ZANELLA,NS 150
1043/23002-575,ARO ZANELLA RX 150 0.50 diam.62 YAMASIDA/KIM,0,10433.879973,MOTOR,ZANELLA,150
1043/23003-138,ARO ZANELLA RX 150 0.75 diam.62 .,0.9862482978321934,0,MOTOR,ZANELLA,150
1043/23003-022,ARO ZANELLA RX 150 0.75 diam.62 NSU,2.770958300763703,0,MOTOR,ZANELLA,NS 150
1043/23003-575,ARO ZANELLA RX 150 0.75 diam.62 YAMASIDA/KIM,0,10433.879973,MOTOR,ZANELLA,150
1046/23003-071,ARO ZANELLA RX 150 0.75 IZUMI/IKT,13.9342487850862,0,MOTOR,ZANELLA,150
1043/23004-138,ARO ZANELLA RX 150 1.00 diam.62 .,0.9862482978321934,0,MOTOR,ZANELLA,150
1043/23004-022,ARO ZANELLA RX 150 1.00 diam.62 NSU,2.770958300763703,0,MOTOR,ZANELLA,NS 150
1043/23004-575,ARO ZANELLA RX 150 1.00 diam.62 YAMASIDA/KIM,0,10433.879973,MOTOR,ZANELLA,150
1043/23005-138,ARO ZANELLA RX 150 1.25 diam.62 .,0.9862482978321934,0,MOTOR,ZANELLA,150
1043/23005-022,ARO ZANELLA RX 150 1.25 diam.62 NSU,2.770958300763703,0,MOTOR,ZANELLA,NS 150
1043/23006-138,ARO ZANELLA RX 150 1.50 diam.62 .,0.9862482978321934,0,MOTOR,ZANELLA,150
1043/23006-022,ARO ZANELLA RX 150 1.50 diam.62 NSU,2.770920936189737,0,MOTOR,ZANELLA,NS 150
1043/23007-138,ARO ZANELLA RX 150 1.75 diam.62 .,0.9862482978321934,0,MOTOR,ZANELLA,150
1043/23007-022,ARO ZANELLA RX 150 1.75 diam.62 NSU,2.770958300763703,0,MOTOR,ZANELLA,NS 150
1043/23008-138,ARO ZANELLA RX 150 2.00 diam.62 .,0.9862482978321934,0,MOTOR,ZANELLA,150
1043/23008-022,ARO ZANELLA RX 150 2.00 diam.62 NSU,2.770920936189737,0,MOTOR,ZANELLA,NS 150
1043/23000-138,ARO ZANELLA RX 150 STD diam.62 .,0.9862482978321934,0,MOTOR,ZANELLA,150
1043/23000-022,ARO ZANELLA RX 150 STD diam.62 NSU,2.770920936189737,0,MOTOR,ZANELLA,NS 150
1043/23000-575,ARO ZANELLA RX 150 STD diam.62 YAMASIDA/KIM,0,10433.879973,MOTOR,ZANELLA,150
1039/16000-575,ARO ZANELLA SOL 70 /DUE 80 STD YAMASIDA/KIM,0,6328.30968,MOTOR,ZANELLA,DUE / SOL 70
1039/16001-575,ARO ZANELLA SOL 70/DUE 80 025 YAMASIDA/KIM,0,6328.30968,MOTOR,ZANELLA,DUE / SOL 70
1039/16002-575,ARO ZANELLA SOL 70/DUE 80 050 YAMASIDA/KIM,0,6328.30968,MOTOR,ZANELLA,DUE / SOL 70
1039/16003-575,ARO ZANELLA SOL 70/DUE 80 075 YAMASIDA/KIM,0,6328.30968,MOTOR,ZANELLA,DUE / SOL 70
1039/16004-575,ARO ZANELLA SOL 70/DUE 80 100 YAMASIDA/KIM,0,6328.30968,MOTOR,ZANELLA,DUE / SOL 70
1039/16005-575,ARO ZANELLA SOL 70/DUE 80 125 YAMASIDA/KIM,0,6328.30968,MOTOR,ZANELLA,DUE 125
1039/16006-575,ARO ZANELLA SOL 70/DUE 80 150 YAMASIDA/KIM,0,6328.30968,MOTOR,ZANELLA,DUE 150
1039/16007-575,ARO ZANELLA SOL 70/DUE 80 175 YAMASIDA/KIM,0,6328.30968,MOTOR,ZANELLA,DUE / SOL 70
1039/16008-575,ARO ZANELLA SOL 70/DUE 80 200 YAMASIDA/KIM,0,6328.30968,MOTOR,ZANELLA,DUE 200
1039/17000-055,ARO ZANELLA V1 V3  STD NSU,1.623105147387538,0,MOTOR,ZANELLA,UNIVERSAL
1039/17000-575,ARO ZANELLA V1 V3  STD YAMASIDA/KIM,0,6328.30968,MOTOR,ZANELLA,UNIVERSAL
1039/17001-575,ARO ZANELLA V1 V3 025 YAMASIDA/KIM,0,6328.30968,MOTOR,ZANELLA,UNIVERSAL
1039/17002-575,ARO ZANELLA V1 V3 050 YAMASIDA/KIM,0,6328.30968,MOTOR,ZANELLA,UNIVERSAL
1039/17003-575,ARO ZANELLA V1 V3 075 YAMASIDA/KIM,0,6328.30968,MOTOR,ZANELLA,UNIVERSAL
1039/17004-575,ARO ZANELLA V1 V3 100 YAMASIDA/KIM,0,6328.30968,MOTOR,ZANELLA,100
1039/17005-575,ARO ZANELLA V1 V3 125 YAMASIDA/KIM,0,6328.30968,MOTOR,ZANELLA,125
1039/17007-055,ARO ZANELLA V1 V3 175 NSU,2.382237191137243,0,MOTOR,ZANELLA,UNIVERSAL
1039/17008-575,ARO ZANELLA V1 V3 200 YAMASIDA/KIM,0,6328.30968,MOTOR,ZANELLA,200
1055/00010-038,ARRANQUE CHANCHITA HONDA CB 125T SIN FUSIBLE NSU,3.626448432227326,0,ELECTRICIDAD,HONDA,CB
1055/00020-038,ARRANQUE CHANCHITA HONDA CH 125 CON FUSIBLE NSU,4.253241988414764,0,ELECTRICIDAD,HONDA,NS 125
1055/00025-022,ARRANQUE CHANCHITA HONDA STORM NSU,3.402593590731812,0,OTROS,HONDA,UNIVERSAL
1055/00015-038,ARRANQUE CHANCHITA HONDA TITAN 150 NEW NSU,4.432325861611176,0,OTROS,HONDA,TITAN
1055/00116-038,ARRANQUE CHANCHITA YAMAHA YBR125/250 C/FUSIBLE NSU,6.830620818338013,0,ELECTRICIDAD,YAMAHA,YBR125
1069/00017-128,ASIENTO GILERA SMASH NEGRO/NEGRO .,28.36199782077106,0,OTROS,GILERA,SMASH
1069/00017-143,ASIENTO GILERA SMASH NEGRO/NEGRO MAHLI,28.36256565656251,0,OTROS,GILERA,SMASH
1069/00017-038,ASIENTO GILERA SMASH NEGRO/NEGRO NSU,28.36250086641312,0,OTROS,GILERA,SMASH
1069/00017-566,ASIENTO GILERA SMASH NEGRO/NEGRO VC,0,84828.05684100001,OTROS,GILERA,SMASH
1069/00023-150,ASIENTO HONDA BIZ 110 NEGRO 98/2004 CROMOFORTE,68.37585475900022,0,OTROS,HONDA,BIZ110
1069/00019-128,ASIENTO HONDA DAX110/MAX110/DAY110 .,29.7659469366599,0,OTROS,HONDA,UNIVERSAL
1069/00019-022,ASIENTO HONDA DAX110/MAX110/DAY110 NSU,29.74730896287632,0,OTROS,HONDA,UNIVERSAL
1069/00024-150,ASIENTO HONDA TITAN 150 NEGRO CROMOFORTE,58.42983729173471,0,OTROS,HONDA,TITAN
1069/00042-038,ASIENTO HONDA WAVE 110S NSU,27.21579300549866,0,OTROS,HONDA,WAVE110
1069/00016-038,ASIENTO HONDA WAVE NSU,24.57551745,0,OTROS,HONDA,WAVE
1069/00029-143,ASIENTO MOTOMEL SKUA/MOTARD 200 MAHLI,28.36279807849285,0,OTROS,MOTOMEL,SKUA 200
1069/00041-077,ASIENTO YAMAHA NEW CRYPTON NSU,27.59379013057503,0,OTROS,YAMAHA,CRYPTON
1069/00032-022,ASIENTO YAMAHA YBR 125 NSU,25.50415813631481,0,OTROS,YAMAHA,YBR125
1069/00105-566,ASIENTO ZANELLA ZB 110 VC,0,76131.776556,OTROS,GILERA / ZANELLA,VC 110
1272/00021-150,BAJO ASIENTO BAULERA HONDA BIZ 125 CROMOFORTE,29.75040040063431,0,ACCESORIOS,HONDA,BIZ
1272/00020-566,"BAJO ASIENTO BAULERA HONDA BIZ,TRIP,SMASH NEGRA VC",0,13004.221626,ACCESORIOS,GILERA / HONDA,SMASH
1307/00127-077,BALANCEADOR MOTOMEL MOTARD 200 NSU,11.69728882773365,0,OTROS,MOTOMEL,NS 200
1833/00067-038,BALANCIN DE VALVULA SUZUKI GIXXER 150 SET NSU,6.662348641299991,0,MOTOR,SUZUKI,GIXXER 150
1833/00140-038,BALANCIN DE VALVULAS BAJAJ ROUSER 135 SET NSU,11.09931650800427,0,MOTOR,BAJAJ,ROUSER
1833/00150-038,BALANCIN DE VALVULAS BAJAJ ROUSER 220 SET NSU,8.598062083665276,0,MOTOR,BAJAJ,ROUSER
1833/00145-038,BALANCIN DE VALVULAS BAJAJ ROUSER NS 200 NSU,16.84286463405075,0,MOTOR,BAJAJ,ROUSER
1833/00003-022,BALANCIN DE VALVULAS C110/GILERA SMASH SET 3PIEZAS NSU,2.629995460885849,0,MOTOR,GILERA,SMASH
1833/00002-038,BALANCIN DE VALVULAS GILERA SMASH xJGO. NSU,2.553055110199643,0,MOTOR,GILERA,SMASH
1833/00002-022,BALANCIN DE VALVULAS GILERA SMASH xJGO. NSU,2.553136748621864,0,MOTOR,GILERA,SMASH
1833/00130-038,BALANCIN DE VALVULAS HONDA CB 190R SET NSU,8.096891619965,0,MOTOR,HONDA,CB
1833/00015-077,BALANCIN DE VALVULAS HONDA CB150/200 NSU,5.034694107814694,0,MOTOR,HONDA,CB 200
1833/00138-038,BALANCIN DE VALVULAS HONDA CG 150 SET NSU,6.503721292697612,0,MOTOR,HONDA,CG150
1833/00020-038,BALANCIN DE VALVULAS HONDA CG125/TITAN 2000 X JGO. NSU,2.988631205552101,0,MOTOR,HONDA,CG125 / TITAN
1833/00030-038,BALANCIN DE VALVULAS HONDA CG125/TITAN2000 CONJ. NSU,6.503721292697612,0,MOTOR,HONDA,CG125 / TITAN
1833/00050-077,BALANCIN DE VALVULAS HONDA DAX 110xJGO. NSU,5.539097161223064,0,MOTOR,HONDA,UNIVERSAL
1833/00013-038,BALANCIN DE VALVULAS HONDA WAVE 110S C/RULxJGO. NSU,6.345093944095231,0,MOTOR,HONDA,WAVE110
1833/00012-022,BALANCIN DE VALVULAS HONDA WAVE NUEVA C/RUL.XJGO NSU,7.043973856778184,0,MOTOR,HONDA,WAVE
1833/00065-077,BALANCIN DE VALVULAS MOTOMEL MOTARD 2PCS NSU,3.020816464688817,0,MOTOR,MOTOMEL,UNIVERSAL
1833/00210-038,BALANCIN DE VALVULAS YAMAHA FZ 16 SET NSU,8.089994778721419,0,MOTOR,YAMAHA,FZ16
1833/00080-022,BALANCIN DE VALVULAS YAMAHA NEW CRYPTON xJGO. NSU,3.751005669422864,0,MOTOR,YAMAHA,CRYPTON
1833/00080-038,BALANCIN DE VALVULAS YAMAHA NEW CRYPTON xJGO. NSU,3.746695650309384,0,MOTOR,YAMAHA,CRYPTON
1833/00200-038,BALANCIN DE VALVULAS YAMAHA YBR 125 SET NSU,2.696664926240473,0,MOTOR,YAMAHA,YBR125
1833/00110-038,BALANCIN DE VALVULAS ZANELLA RX 150/200VARILL.SET NSU,9.038757853125,0,MOTOR,ZANELLA,NS 150
1833/00300-038,BALANCIN EJE HONDA STORM 125/RX 150 SET x 2 PIEZAS NSU,1.903528183228569,0,OTROS,HONDA,STORM 125
1833/00069-038,BALANCIN SUZUKI GN 125 SET NSU,3.489801669252377,0,OTROS,SUZUKI,NS 125
1759/00100-150,BARRAL HONDA TITAN 150 xUNIDAD CROMOFORTE,27.80582090077394,0,SUSPENSIÓN,HONDA,TITAN
1759/00062-077,"BARRAL YAMAHA YBR 125 xJGO. Ø30 x56,5 NSU",48.61758699667626,0,SUSPENSIÓN,YAMAHA,YBR125
1293/00010-566,BARRERO HONDA DAX VC,0,1329.446844,OTROS,GILERA / HONDA,UNIVERSAL
1293/00070-580,BARRERO JUKI ANT,0,19.582398,OTROS,,UNIVERSAL
1293/00120-566,BARRERO ZANELLA XX VC,0,864.046359,OTROS,GILERA / ZANELLA,UNIVERSAL
1001/00038-566,BASE EXTRAIBLE P/CAJA DELIVERY CON 2 LLAVES VC,0,28726.14294,ELECTRICIDAD,GILERA,UNIVERSAL
1625/00020-035,BASE PARA FLECHA SIGNAL LUX,0.8433781913412981,0,OTROS,,UNIVERSAL
1537/00790-156,BATEA ULTRASONIDO LIMPIEZA NSU,47.9151285308075,0,OTROS,,UNIVERSAL
1073/12150-041,BATERIA 12N18-3 s/ácido TOP LITE,178.9921017364982,0,BATERÍAS,,UNIVERSAL
1073/12180-012,BATERIA C50-N18L-A REGENT/TOUGH,68.00195025401895,0,BATERÍAS,,UNIVERSAL
1079/12060-128,BATERIA GEL 12N 5-3B .,16.75881016011921,0,BATERÍAS,,UNIVERSAL
1079/12075-128,BATERIA GEL 12N 7A-3A .,19.84378169710345,0,BATERÍAS,,UNIVERSAL
1078/12092-159,BATERIA GEL 12N 9-4B AGM .,23.25597167779026,0,BATERÍAS,,UNIVERSAL
1079/12085-128,BATERIA GEL 12N7-4B .,19.80724295769996,0,BATERÍAS,,UNIVERSAL
1079/12085-138,BATERIA GEL 12N7-4B .,20.48899050000001,0,BATERÍAS,,UNIVERSAL
1079/12090-128,BATERIA GEL 12N9-3B .,23.65559478195514,0,BATERÍAS,,UNIVERSAL
1079/12092-128,BATERIA GEL 12N9-4B .,25.62753752179871,0,BATERÍAS,,UNIVERSAL
1079/12007-128,BATERIA GEL YT6.5-3(GEL) .,17.4117797184375,0,BATERÍAS,,UNIVERSAL
1079/15000-128,BATERIA GEL YTX 12-LBS .,36.11882432041234,0,BATERÍAS,,UNIVERSAL
1078/15000-159,BATERIA GEL YTX 12-LBS AGM .,32.54981722556766,0,BATERÍAS,,UNIVERSAL
1079/15050-128,BATERIA GEL YTX 14-BS .,40.70432715726518,0,BATERÍAS,,UNIVERSAL
1078/15050-159,BATERIA GEL YTX 14-BS AGM .,40.70457396398306,0,BATERÍAS,,UNIVERSAL
1079/13010-128,BATERIA GEL YTX 4L-BS .,12.49943361586922,0,BATERÍAS,,UNIVERSAL
1079/13020-128,BATERIA GEL YTX 5L-BS .,15.64506599744991,0,BATERÍAS,,UNIVERSAL
1079/13030-128,BATERIA GEL YTX 7A-BS .,19.57796009199062,0,BATERÍAS,,UNIVERSAL
1079/13050-128,BATERIA GEL YTX 9-BS .,22.74813042547645,0,BATERÍAS,,UNIVERSAL
1079/15150-128,BATERIA GEL YTZ 10 .,20.60604588018906,0,BATERÍAS,,UNIVERSAL
1078/15150-159,BATERIA GEL YTZ 10 AGM .,20.60576690945338,0,BATERÍAS,,UNIVERSAL
1079/15100-128,BATERIA GEL YTZ 7 .,17.78718209116419,0,BATERÍAS,,UNIVERSAL
1078/15100-159,BATERIA GEL YTZ 7 AGM .,17.78741114800129,0,BATERÍAS,,UNIVERSAL
1080/00190-122,BATERIA LITIO HJB12A-FP (YB12A-A) NSU,112.6459914695855,0,BATERÍAS,,UNIVERSAL
1080/00200-122,BATERIA LITIO HJB14L-FP (12N14-3B) NSU,112.6459914695855,0,BATERÍAS,,UNIVERSAL
1080/00210-122,BATERIA LITIO HJB16L-FP (YB16L-B) NSU,144.2543393363769,0,BATERÍAS,,UNIVERSAL
1080/00110-122,BATERIA LITIO HJB7L-FP (12N 7-3B) NSU,51.79442153346015,0,BATERÍAS,,UNIVERSAL
1080/00170-122,BATERIA LITIO HJTX12-FP (YTX12-BS) NSU,98.91359439752831,0,BATERÍAS,,UNIVERSAL
1080/00180-122,BATERIA LITIO HJTX14-FP (YTX14-BS) NSU,112.6459914695855,0,BATERÍAS,,UNIVERSAL
1080/00150-122,BATERIA LITIO HJTX7A-FP (YTX 7A-BS) NSU,51.79442153346015,0,BATERÍAS,,UNIVERSAL
1080/00220-122,BATERIA LITIO HJTZ10-FP (YTZ10S) NSU,112.6459914695855,0,BATERÍAS,,UNIVERSAL
1074/12110-016,BATERIA SIN ACIDO 12N 10-3A NSU,27.945903638268,0,BATERÍAS,,UNIVERSAL
1074/12080-016,BATERIA SIN ACIDO 12N 7-3B NSU,21.844372436568,0,BATERÍAS,,UNIVERSAL
1074/12077-016,BATERIA SIN ACIDO 12N 7B-3A NSU,24.3527698113282,0,BATERÍAS,,UNIVERSAL
1074/12260-016,BATERIA SIN ACIDO YB 7B-B NSU,24.5453466063366,0,BATERÍAS,,UNIVERSAL
1073/12230-041,BATERIA YB 4L-B s/ácido TOP LITE,28.21650079291859,0,BATERÍAS,,UNIVERSAL
1073/12262-057,BATERIA YB 9-B MAHLI,30.81997260097226,0,BATERÍAS,,UNIVERSAL
1073/12270-012,BATERIA YB16AL-A2 REGENT/TOUGH,243.8683396468987,0,BATERÍAS,,UNIVERSAL
1073/12270-041,BATERIA YB16AL-A2 s/ácido TOP LITE,163.9931150165904,0,BATERÍAS,,UNIVERSAL
1272/00005-022,BAULERA APPIA VECTRA PORTA PAPELES NEGRA NSU,4.671911873362235,0,ACCESORIOS,APPIA,UNIVERSAL
1272/00580-152,BAULERA PORTAOBJETOS 28 LITROS SMART C/USB NEGRO CIRCUIT,108.6546629650925,0,ACCESORIOS,,UNIVERSAL
1272/00057-566,BAULERA PORTAOBJETOS 32 LTS. C/OJO DE GATO ROJA VC,0,24469.019784,ACCESORIOS,GILERA,UNIVERSAL
1272/00600-150,BAULERA PORTAOBJETOS 35 LITROS NEGRO MIXS CROMOFORTE,69.69774193231956,0,ACCESORIOS,,UNIVERSAL
1272/00630-150,BAULERA PORTAOBJETOS 52 LITROS GRIS MIXS CROMOFORTE,97.83088379902705,0,ACCESORIOS,,UNIVERSAL
1272/00610-150,BAULERA PORTAOBJETOS 52 LITROS NEGRO MIXS CROMOFORTE,97.83088379902705,0,ACCESORIOS,,UNIVERSAL
1272/00620-150,BAULERA PORTAOBJETOS 52 LITROS ROJO MIXS CROMOFORTE,97.83088379902705,0,ACCESORIOS,,UNIVERSAL
1272/00100-566,BAULERA PORTAOBJETOS BIG48 590X430X333 2 CASCOS VC,0,66487.33773,ACCESORIOS,GILERA,UNIVERSAL
1272/00080-566,BAULERA PORTAOBJETOS VAM30 410X300X400 1 CASCO VC,0,55943.559144,ACCESORIOS,GILERA,UNIVERSAL
1272/00090-566,BAULERA PORTAOBJETOS VAM45 530X430X333 2 CASCO NEG VC,0,66432.902976,ACCESORIOS,GILERA,UNIVERSAL
1272/00092-566,BAULERA PORTAOBJETOS VAM45 530X430X333 2CASCO BLAN VC,0,80205.366186,ACCESORIOS,GILERA,UNIVERSAL
1051/00053-038,BENDIX ARR.ELECTRICO HONDA WAVE 110S C/ENGR Z55 NSU,12.17738664844574,0,OTROS,HONDA,WAVE110
1051/00035-022,BENDIX ARR.HONDA DAX110/MAX110/DAY/FUSSION C/ROSCA NSU,5.469134687491607,0,OTROS,HONDA,UNIVERSAL
1051/00035-038,BENDIX ARR.HONDA DAX110/MAX110/DAY/FUSSION C/ROSCA NSU,5.469332948706151,0,OTROS,HONDA,UNIVERSAL
1051/00046-038,BENDIX ARR.MOTOMEL DAKAR 200 C/ENGRANAJE 57DIENTES NSU,16.55272747920685,0,OTROS,MOTOMEL,NS 200
1051/00121-038,BENDIX ARR.MOTOMEL VX150 GILERA SUPER125 NSU,9.919536540536386,0,OTROS,GILERA,UNIVERSAL
1051/00001-038,BENDIX ARRANQUE BAJAJ ROUSER NS 200 NSU,12.02734730579796,0,OTROS,BAJAJ,ROUSER
1051/00002-038,BENDIX ARRANQUE BAJAJ ROUSER NS 220 NSU,8.76278160850994,0,OTROS,BAJAJ,ROUSER
1051/00005-038,BENDIX ARRANQUE COMPLETO C/ENG. BRAVA 250 61D NSU,37.59195822699249,0,OTROS,BRAVA,NS 250
1051/00037-022,BENDIX ARRANQUE COMPLETO HONDA WAVE 41DIENTES NSU,11.66432554521195,0,OTROS,HONDA,WAVE
1051/00037-038,BENDIX ARRANQUE COMPLETO HONDA WAVE 41DIENTES NSU,11.66434889616623,0,OTROS,HONDA,WAVE
1051/00109-038,BENDIX ARRANQUE DESPIECE YAMAHA YBR125 NSU,1.476193532502365,0,OTROS,YAMAHA,YBR125
1051/00020-038,BENDIX ARRANQUE GILERA SMASH DESPIECE NSU,0.6340372221567536,0,OTROS,GILERA,SMASH
1051/00012-038,BENDIX ARRANQUE GILERA SMASH NSU,3.840523173903694,0,OTROS,GILERA,SMASH
1051/00033-038,BENDIX ARRANQUE HONDA CBX 200 NSU,13.11634253469314,0,OTROS,HONDA,CB 200
1051/00031-038,BENDIX ARRANQUE HONDA CG125 C/ENGRANAJE 57DIENTES NSU,26.68871042968814,0,OTROS,HONDA,CG125
1051/00032-038,BENDIX ARRANQUE HONDA CG125 NSU,6.243572645665742,0,OTROS,HONDA,CG125
1051/00038-038,BENDIX ARRANQUE HONDA TITAN 150 NSU,8.34896342152977,0,OTROS,HONDA,TITAN
1051/00038-022,BENDIX ARRANQUE HONDA TITAN 150 NSU,8.34886655733622,0,OTROS,HONDA,TITAN
1051/00050-038,BENDIX ARRANQUE HONDA WAVE NSU,6.243572645665742,0,OTROS,HONDA,WAVE
1051/00105-038,BENDIX ARRANQUE MOTOMEL CUSTOM/CERRO/ZANELLA150 NSU,4.774639081356011,0,OTROS,MOTOMEL,UNIVERSAL
1051/00045-038,BENDIX ARRANQUE MOTOMEL DAKAR 200 NSU,7.681046347807388,0,OTROS,MOTOMEL,NS 200
1051/00108-038,BENDIX ARRANQUE YAMAHA YBR 125 NSU,12.48714529133148,0,OTROS,YAMAHA,YBR125
1051/00100-038,BENDIX CORONA ARRANQUE ZANELLA RX150 C/ENGR.57D NSU,8.324763527554323,0,TRANSMISIÓN,ZANELLA,RX150
1051/00107-038,BENDIX DESPIECE ARRANQUE ZANELLA RX150 NSU,0.7259968192634584,0,OTROS,ZANELLA,RX150
1087/00065-128,BIELA HONDA BIZ/C-90 LUXE/CD-100 .,8.288592539135456,0,OTROS,HONDA,BIZ
1087/00065-038,BIELA HONDA BIZ/C-90 LUXE/CD-100 NSU,8.288639152808704,0,OTROS,HONDA,BIZ
1087/00047-038,BIELA HONDA BIZ-SMASH 110CC. LARGA TORTA 100MM NSU,7.0350278884449,0,OTROS,HONDA,SMASH
1087/00087-038,BIELA HONDA CBX 150/NX 150 NSU,8.254723126070022,0,OTROS,HONDA,CB 150
1087/00088-038,BIELA HONDA TITAN 2002/2006 NSU,7.152641357787322,0,OTROS,HONDA,TITAN
1087/00093-128,BIELA HONDA TITAN CG150 .,10.18834723585602,0,OTROS,HONDA,CG150 / TITAN
1087/00093-038,BIELA HONDA TITAN CG150 NSU,10.18816146723003,0,OTROS,HONDA,CG150 / TITAN
1087/00112-077,BIELA MOTOMEL DAKAR 200 / SKUA 200 MUÑON 32 NSU,9.572429588147163,0,OTROS,MOTOMEL,SKUA200
1087/00125-077,BIELA MOTOMEL DAKAR 200 VARILLERO PERNO17 MUÑON 32 NSU,10.81172707066269,0,TORNILLERÍA Y FIJACIONES,MOTOMEL,NS 200
1087/00114-128,BIELA MOTOMEL SKUA 150CC .,8.121484418160554,0,OTROS,MOTOMEL,SKUA150
1087/00122-128,BIELA MOTOMEL SKUA 200/250 .,8.564342477911262,0,OTROS,MOTOMEL,SKUA200
1087/00121-128,BIELA MOTOMEL SKUA 250/250F/XMM CON MUÑON .,9.014665834307099,0,OTROS,MOTOMEL,SKUA 250
1087/00121-038,BIELA MOTOMEL SKUA 250/250F/XMM CON MUÑON NSU,9.01449687301426,0,OTROS,MOTOMEL,NS 250
1087/00147-128,BIELA YAMAHA CRYPTON .,6.993860105660906,0,OTROS,YAMAHA,CRYPTON
1087/00147-038,BIELA YAMAHA CRYPTON NSU,6.993919591409369,0,OTROS,YAMAHA,CRYPTON
1087/00149-128,BIELA YAMAHA YBR125 .,7.56262635005333,0,OTROS,YAMAHA,YBR125
1087/00149-038,BIELA YAMAHA YBR125 NSU,7.56244570804905,0,OTROS,YAMAHA,YBR125
1087/00086-128,BIELA ZANELLA RX150/XR200 JAPON/CG 83/89 .,8.252147852976035,0,OTROS,ZANELLA,RX150
1087/00086-038,BIELA ZANELLA RX150/XR200 JAPON/CG 83/89 NSU,8.252401726744937,0,OTROS,ZANELLA,RX150
1059/00010-566,BISAGRA ASIENTO ZANELLA DUE VC,0,2991.353409,OTROS,GILERA / ZANELLA,DUE
1093/03033-667,BOBINA ALIMENTACION MOTOS 110CC 3PUNTAS 21CHAPAS PIETCARD,0,17302.597191,ELECTRICIDAD,,UNIVERSAL
1093/03002-667,BOBINA ALIMENTACION ZANELLA CICLOMOTOR SIN SENSOR PIETCARD,0,17816.473422,ELECTRICIDAD,ZANELLA,UNIVERSAL
1093/03019-667,BOBINA ALIMENTACION ZANELLAZB110/SEXY/GILERA SMASH PIETCARD,0,12271.263642,ELECTRICIDAD,GILERA,SMASH / ZB110
1093/03213-667,BOBINA DE ALTA CICLOMOTORES PLATINO PIETCARD,0,29378.644515,ELECTRICIDAD,,UNIVERSAL
1093/13224-667,BOBINA DE ALTA UNIVERSAL COMPETICION PIETCARD,0,32009.193711,ELECTRICIDAD,,UNIVERSAL
1093/13225-667,BOBINA DE ALTA UNIVERSAL COMPETICION PIETCARD,0,56995.206444,ELECTRICIDAD,,UNIVERSAL
1095/01074-623,BOBINA DE ENCENDIDO CICLOMOTOR VOL.ELECTRONICO DZE,0,14600.049849,ELECTRICIDAD,,UNIVERSAL
1095/01075-623,BOBINA DE ENCENDIDO CICLOMOTOR VOL.ELECTRONICO DZE,0,15829.898931,ELECTRICIDAD,,UNIVERSAL
1095/01130-623,BOBINA DE ENCENDIDO CICLOMOTOR VOLANTE MAGNETRON DZE,0,13904.737506,ELECTRICIDAD,,UNIVERSAL
1095/00030-591,BOBINA DE ENCENDIDO COMPET JUKI/DADALT DOBLE AISL. APOLO,0,36857.83662,ELECTRICIDAD,,UNIVERSAL
1095/00087-519,BOBINA DE ENCENDIDO GARELLI FANTI VOL.BOSCH .,0,31.402404,ELECTRICIDAD,,UNIVERSAL
1095/00115-591,BOBINA DE ENCENDIDO GILERA C50/C70/C110 APOLO,0,30353.510781,ELECTRICIDAD,GILERA,UNIVERSAL
1095/00084-591,BOBINA DE ENCENDIDO GILERA ESTILO APOLO,0,30353.510781,ELECTRICIDAD,GILERA,UNIVERSAL
1095/00123-591,BOBINA DE ENCENDIDO GILERA FU110 APOLO,0,30353.510781,ELECTRICIDAD,GILERA,UNIVERSAL
1095/00125-591,BOBINA DE ENCENDIDO GILERA FUTURA 110/LX100 APOLO,0,30353.510781,ELECTRICIDAD,GILERA,FUTURA 110
1095/00130-591,BOBINA DE ENCENDIDO GILERA QAX100PD APOLO,0,30279.35641500001,ELECTRICIDAD,GILERA,AX100
1095/00145-591,BOBINA DE ENCENDIDO GILERA SMASH APOLO,0,30353.510781,ELECTRICIDAD,GILERA,SMASH
1095/00146-591,BOBINA DE ENCENDIDO GILERA SMASH REF.TUNNING APOLO,0,36857.83662,ELECTRICIDAD,GILERA,SMASH
1095/00169-591,BOBINA DE ENCENDIDO GUERRERO G50/G70/G100 APOLO,0,30279.35641500001,ELECTRICIDAD,,UNIVERSAL
1095/00179-591,BOBINA DE ENCENDIDO HONDA BIZ 105CC. APOLO,0,30491.185428,ELECTRICIDAD,HONDA,BIZ
1095/10062-623,BOBINA DE ENCENDIDO HONDA C100 BIZ/DREAM DZE,0,11683.615284,ELECTRICIDAD,HONDA,BIZ
1095/01173-623,BOBINA DE ENCENDIDO HONDA CG125 TODAY/TITAN A CDI DZE,0,13904.737506,ELECTRICIDAD,HONDA,CG125 / TITAN
1095/00230-591,BOBINA DE ENCENDIDO HONDA NS50 APOLO,0,26879.781555,ELECTRICIDAD,HONDA,UNIVERSAL
1095/00235-591,BOBINA DE ENCENDIDO HONDA TITAN ELECTRON. APOLO,0,42895.762272,ELECTRICIDAD,HONDA,TITAN
1095/00290-591,BOBINA DE ENCENDIDO JUKI DRIBBLING ELECTRONICO C/S APOLO,0,30353.510781,ELECTRICIDAD,,UNIVERSAL
1095/00300-591,BOBINA DE ENCENDIDO JUKI DRIBBLING S/SENSOR ELECTR APOLO,0,30353.510781,ELECTRICIDAD,,UNIVERSAL
1095/01076-623,BOBINA DE ENCENDIDO JUKI DRIBBLING/DADALT MAGNETRO DZE,0,13904.737506,ELECTRICIDAD,,UNIVERSAL
1095/00340-591,BOBINA DE ENCENDIDO KAWASAKI NEO MAXPD APOLO,0,30353.510781,ELECTRICIDAD,KAWASAKI,UNIVERSAL
1095/01135-623,BOBINA DE ENCENDIDO KINETIC DX CARGO DZE,0,7376.565834000001,ELECTRICIDAD,,UNIVERSAL
1095/01154-623,BOBINA DE ENCENDIDO KINETIC PRIDE FX EXPRESS DZE,0,7231.128795,ELECTRICIDAD,,UNIVERSAL
1095/01079-623,BOBINA DE ENCENDIDO MAGISTER JC70/AX100 A CDI DZE,0,13904.737506,ELECTRICIDAD,,AX100
1095/00075-519,BOBINA DE ENCENDIDO MONOMARCHA DANSI .,0,16.749909,ELECTRICIDAD,,UNIVERSAL
1095/01210-623,BOBINA DE ENCENDIDO PGO COMET 50CC DZE,0,5718.050415,ELECTRICIDAD,,UNIVERSAL
1095/00470-591,BOBINA DE ENCENDIDO PUMITA DADALT APOLO,0,34689.718206,ELECTRICIDAD,,UNIVERSAL
1095/00480-591,BOBINA DE ENCENDIDO SIAM 125 APOLO,0,42895.762272,ELECTRICIDAD,,125
1095/00510-591,BOBINA DE ENCENDIDO SUZUKI AX 100 APOLO,0,30353.510781,ELECTRICIDAD,SUZUKI,100
1095/01144-623,BOBINA DE ENCENDIDO SUZUKI AX100 A CDI DZE,0,13904.737506,ELECTRICIDAD,SUZUKI,AX100
1095/01175-623,BOBINA DE ENCENDIDO SUZUKI TS100/125 DZE,0,5026.580064,ELECTRICIDAD,SUZUKI,125
1095/04081-623,BOBINA DE ENCENDIDO UNIV.110/125 COMPETICION A CDI DZE,0,24630.226632,ELECTRICIDAD,,110
1095/00580-591,BOBINA DE ENCENDIDO YAMAHA DT 125 ENC.ELEC. APOLO,0,30353.510781,ELECTRICIDAD,YAMAHA,125
1095/01201-623,BOBINA DE ENCENDIDO YAMAHA DT125 1994 A CDI DZE,0,13904.737506,ELECTRICIDAD,YAMAHA,UNIVERSAL
1095/00740-591,BOBINA DE ENCENDIDO ZAN. V3/DUE APOLO,0,34689.718206,ELECTRICIDAD,,UNIVERSAL
1095/00685-591,BOBINA DE ENCENDIDO ZANELLA ORIGINAL 1 SALIDA APOLO,0,54202.69572300001,ELECTRICIDAD,ZANELLA,UNIVERSAL
1095/01070-623,BOBINA DE ENCENDIDO ZANELLA V1/V2/V3 DZE,0,16631.081676,ELECTRICIDAD,ZANELLA,UNIVERSAL
1093/00010-591,BOBINA DE IGNICION 213 - 12 V ZANELLA SOL/FIRE APOLO,0,39202.951293,ELECTRICIDAD,ZANELLA,SOL
1099/10152-623,BOBINA DE IGNICION CICLOMOTOR ZANELLA VOL.MAG.ELEC DZE,0,32491.598931,ELECTRICIDAD,ZANELLA,UNIVERSAL
1093/00035-591,BOBINA DE IGNICION COMPETICION + CDI + KIT AX100 APOLO,0,121414.043124,ELECTRICIDAD,SUZUKI,AX100
1093/00030-038,BOBINA DE IGNICION DAELIM LIBERTY 50/XR 600 NSU,3.52708585018444,0,ELECTRICIDAD,,XR 50
1099/00030-591,BOBINA DE IGNICION ELECT.GARELLI-ZAN S/SENSOR 3-15 APOLO,0,55359.811584,ELECTRICIDAD,,UNIVERSAL
1099/00010-008,BOBINA DE IGNICION ELETRO  4 TERM ZAN NT/DUCATI CGC,21.53785865759652,0,ELECTRICIDAD,HONDA,CG
1099/00050-591,BOBINA DE IGNICION ELETRO CON SENSOR DUCATI 3 SAL. APOLO,0,55359.811584,ELECTRICIDAD,,UNIVERSAL
1099/00050-011,BOBINA DE IGNICION ELETRO CON SENSOR DUCATI 3 SAL. DUCATI,32.25833526507245,0,ELECTRICIDAD,,UNIVERSAL
1099/00040-591,BOBINA DE IGNICION ELETRO MAGNETRON SIN SENSOR SAL APOLO,0,54202.69572300001,ELECTRICIDAD,,UNIVERSAL
1099/00267-623,BOBINA DE IGNICION GARELLI-JUKI DRIBBLING DZE,0,32985.324306,ELECTRICIDAD,,UNIVERSAL
1093/00032-038,BOBINA DE IGNICION GILERA SMASH C/CABLE NSU,2.898962271220722,0,ELECTRICIDAD,GILERA,SMASH
1093/00070-591,BOBINA DE IGNICION H.NC50/MB-100/GUERRERO100/110 APOLO,0,36857.83662,ELECTRICIDAD,,100
1093/00260-623,"BOBINA DE IGNICION HONDA C90 ECONOP,DAX70 APLATINO DZE",0,30280.67955,ELECTRICIDAD,HONDA,C90
1093/00051-038,BOBINA DE IGNICION HONDA CB190R/XR150 L NSU,5.510315858209649,0,ELECTRICIDAD,HONDA,XR
1099/00269-623,BOBINA DE IGNICION HONDA XR250/600/CG/TRANSALP DZE,0,19669.999338,ELECTRICIDAD,HONDA,CG
1093/03225-667,BOBINA DE IGNICION MODELOS CHINOS 110/150-WAVE PIETCARD,0,19211.62617,ELECTRICIDAD,,WAVE
1093/03272-667,BOBINA DE IGNICION MODELOS CHINOS HEXAGONAL PIETCARD,0,16857.867015,ELECTRICIDAD,,UNIVERSAL
1099/10252-623,BOBINA DE IGNICION MOTOMEL BIT 2T DZE,0,15309.387423,LUBRICANTES,MOTOMEL,UNIVERSAL
1099/10073-623,BOBINA DE IGNICION MOTOMEL C100 DZE,0,10412.925435,ELECTRICIDAD,MOTOMEL,UNIVERSAL
1099/10179-623,BOBINA DE IGNICION MOTOMEL ECO70/BIT110/C100 A CDI DZE,0,12186.26937,ELECTRICIDAD,MOTOMEL,UNIVERSAL
1099/00286-623,BOBINA DE IGNICION MOTOMEL RD 175CC DZE,0,28541.78613,ELECTRICIDAD,MONDIAL / MOTOMEL,UNIVERSAL
1093/00034-591,BOBINA DE IGNICION MOTORES 4T COMP.C/LLAVEROYCAPUC APOLO,0,64217.377125,LUBRICANTES,,UNIVERSAL
1099/04053-623,BOBINA DE IGNICION SUZUKI AX 100 DZE,0,35445.032271,ELECTRICIDAD,SUZUKI,100
1093/00090-038,BOBINA DE IGNICION SUZUKI AX100 NSU,4.842398784487266,0,ELECTRICIDAD,SUZUKI,AX100
1099/04052-623,BOBINA DE IGNICION SUZUKI EN125/GN125 DZE,0,26078.245974,ELECTRICIDAD,SUZUKI,EN125 / GN125
1093/00092-591,BOBINA DE IGNICION UNIVERSAL 4 TIEMPOS APOLO,0,37849.20777,ELECTRICIDAD,,UNIVERSAL
1093/00213-623,BOBINA DE IGNICION UNIVERSAL ZANELLA SOL/FIRE(213) DZE,0,23439.934386,ELECTRICIDAD,ZANELLA,SOL
1099/00281-623,BOBINA DE IGNICION YAMAHA CY80/V80/SIGMA100 DZE,0,2635.371288,ELECTRICIDAD,YAMAHA,UNIVERSAL
1093/00120-038,BOBINA DE IGNICION YAMAHA RX100 NSU,9.959196325278413,0,ELECTRICIDAD,YAMAHA,UNIVERSAL
1093/00125-056,BOBINA DE IGNICION YAMAHA SIGMA NSU,10.487083092656,0,ELECTRICIDAD,YAMAHA,UNIVERSAL
1093/00123-591,BOBINA DE IGNICION YAMAHA XTZ125CC APOLO,0,36857.83662,ELECTRICIDAD,YAMAHA,XTZ125
1093/00129-038,BOBINA DE IGNICION YAMAHA YBR NSU,4.103115186991539,0,ELECTRICIDAD,YAMAHA,YBR
1093/00110-591,BOBINA DE IGNICION YAMAHA-KAWA GTO APOLO,0,39025.935432,ELECTRICIDAD,YAMAHA,UNIVERSAL
1093/00131-038,BOBINA DE IGNICION ZANELLA CUSTOM 150/MOTOMEL/CER NSU,3.822338472068024,0,ELECTRICIDAD,ZANELLA,NS 150
1099/00266-623,BOBINA DE IGNICION ZANELLA NEW FIRE/SOL/CARGA/ DZE,0,33822.241497,ELECTRICIDAD,ZANELLA,SOL
1099/00282-623,BOBINA DE IGNICION ZANELLA NEW FIRE/SOL/CARGA/AUTO DZE,0,34882.425468,ELECTRICIDAD,ZANELLA,SOL
1093/00128-038,BOBINA DE IGNICION ZANELLA RX 150 NSU,4.114041922566891,0,ELECTRICIDAD,ZANELLA,NS 150
1097/01078-623,BOBINA DE LUZ CICLOMOTOR VOL.DUCATI S/SENSOR DZE,0,17658.099063,ELECTRICIDAD,,UNIVERSAL
1097/01077-623,BOBINA DE LUZ CICLOMOTOR VOL.ELECTRONICO DZE DZE,0,16599.189222,ELECTRICIDAD,,UNIVERSAL
1097/01084-623,BOBINA DE LUZ DAELIM C/ARR.ELECTRICO DZE,0,13629.17259,ELECTRICIDAD,,UNIVERSAL
1097/00015-519,BOBINA DE LUZ DAELIM LIBERTY 50CC .,0,23.022549,ELECTRICIDAD,,UNIVERSAL
1097/00331-519,BOBINA DE LUZ GILERA 80 VOL.DUC. .,0,14.123241,ELECTRICIDAD,GILERA,80
1097/00032-591,BOBINA DE LUZ GILERA C50/C70/C110 APOLO,0,34689.718206,ELECTRICIDAD,GILERA,UNIVERSAL
1097/00035-591,BOBINA DE LUZ GILERA FU110 APOLO,0,34689.718206,ELECTRICIDAD,GILERA,UNIVERSAL
1097/01209-623,BOBINA DE LUZ GILERA FUTURA 110 VOLANTE ELECTRON DZE,0,18894.318795,ELECTRICIDAD,GILERA,FUTURA 110
1097/00054-591,BOBINA DE LUZ GILERA QM 100 APOLO,0,34689.718206,ELECTRICIDAD,GILERA,100
1097/00055-591,BOBINA DE LUZ GILERA SMASH APOLO,0,34689.718206,ELECTRICIDAD,GILERA,SMASH
1097/00105-591,BOBINA DE LUZ HONDA BIZ 105CC APOLO,0,35325.920718,ELECTRICIDAD,HONDA,BIZ
1097/10067-623,BOBINA DE LUZ HONDA C100 BIZ/DREAM VOL.ELECTRONICO DZE,0,20771.004474,ELECTRICIDAD,HONDA,BIZ
1097/00125-591,BOBINA DE LUZ HONDA LEAD 80 APOLO,0,34689.718206,ELECTRICIDAD,HONDA,80
1097/00170-591,BOBINA DE LUZ JUKI DRIBBLING ELECTRONICO APOLO,0,34689.718206,ELECTRICIDAD,,UNIVERSAL
1097/00180-591,BOBINA DE LUZ JUKI DRIBBLING S/SENSOR VOL.DUCATI APOLO,0,34689.718206,ELECTRICIDAD,,UNIVERSAL
1097/01204-623,BOBINA DE LUZ KAWASAKI NEO MAX DZE,0,5809.915188,ELECTRICIDAD,KAWASAKI,UNIVERSAL
1097/00230-591,BOBINA DE LUZ KAWAZAKI NEO MAX APOLO,0,34689.718206,ELECTRICIDAD,,UNIVERSAL
1097/00240-519,BOBINA DE LUZ KENIA/JIAILING/CICLOMD .,0,30.451707,ELECTRICIDAD,,UNIVERSAL
1097/01136-623,BOBINA DE LUZ KINETIC DX CARGO/SAFARI DZE,0,5327.666784000001,ELECTRICIDAD,,UNIVERSAL
1097/00175-591,"BOBINA DE LUZ MAGNETRON (BRASIL),ZANELLA SIN SENSO APOLO",0,34689.718206,ELECTRICIDAD,ZANELLA,UNIVERSAL
1097/00330-591,BOBINA DE LUZ PUMITA DA DALT APOLO,0,34689.718206,ELECTRICIDAD,,UNIVERSAL
1097/00380-591,BOBINA DE LUZ SUZUKI AX 100 APOLO,0,34689.718206,ELECTRICIDAD,SUZUKI,100
1097/01186-623,BOBINA DE LUZ SUZUKI FV100 VOL.ELECTRONICO DZE,0,6091.860555,ELECTRICIDAD,SUZUKI,UNIVERSAL
1097/01176-623,BOBINA DE LUZ SUZUKI TS100/125 A PLATINO DZE,0,17164.373688,ELECTRICIDAD,SUZUKI,125
1097/00405-591,BOBINA DE LUZ YAMAHA DT 125 APOLO,0,34689.718206,ELECTRICIDAD,YAMAHA,125
1097/00406-519,BOBINA DE LUZ YAMAHA GT80 VOL.MITS. .,0,19.945035,ELECTRICIDAD,YAMAHA,UNIVERSAL
1097/01220-623,BOBINA DE LUZ YAMAHA MINT VOLANTE ELECTRONICO DZE,0,6369.973731000001,ELECTRICIDAD,YAMAHA,UNIVERSAL
1097/01221-623,BOBINA DE LUZ YAMAHA RAZZ DZE,0,5251.120974,ELECTRICIDAD,YAMAHA,UNIVERSAL
1097/00460-519,BOBINA DE LUZ YAMAHA RX125 MITSUBISHI .,0,89.669349,ELECTRICIDAD,YAMAHA,UNIVERSAL
1097/10207-623,BOBINA DE LUZ YAMAHA RX180 6V DZE,0,2133.099441,ELECTRICIDAD,YAMAHA,UNIVERSAL
1097/00490-591,BOBINA DE LUZ ZAN. 180 APOLO,0,27980.571069,ELECTRICIDAD,,180
1097/00550-519,BOBINA DE LUZ ZAN. TM VOL.MOTOPLAT .,0,23.081355,ELECTRICIDAD,,UNIVERSAL
1097/00560-591,BOBINA DE LUZ ZAN. V3-DUE APOLO,0,34689.718206,ELECTRICIDAD,,UNIVERSAL
1097/01071-623,BOBINA DE LUZ ZANELLA A PLATINO DZE/MOTOPLAT DZE,0,3629.60433,ELECTRICIDAD,ZANELLA,UNIVERSAL
1097/01072-623,BOBINA DE LUZ ZANELLA V1/V2/V3 A PLATINO MOTOPLAT DZE,0,10170.536904,ELECTRICIDAD,ZANELLA,UNIVERSAL
1093/00075-038,BOBINA IGNICION HONDA WAVE 110 S NSU,3.368625241382446,0,ELECTRICIDAD,HONDA,WAVE110
1093/00102-038,BOBINA IGNICION YAMAHA FZ 16 C/CABLE NSU,3.436384944513702,0,ELECTRICIDAD,YAMAHA,FZ16
1103/00020-038,BOCINA 12V NSU,1.935978017284012,0,OTROS,,UNIVERSAL
1103/11756-623,BOCINA 12V. DIAMETRO 72MM DZE,0,5922.175842,OTROS,,UNIVERSAL
1107/00001-038,BOMBA ACEITE BAJAJ ROUSER 135 NSU,6.529131394576035,0,LUBRICANTES,BAJAJ,ROUSER
1107/00100-038,BOMBA ACEITE BAJAJ ROUSER NS 160 38 DIENTES NSU,8.590962361284255,0,LUBRICANTES,BAJAJ,ROUSER
1107/00110-038,BOMBA ACEITE BAJAJ ROUSER NS 200 35 DIENTES NSU,8.590962361284255,0,LUBRICANTES,BAJAJ,ROUSER
1107/00004-038,BOMBA ACEITE GILERA SMASH NSU,5.323976674598695,0,LUBRICANTES,GILERA,SMASH
1107/00007-038,BOMBA ACEITE H.TITAN 2000/MOTOMEL S2/ZAN.RX150 NSU,5.904732435081482,0,LUBRICANTES,MOTOMEL,RX150 / TITAN
1107/00007-022,BOMBA ACEITE H.TITAN 2000/MOTOMEL S2/ZAN.RX150 NSU,4.864258446691704,0,LUBRICANTES,MOTOMEL,RX150 / TITAN
1107/00012-038,BOMBA ACEITE HONDA BIZ 125 NSU,6.703370631199265,0,LUBRICANTES,HONDA,BIZ
1107/00003-022,BOMBA ACEITE HONDA BIZ/C 100/MAGIC NSU,1.9854963486969,0,LUBRICANTES,HONDA,BIZ
1107/00003-038,BOMBA ACEITE HONDA BIZ/C 100/MAGIC NSU,1.992347297946167,0,LUBRICANTES,HONDA,BIZ
1107/00090-038,BOMBA ACEITE HONDA CB190R NSU,6.243572645665742,0,LUBRICANTES,HONDA,CB
1107/00060-038,BOMBA ACEITE HONDA CG150 NSU,5.771744502703428,0,LUBRICANTES,HONDA,CG150
1107/00080-038,BOMBA ACEITE HONDA TORNADO TWISTER 250 NSU,21.1023075465912,0,LUBRICANTES,HONDA,TWISTER
1107/00013-022,BOMBA ACEITE HONDA XR 150 L NSU,7.453680259851494,0,LUBRICANTES,HONDA,XR 150
1107/00010-038,BOMBA ACEITE SUZUKI AX100 NSU,10.92893831779861,0,LUBRICANTES,SUZUKI,AX100
1107/00014-038,BOMBA ACEITE SUZUKI GIXXER 150 30D NSU,10.0284360634259,0,LUBRICANTES,SUZUKI,GIXXER 150
1107/00020-022,BOMBA ACEITE YAMAHA CRYPTON/YBR 125 NSU,5.793346644608689,0,LUBRICANTES,YAMAHA,CRYPTON / YBR125
1107/00025-022,BOMBA ACEITE YAMAHA FZ 16 NSU,8.95391418378811,0,LUBRICANTES,YAMAHA,FZ16
1107/00025-038,BOMBA ACEITE YAMAHA FZ 16 NSU,8.349182633959579,0,LUBRICANTES,YAMAHA,FZ16
1107/00070-038,BOMBA ACEITE YAMAHA YBR250 NSU,15.73058009221573,0,LUBRICANTES,YAMAHA,YBR
1107/00011-038,BOMBA ACEITE ZANELLA CUSTOM 150/MOTOMEL/MONDIAL37D NSU,4.985178158942414,0,LUBRICANTES,ZANELLA,NS 150
1107/00008-038,BOMBA ACEITE ZANELLA CUSTON 150/MOTOMEL/MONDIAL39D NSU,5.832174448083115,0,LUBRICANTES,ZANELLA,NS 150
1107/00009-022,BOMBA ACEITE ZANELLA RX150 NSU,4.501180279433442,0,LUBRICANTES,ZANELLA,RX150
1342/00008-038,BOMBA DE FRENO REPARACION GILERA SMASH NSU,0.7356767768536376,0,OTROS,GILERA,SMASH
1342/00260-038,BOMBA DE FRENO REPARACION SUZUKI EN 125 NSU,0.7356767768536376,0,OTROS,SUZUKI,NS 125
1342/00255-038,BOMBA DE FRENO REPARACION YAMAHA YBR 125 NSU,0.7356767768536376,0,OTROS,YAMAHA,YBR125
1342/00196-022,BOMBA DE FRENO TRAS. BAJAJ ROUSER NS200 NSU,9.897756635958482,0,OTROS,BAJAJ,NS200 / ROUSER
1342/00009-022,BOMBA DE FRENO TRAS. COMPLETA UNIVERSAL NSU,11.3013504865345,0,OTROS,,UNIVERSAL
1342/00011-022,BOMBA DE FRENO UNIVERSAL C/CAB.MOVIBLE DORADA NSU,11.3013504865345,0,OTROS,,UNIVERSAL
1342/00013-038,BOMBA DE FRENO UNIVERSAL TRAS.CAB./FIJA NSU,8.994103213375856,0,OTROS,,UNIVERSAL
1342/00012-022,BOMBA DE FRENO UNIVERSAL TRAS.CAB./MOVIL NSU,10.01462264838037,0,OTROS,,UNIVERSAL
1342/00012-038,BOMBA DE FRENO UNIVERSAL TRAS.CAB./MOVIL NSU,10.00911914875717,0,OTROS,,UNIVERSAL
2002/00048-049,BOMBA INYECCION UNIVERSAL 1BAR (MARELLI) NSU,51.02800495359561,0,OTROS,,UNIVERSAL
1107/00200-038,BOMBA NAFTA ZANELLA STYLER 150 NSU,10.81735260702553,0,OTROS,ZANELLA,NS 150
6010/00060-084,BOTE Z-RAY 4 300 (240x130x33CM) NSU,1004.458142622443,0,OTROS,,NS 300
1637/00300-022,BOTON BALIZA GUERRERO TRIP 110 NSU,0.9529786674460602,0,OTROS,,NS 110
1165/00205-621,BRAZO TENSOR DISTRIBUCION x 5UNID. .,0,7685.787384,OTROS,,UNIVERSAL
1537/00700-138,BRUÑIDOR DE CILINDRO PIEDRA .,20.47311030322953,0,MOTOR,,UNIVERSAL
1111/00010-533,BUJE ADMISION ZANELLA 50 INT. M/V x10unid. CICLOMEJOR,0,82.573425,OTROS,ZANELLA,50
1111/00060-621,BUJE AMORTIGUADOR GILERA SMASH x10UNID. .,0,5955.058197,SUSPENSIÓN,GILERA,SMASH
1123/00105-536,BUJE BIELETA/AMORTIGUADOR HONDA XLR125 X5 AF,0,5004.370997999999,SUSPENSIÓN,HONDA,UNIVERSAL
1111/00020-533,BUJE CARBURADOR BOCA SUPERMEDIDA x10unid. CICLOMEJOR,0,68.70501,ALIMENTACIÓN / CARBURACIÓN,,UNIVERSAL
1727/00011-514,BUJE CORONA HONDA CB250 TWISTER POLIAMIDAxJGO 4UN BRN,0,7317.446202000001,TRANSMISIÓN,HONDA,TWISTER
1123/00250-022,BUJE DE HORQUILLON 145X25X35 NSU,1.824672005748825,0,OTROS,,UNIVERSAL
1123/00065-511,BUJE DE HORQUILLON DAKAR 200 Y OTRAS (14x27x36)x2 BOTTA,0,4612.879854000001,OTROS,,200
1123/00065-515,BUJE DE HORQUILLON DAKAR 200 Y OTRAS (14x27x36)x2 BUHO,0,7064.354979,OTROS,,200
1123/00058-536,BUJE DE HORQUILLON GILERA SMASH xJGO. DIAM. 23 AF,0,2452.141593,OTROS,GILERA,SMASH
1123/00058-511,BUJE DE HORQUILLON GILERA SMASH xJGO. DIAM. 23 BOTTA,0,2861.862597,OTROS,GILERA,SMASH
1123/00058-515,BUJE DE HORQUILLON GILERA SMASH xJGO. DIAM. 23 BUHO,0,3710.648799,OTROS,GILERA,SMASH
1123/00055-511,BUJE DE HORQUILLON GILERA SMASH xJGO. DIAM. 24 BOTTA,0,2865.635982,OTROS,GILERA,SMASH
1123/00055-515,BUJE DE HORQUILLON GILERA SMASH xJGO. DIAM. 24 BUHO,0,3710.648799,OTROS,GILERA,SMASH
1123/00055-566,BUJE DE HORQUILLON GILERA SMASH xJGO. DIAM. 24 VC,0,3541.78737,OTROS,GILERA,SMASH
1123/00037-536,BUJE DE HORQUILLON HONDA CG 125/150 X4 AF,0,3002.663763,OTROS,HONDA,CG125
1123/00061-536,BUJE DE HORQUILLON HONDA CG FAN 125 X2 AF,0,2752.405029,OTROS,HONDA,CG 125
1123/00060-511,BUJE DE HORQUILLON HONDA CG TODAY xJGO. BOTTA,0,4613.859954,OTROS,HONDA,CG
1123/00060-515,BUJE DE HORQUILLON HONDA CG TODAY xJGO. BUHO,0,4401.442881000001,OTROS,HONDA,CG
1123/00035-038,BUJE DE HORQUILLON HONDA CG125 (4+2) KIT NSU,2.342517394839478,0,OTROS,HONDA,CG125
1123/00062-511,BUJE DE HORQUILLON HONDA STORM DIAM.25  x2u. BOTTA,0,3637.993986,OTROS,HONDA,UNIVERSAL
1123/00062-515,BUJE DE HORQUILLON HONDA STORM DIAM.25  x2u. BUHO,0,4818.838068,OTROS,HONDA,UNIVERSAL
1123/00063-536,BUJE DE HORQUILLON HONDA XLR/BROSS/XR200 X2 AF,0,2752.405029,OTROS,HONDA,XR
1123/00064-536,BUJE DE HORQUILLON HONDA XR 250 TORNADO X2 AF,0,2752.405029,OTROS,HONDA,XR 250
1123/00083-536,BUJE DE HORQUILLON MOTOMEL DAKAR X 2 AF,0,2752.405029,OTROS,MOTOMEL,UNIVERSAL
1123/00084-536,BUJE DE HORQUILLON MOTOMEL MOTARD 200 X2 AF,0,2752.405029,OTROS,MOTOMEL,200
1123/00056-566,BUJE DE HORQUILLON SMASH/BIZ PLASTICO SOLO VC,0,305.653986,CARROCERÍA,GILERA,SMASH
1123/00070-621,BUJE DE HORQUILLON SUZUKI AX 100 - POR JGO. .,0,4008.079746,OTROS,SUZUKI,100
1123/00040-536,BUJE DE HORQUILLON SUZUKI AX100 X2 AF,0,2752.405029,OTROS,SUZUKI,AX100
1123/00082-536,BUJE DE HORQUILLON TRAS. MOT.SKUA 150xJGO.14x24x51 AF,0,2752.405029,OTROS,,SKUA150
1123/00082-515,BUJE DE HORQUILLON TRAS. MOT.SKUA 150xJGO.14x24x51 BUHO,0,7064.354979,OTROS,,SKUA150
1123/00087-511,BUJE DE HORQUILLON TRAS. MOTOMEL SKUA 14X26 BOTTA,0,4610.517813,OTROS,MOTOMEL,UNIVERSAL
1123/00081-511,BUJE DE HORQUILLON TRAS. MOTOMEL SKUAxJGO.14x25x44 BOTTA,0,5486.197959,OTROS,MOTOMEL,UNIVERSAL
1123/00081-515,BUJE DE HORQUILLON TRAS. MOTOMEL SKUAxJGO.14x25x44 BUHO,0,7064.354979,OTROS,MOTOMEL,UNIVERSAL
1123/00078-536,BUJE DE HORQUILLON TRAS.YAMAHA YBR BRASIL xJGO. AF,0,2752.405029,OTROS,YAMAHA,YBR
1123/00078-511,BUJE DE HORQUILLON TRAS.YAMAHA YBR BRASIL xJGO. BOTTA,0,4612.879854000001,OTROS,YAMAHA,YBR
1123/00078-515,BUJE DE HORQUILLON TRAS.YAMAHA YBR BRASIL xJGO. BUHO,0,3543.022296,OTROS,YAMAHA,YBR
1123/00079-511,BUJE DE HORQUILLON TRAS.YAMAHA YBR CHINA xJGO. BOTTA,0,4613.859954,OTROS,YAMAHA,YBR
1123/00079-515,BUJE DE HORQUILLON TRAS.YAMAHA YBR CHINA xJGO. BUHO,0,3253.24593,OTROS,YAMAHA,YBR
1123/00077-515,BUJE DE HORQUILLON YAMAHA CRYPTON/SIGMA  x2u. BUHO,0,6055.106805,OTROS,YAMAHA,CRYPTON
1123/00080-566,BUJE DE HORQUILLON ZANELLA 50  V3 VC,0,164.137347,OTROS,GILERA / ZANELLA,50
1123/00086-536,BUJE DE HORQUILLON ZANELLA RX150 LARGO X 2 AF,0,2752.405029,OTROS,ZANELLA,RX150
1123/00085-621,BUJE DE HORQUILLON ZANELLA RX150 x2unid. .,0,4177.725255,OTROS,ZANELLA,RX150
1123/00090-566,BUJE DE HORQUILLON ZANELLA SOL VC,0,377.622729,OTROS,GILERA / ZANELLA,SOL
1113/00010-511,BUJE DE SUSPENSION HONDA C90-GUERRERO G50/G70JUEGO BOTTA,0,9060.612858,SUSPENSIÓN,HONDA,C90
1113/00010-515,BUJE DE SUSPENSION HONDA C90-GUERRERO G50/G70JUEGO BUHO,0,3873.698235,SUSPENSIÓN,HONDA,C90
1857/00010-019,BUJE DEL VARIADOR YAMAHA AXIS 90 TERCOM,3.784476321332528,0,OTROS,YAMAHA,90
1857/00040-019,BUJE DEL VARIADOR YAMAHA JOG  TERCOM,4.2727372727295,0,OTROS,YAMAHA,UNIVERSAL
1111/00080-621,BUJE DOBLE AMORTIGUADOR GOMA/CAÑOxJGO. .,0,1166.603229,SUSPENSIÓN,,UNIVERSAL
1123/00200-621,BUJE DOBLE PORTA CORONA GILERA SMASHx 5 UNID. .,0,7998.125652000001,TRANSMISIÓN,GILERA,SMASH
1123/00220-621,BUJE DOBLE PORTA CORONA YAMAHA YBR x 5UNID. .,0,8359.606134,TRANSMISIÓN,YAMAHA,YBR
1123/00210-621,BUJE PORTA CORONA HONDA STORM x 3UNID. .,0,8407.807452000001,TRANSMISIÓN,HONDA,UNIVERSAL
1122/00020-515,BUJE SILENT BLOCK CORONA HONDA CG 125 xJGO.(4UNID. BUHO,0,5949.246204,TRANSMISIÓN,HONDA,CG125
1122/00020-038,BUJE SILENT BLOCK CORONA HONDA CG 125 xJGO.(4UNID. NSU,1.586585853080749,0,TRANSMISIÓN,HONDA,CG125
1122/00010-511,BUJE SILENT BLOCK CORONA HONDACB250 NIGHT HAWKxJGO BOTTA,0,4746.781116,TRANSMISIÓN,HONDA,CB
1134/00315-156,BUJIA AC-A7L ROSCA LARGA 10MM (CPR8EA-9) NSU,0.7259855572959139,0,MOTOR,,UNIVERSAL
1134/00310-156,BUJIA AC-A7S ROSCA CORTA 10MM (C7HSA) NSU,0.540987027041502,0,MOTOR,,UNIVERSAL
1134/00320-156,BUJIA AC-D8L ROSCA LARGA 12MM (D8EA) NSU,0.6458932566198923,0,MOTOR,,UNIVERSAL
1134/00350-156,BUJIA AC-D8L9 12MM (DPR8EA-9) NSU,0.6458932566198923,0,MOTOR,,UNIVERSAL
1134/00380-156,BUJIA AC-L6 (BM6A) NSU,0.6775840536166763,0,MOTOR,,UNIVERSAL
1134/00210-138,BUJIA C7HSA R/CORTA 10MM (A7TC) .,0.4839895486552335,0,MOTOR,,UNIVERSAL
1134/00214-138,BUJIA CPR6EA-9 R/LARGA 10MM .,0.6788050149189949,0,MOTOR,,UNIVERSAL
1134/00215-138,BUJIA CPR8EA-9 ROSCA LARGA 10MM (B7TC) .,0.5780127551279928,0,MOTOR,,UNIVERSAL
1134/00216-138,BUJIA CR7HSA .,0.5780127551279928,0,MOTOR,,UNIVERSAL
1134/00221-138,BUJIA CR8E .,0.6788050149189949,0,MOTOR,,UNIVERSAL
1134/00218-138,BUJIA CR8EH-9S .,0.8227939574775697,0,MOTOR,,UNIVERSAL
1134/00222-138,BUJIA CR9E .,0.6788050149189949,0,MOTOR,,UNIVERSAL
1134/00220-138,BUJIA D8EA R/LARGA 12MM (D8TC) .,0.4839895486552335,0,MOTOR,,UNIVERSAL
1134/00220-156,BUJIA D8EA R/LARGA 12MM (D8TC) NSU,0.5800697400216865,0,MOTOR,,UNIVERSAL
1134/00230-138,BUJIA D8HA R/CORTA 12MM .,0.5492149666162778,0,MOTOR,,UNIVERSAL
1134/00250-138,BUJIA DPR8EA-9 R/LARGA 12MM FRIA C/RESISTOR .,0.5780127551279928,0,MOTOR,,UNIVERSAL
1131/00044-002,BUJIA NGK B7ES BRASIL NGK,2.613523864632798,0,MOTOR,,UNIVERSAL
1131/00080-002,BUJIA NGK BM6A R/CORTA 14MM MOTOSIERRA BRASIL NGK,2.468342103726654,0,MOTOR,,UNIVERSAL
1131/00081-002,BUJIA NGK BM7A R/CORTA 14MM MOTOSIERRA BRASIL NGK,2.613523864632798,0,MOTOR,,UNIVERSAL
1131/00185-002,BUJIA NGK BR8ES BRASIL NGK,2.710368515324021,0,MOTOR,,UNIVERSAL
1131/00205-002,BUJIA NGK C6HSA R/CORTA 10MM INTERMEDIA BRASIL NGK,2.661988839044266,0,MOTOR,,UNIVERSAL
1131/00210-002,BUJIA NGK C7HSA R/CORTA 10MM INTERMEDIA BRASIL NGK,2.46841710188015,0,MOTOR,,UNIVERSAL
1131/00212-002,BUJIA NGK CMR7H BRASIL NGK,4.198748399999999,0,MOTOR,,UNIVERSAL
1131/00214-002,BUJIA NGK CPR6EA-9 R/LARGA 10MM INTERM.C/RES.BRASI NGK,5.880647126634523,0,MOTOR,,UNIVERSAL
1131/00215-002,BUJIA NGK CPR8EA-9 R/LARGA 10MM INTERM.C/RES.BRASI NGK,5.807909790877535,0,MOTOR,,UNIVERSAL
1131/00223-002,BUJIA NGK CR6HSA BRASIL NGK,2.710368515324021,0,MOTOR,,UNIVERSAL
1131/00216-002,BUJIA NGK CR7HSA BRASIL NGK,2.843461249111176,0,MOTOR,,UNIVERSAL
1131/00222-002,BUJIA NGK CR9E BRASIL NGK,8.566815461218297,0,MOTOR,,UNIVERSAL
1131/00217-002,BUJIA NGK CR9EK BRASIL NGK,9.655971855666161,0,MOTOR,,UNIVERSAL
1131/00220-002,BUJIA NGK D8EA R/LARGA 12MM FRIA BRASIL NGK,2.47384711680994,0,MOTOR,,UNIVERSAL
1131/00230-002,BUJIA NGK D8HA R/CORTA 12MM FRIA BRASIL NGK,2.734608425513076,0,MOTOR,,UNIVERSAL
1131/00240-002,BUJIA NGK D9EA R/LARGA 12MM SUPER FRIA BRASIL NGK,2.616484784778671,0,MOTOR,,UNIVERSAL
1131/00245-002,BUJIA NGK DP8EA-9 BRASIL NGK,2.613523864632798,0,MOTOR,,UNIVERSAL
1131/00250-002,BUJIA NGK DPR8EA-9 R/LARGA 12MM FRIA C/RES BRASIL NGK,2.843461249111176,0,MOTOR,,UNIVERSAL
1131/00270-002,BUJIA NGK DPR8Z BRASIL NGK,4.767381742650718,0,MOTOR,,UNIVERSAL
1131/00260-002,BUJIA NGK DR8EA BRASIL NGK,3.484771535302047,0,MOTOR,,UNIVERSAL
1133/00182-024,BUJIA NGK JPN DR8EGP NGK,33.64356403979842,0,MOTOR,,UNIVERSAL
1131/00380-002,BUJIA NGK LKAR8A-9 BRASIL NGK,8.167424027394562,0,MOTOR,,UNIVERSAL
1131/00400-002,BUJIA NGK LMAR7H-9DS BRASIL NGK,4.029213627673873,0,MOTOR,,UNIVERSAL
1129/00020-005,BUJIA TORCH (BP4ES) R.LARGA .,1.338404521041625,0,MOTOR,,UNIVERSAL
1333/00013-038,BULBO DEL. EMBRAGUE ZAN.RX150/HONDA CBR QS-0208 NSU,0.4598074136271286,0,ELECTRICIDAD,HONDA,RX150
1333/00013-022,BULBO DEL. EMBRAGUE ZAN.RX150/HONDA CBR QS-0208 NSU,0.4598028445170224,0,ELECTRICIDAD,HONDA,RX150
1333/00026-038,BULBO DEL. HONDA STORM/MOTOMEL SKUA QS-0211 NSU,0.4113957589602471,0,ELECTRICIDAD,HONDA / MOTOMEL,UNIVERSAL
1333/00200-022,BULBO DELANTERO GRUESO MOTOMEL VX NSU,1.407006028026467,0,ELECTRICIDAD,MOTOMEL,UNIVERSAL
1333/00030-038,BULBO FRENO DEL. UNIVERSAL (33004) NSU,0.5566012460077285,0,ELECTRICIDAD,,UNIVERSAL
1333/00030-022,BULBO FRENO DEL. UNIVERSAL (33004) NSU,0.5566108047718621,0,ELECTRICIDAD,,UNIVERSAL
1333/00160-038,BULBO FRENO DEL.YAMAHA YBR125 NSU,0.7786188737072753,0,ELECTRICIDAD,YAMAHA,YBR125
1333/00040-038,BULBO FRENO TRAS. UNIVERSAL (32011) HS-0110 NSU,0.5259935841246414,0,ELECTRICIDAD,,UNIVERSAL
1333/00027-038,BULBO FRENO TRASERO HONDA WAVE 110S NSU,1.051987168249283,0,ELECTRICIDAD,HONDA,WAVE110
1333/00020-038,BULBO NEUTRAL HONDA CG 125/TITAN 150/MOTOMELS2x10U NSU,4.904191388215256,0,ELECTRICIDAD,HONDA,CG125 / TITAN
1333/00009-536,BULBO STOP ABIERTO CICLOMOTOR NEGRO PLASTICO AF,0,2061.826569,ELECTRICIDAD,,UNIVERSAL
1333/00008-536,BULBO STOP CERRADO CICLOMOTOR GRIS PLASTICO AF,0,2061.826569,ELECTRICIDAD,,UNIVERSAL
1333/00005-566,BULBO STOP KENIA JIALING VC,0,913.5610110000001,ELECTRICIDAD,GILERA,UNIVERSAL
1333/00012-022,BULBO STOP ZAN.RX150-SMASH FRENO A DISCO QS-0207 NSU,0.3266948981165886,0,FRENOS,,RX150 / SMASH
1333/00012-038,BULBO STOP ZAN.RX150-SMASH FRENO A DISCO QS-0207 NSU,0.3266979581250001,0,FRENOS,,RX150 / SMASH
1333/00025-022,BULBO TRASERO HONDA STORM/MOTOMEL SKUA NSU,0.2464800853144455,0,ELECTRICIDAD,HONDA / MOTOMEL,UNIVERSAL
1465/00080-022,BURBUJA DEL. BAJAJ ROUSER NS200 NSU,12.93195774770012,0,OTROS,BAJAJ,NS200 / ROUSER
1465/00107-022,BURBUJA DEL.CUPULINA HONDA STORM 125 NSU,3.375841150333071,0,OTROS,HONDA,STORM 125
1745/00005-548,CABALLETE APPIA/VECTRA HP,0,16101.582651,OTROS,,UNIVERSAL
1745/00100-566,CABALLETE BANCO ELEVADOR TRASERO UNIVERSAL NEGRO VC,0,86476.702653,OTROS,GILERA,UNIVERSAL
1745/00320-152,CABALLETE BANCO MOTOCROSS NARANJA/BLANCO KIT CIRCUIT,91.66300271728804,0,OTROS,,UNIVERSAL
1745/00300-152,CABALLETE BANCO MOTOCROSS NEGRO/BLANCO KIT CIRCUIT,91.56862153656596,0,OTROS,,UNIVERSAL
1745/00035-150,CABALLETE BCENTRAL HONDA TWISTER 250 C/GOMA Y PAS CROMOFORTE,23.2869889626174,0,OTROS,HONDA,TWISTER
1745/00008-548,CABALLETE CORVEN HUNTER 150 HP,0,40825.016793,OTROS,CORVEN,HUNTER 150
1745/00022-128,CABALLETE GILERA SMASH-BIZ-TRIP .,5.791011488985787,0,OTROS,GILERA,SMASH
1745/00022-647,CABALLETE GILERA SMASH-BIZ-TRIP JN,0,10182.474522,OTROS,GILERA,SMASH
1745/00022-566,CABALLETE GILERA SMASH-BIZ-TRIP VC,0,21158.212581,OTROS,GILERA,SMASH
1745/00029-647,CABALLETE GUERRERO TRIP JN,0,10182.474522,OTROS,,UNIVERSAL
1745/00031-128,CABALLETE HONDA CG TITAN 150 04/14 .,6.18233038732006,0,OTROS,HONDA,TITAN
1745/00031-150,CABALLETE HONDA CG TITAN 150 04/14 CROMOFORTE,14.52008329147053,0,OTROS,HONDA,TITAN
1745/00032-548,CABALLETE HONDA TWISTER CBX 250 2017/2018 HP,0,29160.71928,OTROS,HONDA,TWISTER
1745/00036-548,CABALLETE HONDA TWISTER CBX 250 HP,0,29889.747063,OTROS,HONDA,TWISTER
1745/00033-128,CABALLETE HONDA WAVE .,6.377989836487196,0,OTROS,HONDA,WAVE
1745/00033-647,CABALLETE HONDA WAVE JN,0,9103.933278,OTROS,HONDA,WAVE
1745/00045-128,CABALLETE YAMAHA CRYPTON 110 .,7.788262489575004,0,OTROS,YAMAHA,CRYPTON
1745/00060-566,CABALLETE ZANELLA DUE/SOL/FIRE VC,0,13608.453276,OTROS,GILERA / ZANELLA,DUE / SOL
1745/00065-548,CABALLETE ZANELLA RX 150 HP,0,32076.781407,OTROS,ZANELLA,150
1783/00150-022,CABEZA CILINDRO COMPLETA HONDA C100 BIZ NSU,69.27892797067128,0,MOTOR,HONDA,BIZ
1783/00170-022,CABEZA CILINDRO HONDA CG125/TODAY NSU,78.12827902106667,0,MOTOR,HONDA,CG125
1783/00141-022,CABEZA CILINDRO HONDA DAX 70/ECO 70 NSU,63.88535572537231,0,MOTOR,HONDA,70
1783/00046-022,CABEZA CILINDRO KAYAC 150/BETA BK150 NSU,118.8274296165684,0,MOTOR,BETA,NS 150
1783/00156-077,CABEZA CILINDRO MOTOMEL CUSTON 2ESCAPES CADENERO NSU,110.6519821504483,0,MOTOR,MOTOMEL,UNIVERSAL
1783/00152-022,CABEZA CILINDRO SOLA HONDA CG 150 NSU,71.14768828781891,0,MOTOR,HONDA,CG150
1783/00143-077,CABEZA CILINDRO SOLA HONDA DAX 110/ MAX 110/ DAY NSU,55.27574040213129,0,MOTOR,HONDA,NS 110
1783/00158-022,CABEZA CILINDRO YAMAHA CRYPTON NSU,194.3696035231307,0,MOTOR,YAMAHA,CRYPTON
1783/00172-022,CABEZA CILINDRO ZANELLA RX150/MOTOMELS2 DIAM.62 NSU,80.70768782793046,0,MOTOR,ZANELLA,RX150
1763/00027-077,CABEZAL SUPERIOR HONDA DAX110/MAX110/DAY110 NSU,13.55197155981506,0,OTROS,HONDA,UNIVERSAL
1763/00035-077,CABEZAL SUPERIOR MOTOMEL SKUA NSU,22.61238093065918,0,OTROS,MOTOMEL,UNIVERSAL
1763/00045-077,CABEZAL SUPERIOR ZANELLA CUSTOM 150/CERRO 150 NSU,20.67848735740692,0,OTROS,ZANELLA,NS 150
1763/00050-077,CABEZAL SUPERIOR ZANELLA RX 150 NSU,16.25264879391129,0,OTROS,ZANELLA,NS 150
1135/00056-511,CABLE ACELERADOR APPIA CITY PLUS BOTTA,0,3949.871607,OTROS,APPIA,UNIVERSAL
1135/00045-511,CABLE ACELERADOR APPIA VECTRA BOTTA,0,3414.413574,OTROS,APPIA,UNIVERSAL
1135/00002-511,CABLE ACELERADOR BAJAJ NS 200 BOTTA,0,8197.615206,OTROS,BAJAJ,NS 200
1135/00008-511,CABLE ACELERADOR BETA TR200/MOTARD BOTTA,0,6777.78354,OTROS,BETA,UNIVERSAL
1135/00030-511,CABLE ACELERADOR CICLO UNIVERSAL BOTTA,0,1289.429361,OTROS,,UNIVERSAL
1135/00057-511,CABLE ACELERADOR GILERA GLA 110 BOTTA,0,4446.380466000001,OTROS,GILERA,110
1135/00055-511,CABLE ACELERADOR GILERA SMASH BOTTA,0,4777.105410000001,OTROS,GILERA,SMASH
1135/00072-511,CABLE ACELERADOR GUERRERO GMX150 BOTTA,0,8064.880263,OTROS,,UNIVERSAL
1135/00058-511,CABLE ACELERADOR GUERRERO GXL 125 BOTTA,0,4976.153919,OTROS,,125
1135/00091-511,CABLE ACELERADOR HONDA BIZ 125 BOTTA,0,4372.853364000001,OTROS,HONDA,BIZ
1135/00090-128,CABLE ACELERADOR HONDA BIZ C 100 .,1.014203553902092,0,OTROS,HONDA,BIZ
1135/00090-511,CABLE ACELERADOR HONDA BIZ C 100 BOTTA,0,4028.073786,OTROS,HONDA,BIZ
1135/00092-511,CABLE ACELERADOR HONDA BROSS TRENZADO BOTTA,0,4797.716913,OTROS,HONDA,UNIVERSAL
1135/00122-511,CABLE ACELERADOR HONDA CB 125 TWISTER BOTTA,0,5000.087961,OTROS,HONDA,TWISTER 125
1135/00118-511,CABLE ACELERADOR HONDA CB 190 R RET AyB DOBLE BOTTA,0,14262.51321,OTROS,HONDA,CB
1135/00550-511,CABLE ACELERADOR HONDA CBX 250 A TWISTER BOTTA,0,6259.790889000001,OTROS,HONDA,TWISTER
1135/00555-128,CABLE ACELERADOR HONDA CBX 250 B TWISTER .,1.492034397256851,0,OTROS,HONDA,TWISTER
1135/00555-511,CABLE ACELERADOR HONDA CBX 250 B TWISTER BOTTA,0,5284.787409,OTROS,HONDA,TWISTER
1135/00145-511,CABLE ACELERADOR HONDA CG 125 FAN BOTTA,0,5064.627546,OTROS,HONDA,CG125
1135/00146-511,CABLE ACELERADOR HONDA CG 150 BOTTA,0,4507.019252999999,OTROS,HONDA,CG150
1135/00185-077,CABLE ACELERADOR HONDA DAX110/MAX110/DAY110/FUSION NSU,0.9316830547657012,0,OTROS,HONDA,UNIVERSAL
1135/00205-128,CABLE ACELERADOR HONDA STORM .,1.17393828447876,0,OTROS,HONDA,UNIVERSAL
1135/00205-511,CABLE ACELERADOR HONDA STORM BOTTA,0,4578.076503,OTROS,HONDA,UNIVERSAL
1135/00260-128,CABLE ACELERADOR HONDA XR 250 TORNADO .,1.329668000653982,0,OTROS,HONDA,XR 250
1135/00260-511,CABLE ACELERADOR HONDA XR 250 TORNADO BOTTA,0,5305.340106000001,OTROS,HONDA,XR 250
1135/00347-511,CABLE ACELERADOR MOTOMEL CG150 BOTTA,0,4367.364804,OTROS,HONDA / MOTOMEL,CG150
1135/00042-128,CABLE ACELERADOR MOTOMEL DAKAR 200 .,1.320327986182251,0,OTROS,MOTOMEL,200
1135/00042-511,CABLE ACELERADOR MOTOMEL DAKAR 200 BOTTA,0,5065.754661,OTROS,MOTOMEL,200
1135/00342-511,CABLE ACELERADOR MOTOMEL EXPLORA 250 BOTTA,0,4860.306098999999,OTROS,MOTOMEL,250
1135/00346-511,CABLE ACELERADOR MOTOMEL SKUA 150 BOTTA,0,4564.276695,OTROS,MOTOMEL,SKUA150
1135/00353-077,CABLE ACELERADOR MOTOMEL SKUA 150 C/BOMBA NSU,1.748902191374474,0,OTROS,MOTOMEL,SKUA150
1135/00346-077,CABLE ACELERADOR MOTOMEL SKUA 150 NSU,0.9316830547657012,0,OTROS,MOTOMEL,SKUA150
1135/00352-511,CABLE ACELERADOR MOTOMEL SKUA 250 BOTTA,0,5102.645625,OTROS,MOTOMEL,SKUA 250
1135/00348-511,CABLE ACELERADOR QUEEN 150 BOTTA,0,4980.133125,OTROS,,150
1135/00349-511,CABLE ACELERADOR SCOOTER BOTTA,0,2488.513104,OTROS,,UNIVERSAL
1135/00380-128,CABLE ACELERADOR SUZUKI AX 100 .,1.401517538127823,0,OTROS,SUZUKI,100
1135/00382-511,CABLE ACELERADOR SUZUKI AX100 3 TRAMOS TRENZADO BOTTA,0,7085.819168999999,OTROS,SUZUKI,AX100
1135/00395-511,CABLE ACELERADOR SUZUKI EN 125 BOTTA,0,6803.805195,OTROS,SUZUKI,125
1135/00494-511,CABLE ACELERADOR YAMAHA FZ 16 2013 A BOTTA,0,6523.34958,OTROS,YAMAHA,FZ16
1135/00492-511,CABLE ACELERADOR YAMAHA FZ 16 BOTTA,0,6246.334116,OTROS,YAMAHA,FZ16
1135/00496-511,CABLE ACELERADOR YAMAHA FZ 16 FI 2013 B RETORNO BOTTA,0,6243.962274,OTROS,YAMAHA,FZ16
1135/00498-511,CABLE ACELERADOR YAMAHA FZ 16 FI BOTTA,0,6243.962274,OTROS,YAMAHA,FZ16
1135/00437-511,CABLE ACELERADOR YAMAHA NEW CRYPTON RETORNO DOBLE BOTTA,0,7417.837845,OTROS,YAMAHA,CRYPTON
1135/00491-511,CABLE ACELERADOR YAMAHA XTZ 125 BOTTA,0,6147.471429,OTROS,YAMAHA,XTZ125
1135/00499-511,CABLE ACELERADOR YAMAHA XTZ125 Y RET. AyB (DOBLE) BOTTA,0,13096.19421,OTROS,YAMAHA,XTZ125
1135/00485-511,CABLE ACELERADOR YAMAHA YBR 125 BOTTA,0,5355.883863,OTROS,YAMAHA,YBR125
1135/00489-511,CABLE ACELERADOR YAMAHA YBR 250 TRENZADO BOTTA,0,6923.916450000001,OTROS,YAMAHA,YBR
1135/00487-511,CABLE ACELERADOR YAMAHA YBR125 2012 A BOTTA,0,6243.962274,OTROS,YAMAHA,YBR125
1135/00488-511,CABLE ACELERADOR YAMAHA YBR125 2012 B TRENZADO BOTTA,0,6611.254749000001,OTROS,YAMAHA,YBR125
1135/00540-511,CABLE ACELERADOR ZANELLA BUSINESS BOTTA,0,4433.737176000001,OTROS,ZANELLA,UNIVERSAL
1135/00500-511,CABLE ACELERADOR ZANELLA NT/JR 200 BOTTA,0,2613.299436,OTROS,ZANELLA,200
1135/00515-511,CABLE ACELERADOR ZANELLA RX 150 BOTTA,0,7185.642354000001,OTROS,ZANELLA,150
1135/00516-128,CABLE ACELERADOR ZANELLA RX 150 C/BOMBA .,1.762211949299698,0,OTROS,ZANELLA,150
1135/00515-077,CABLE ACELERADOR ZANELLA RX 150 NSU,0.9716123285413742,0,OTROS,ZANELLA,NS 150
1125/00100-659,CABLE BUJIA UNIVERSAL X 5 METROS .,0,4481.272026000001,MOTOR,,UNIVERSAL
1139/00005-128,CABLE C/VUELTA GUERRERO GXL 125 .,1.297114317084046,0,OTROS,,125
1139/00012-128,CABLE C/VUELTA HONDA CG 125 .,1.621399025158024,0,OTROS,HONDA,CG125
1137/00005-511,CABLE CEBADOR APPIA VECTRA BOTTA,0,4227.573141,OTROS,APPIA,UNIVERSAL
1137/00012-077,CABLE CEBADOR GILERA SMASH NSU,0.7772898628330993,0,OTROS,GILERA,SMASH
1137/00013-077,CABLE CEBADOR GUERRERO FUTURE/MOTOMEL FUSION NSU,2.807147606572336,0,OTROS,MOTOMEL,UNIVERSAL
1137/00075-511,CABLE CEBADOR HONDA CBX 250 TWISTER BOTTA,0,6248.960784,OTROS,HONDA,TWISTER
1137/00105-128,CABLE CEBADOR HONDA WAVE .,0.9929079412217332,0,OTROS,HONDA,WAVE
1137/00180-077,CABLE CEBADOR MOTOMEL CUSTON /CERRO/ZANELLA 150 NSU,2.032805433241902,0,OTROS,MOTOMEL,NS 150
1137/00160-077,CABLE CEBADOR ZANELLA RX 150 NSU,0.9316830547657012,0,OTROS,ZANELLA,NS 150
1137/00155-079,CABLE CEBADOR ZANELLA SEXY .,1.705090691190015,0,OTROS,ZANELLA,UNIVERSAL
1137/00165-511,CABLE CEBADOR ZANELLA ZB 110 BOTTA,0,4664.844756,OTROS,ZANELLA,ZB 110
1143/00002-511,CABLE EMBRAGUE BAJAJ NS 160 BOTTA,0,6248.186505,OTROS,BAJAJ,NS 160
1143/00003-511,CABLE EMBRAGUE BAJAJ NS 200 BOTTA,0,6248.186505,OTROS,BAJAJ,NS 200
1143/00004-128,CABLE EMBRAGUE BAJAJ PULSAR 220 .,1.658395837482948,0,OTROS,BAJAJ,PULSAR
1143/00006-511,CABLE EMBRAGUE BENELLI TNT 15 BOTTA,0,6694.524044999999,OTROS,BENELLI,UNIVERSAL
1143/00008-511,CABLE EMBRAGUE BENELLI TNT 25 BOTTA,0,7363.971549,OTROS,BENELLI,UNIVERSAL
1143/00009-511,CABLE EMBRAGUE BENELLI TNT 300 BOTTA,0,7363.971549,OTROS,BENELLI,300
1143/00012-511,CABLE EMBRAGUE BETA TR 200 BOTTA,0,6694.524044999999,OTROS,BETA,200
1143/00005-511,CABLE EMBRAGUE BRAVA 150 BOTTA,0,5095.579104,OTROS,BRAVA,150
1143/00007-511,CABLE EMBRAGUE BRAVA ALTINO 150 BOTTA,0,4928.687676,OTROS,BRAVA,150
1143/00011-511,CABLE EMBRAGUE CORVEN TRIAX 250 TOURING BOTTA,0,4896.618804000001,OTROS,CORVEN,TRIAX 250
1143/00399-511,CABLE EMBRAGUE CUSTOM 150 EMB.AUTOLIBRICADO BOTTA,0,5490.618210000001,OTROS,,150
1143/00010-587,CABLE EMBRAGUE DAELIM CUSTOM 125 VICOMAND,0,268.44939,OTROS,,125
1143/00040-083,CABLE EMBRAGUE GUERRERO GD 100 NSU,1.228398669997108,0,OTROS,,100
1143/00051-511,CABLE EMBRAGUE GUERRERO GMX150 BOTTA,0,4936.352058,OTROS,,UNIVERSAL
1143/00045-128,CABLE EMBRAGUE GUERRERO GXL 125 .,1.565746525621891,0,OTROS,,125
1143/00052-511,CABLE EMBRAGUE GUERRERO TUNDRA 200 BOTTA,0,4618.280205,OTROS,,200
1143/00111-511,CABLE EMBRAGUE HONDA BROSS NXR 125 BOTTA,0,5144.486093999999,OTROS,HONDA,XR 125
1143/00088-511,CABLE EMBRAGUE HONDA CB 125 TWISTER BOTTA,0,4362.180075,OTROS,HONDA,TWISTER 125
1143/00203-511,CABLE EMBRAGUE HONDA CB 190 BOTTA,0,5531.723604000001,OTROS,HONDA,CB
1143/00089-511,CABLE EMBRAGUE HONDA CBX 250 NEW TWISTER INYECCION BOTTA,0,5532.635097,OTROS,HONDA,TWISTER
1143/00075-128,CABLE EMBRAGUE HONDA CBX 250 TWISTER .,1.711634869183846,0,OTROS,HONDA,TWISTER
1143/00100-511,CABLE EMBRAGUE HONDA CG 125 TODAY BOTTA,0,4578.076503,OTROS,HONDA,CG125
1143/00109-511,CABLE EMBRAGUE HONDA CG 150 BOTTA,0,4316.350599,OTROS,HONDA,CG150
1143/00113-511,CABLE EMBRAGUE HONDA CG TITAN 150 CON CODO BOTTA,0,4844.428479,OTROS,HONDA,TITAN
1143/00110-128,CABLE EMBRAGUE HONDA CG TITAN 2000 .,1.384214824223328,0,OTROS,HONDA,TITAN
1143/00110-511,CABLE EMBRAGUE HONDA CG TITAN 2000 BOTTA,0,4813.800354,OTROS,HONDA,TITAN
1143/00185-128,CABLE EMBRAGUE HONDA STORM .,1.645086079557724,0,OTROS,HONDA,UNIVERSAL
1143/00205-511,CABLE EMBRAGUE HONDA STORM BOTTA,0,5240.300670000001,OTROS,HONDA,UNIVERSAL
1143/00210-128,CABLE EMBRAGUE HONDA TITAN 125 .,1.39501308618021,0,OTROS,HONDA,TITAN
1143/00112-511,CABLE EMBRAGUE HONDA TORNADO 250 BOTTA,0,4757.179977000001,OTROS,HONDA,TORNADO
1143/00372-511,CABLE EMBRAGUE MOTOMEL CG200 SERIE 5 C/TEFLON BOTTA,0,5332.459473,OTROS,HONDA / MOTOMEL,CG
1143/00015-511,CABLE EMBRAGUE MOTOMEL CLIPPER/CUSTOM BOTTA,0,5254.815951,TORNILLERÍA Y FIJACIONES,MOTOMEL,UNIVERSAL
1143/00014-511,CABLE EMBRAGUE MOTOMEL CUSTOM 250 HD254A BOTTA,0,6101.465535,OTROS,MONDIAL / MOTOMEL,HD 250
1143/00017-511,CABLE EMBRAGUE MOTOMEL CUSTOM BOTTA,0,5055.512616,OTROS,MOTOMEL,UNIVERSAL
1143/00358-511,CABLE EMBRAGUE MOTOMEL CUSTOM125/CERRO/ZANELLA150 BOTTA,0,4530.600459,OTROS,MOTOMEL,UNIVERSAL
1143/00358-077,CABLE EMBRAGUE MOTOMEL CUSTOM125/CERRO/ZANELLA150 NSU,1.283060663991623,0,OTROS,MOTOMEL,UNIVERSAL
1143/00356-511,CABLE EMBRAGUE MOTOMEL DAKAR 125 BOTTA,0,4564.276695,OTROS,MOTOMEL,125
1143/00361-128,CABLE EMBRAGUE MOTOMEL DAKAR 200 .,1.496016790795212,0,OTROS,MOTOMEL,200
1143/00361-511,CABLE EMBRAGUE MOTOMEL DAKAR 200 BOTTA,0,4564.276695,OTROS,MOTOMEL,200
1143/00364-511,CABLE EMBRAGUE MOTOMEL EXPLORA 250 BOTTA,0,5054.718735,OTROS,MOTOMEL,250
1143/00371-511,CABLE EMBRAGUE MOTOMEL S2 BOTTA,0,5332.459473,OTROS,MOTOMEL,UNIVERSAL
1143/00016-511,CABLE EMBRAGUE MOTOMEL SIRIUS 200 BOTTA,0,6176.051145,OTROS,MOTOMEL,200
1143/00362-128,CABLE EMBRAGUE MOTOMEL SKUA 150 .,1.185895416149969,0,OTROS,MOTOMEL,SKUA150
1143/00362-511,CABLE EMBRAGUE MOTOMEL SKUA 150 BOTTA,0,4362.180075,OTROS,MOTOMEL,SKUA150
1143/00362-077,CABLE EMBRAGUE MOTOMEL SKUA 150 NSU,1.283060663991623,0,OTROS,MOTOMEL,SKUA150
1143/00363-511,CABLE EMBRAGUE MOTOMEL SKUA 200 BOTTA,0,4824.405036,OTROS,MOTOMEL,SKUA200
1143/00380-128,CABLE EMBRAGUE SUZUKI AX 100 .,1.353614506996021,0,OTROS,SUZUKI,100
1143/00416-511,CABLE EMBRAGUE SUZUKI AX100 AUTOLUBRICANT C/TEFLON BOTTA,0,5055.767442,LUBRICANTES,SUZUKI,AX100
1143/00415-511,CABLE EMBRAGUE SUZUKI EN 125 BOTTA,0,7499.313558,OTROS,SUZUKI,125
1143/00368-511,CABLE EMBRAGUE SUZUKI GN125 BOTTA,0,6022.812510000001,OTROS,SUZUKI,GN125
1143/00462-511,CABLE EMBRAGUE UNIVERSAL COMPLETO BOTTA,0,1669.953186,OTROS,,UNIVERSAL
1143/00463-511,CABLE EMBRAGUE UNIVERSAL REFORZADO BOTTA,0,4046.235039,OTROS,,UNIVERSAL
1143/00367-511,CABLE EMBRAGUE YAMAHA FZ16 BOTTA,0,7198.530669,OTROS,YAMAHA,FZ16
1143/00201-511,CABLE EMBRAGUE YAMAHA RX 125 LARGO BOTTA,0,3804.277752,OTROS,YAMAHA / ZANELLA,125
1143/00458-511,CABLE EMBRAGUE YAMAHA SZ 150 BOTTA,0,8104.407695999999,OTROS,YAMAHA,150
1143/00365-511,CABLE EMBRAGUE YAMAHA XTZ 125 BOTTA,0,4816.926872999999,OTROS,YAMAHA,XTZ125
1143/00366-511,CABLE EMBRAGUE YAMAHA XTZ 250 BOTTA,0,8431.133832,OTROS,YAMAHA,XTZ 250
1143/00460-511,CABLE EMBRAGUE YAMAHA YBR 125 CABEZA CHICA BOTTA,0,6012.42345,OTROS,YAMAHA,YBR125
1143/00459-511,CABLE EMBRAGUE YAMAHA YBR 250 BOTTA,0,6500.003598,OTROS,YAMAHA,YBR
1143/00461-128,CABLE EMBRAGUE YAMAHA YBR CABEZA GRANDE .,2.092041843886471,0,OTROS,YAMAHA,YBR
1143/00461-511,CABLE EMBRAGUE YAMAHA YBR CABEZA GRANDE BOTTA,0,6012.727281000001,OTROS,YAMAHA,YBR
1143/00200-511,CABLE EMBRAGUE ZANELLA RX 125 BOTTA,0,4006.491984,OTROS,ZANELLA,125
1143/00190-511,CABLE EMBRAGUE ZANELLA RX 150 BOTTA,0,4597.962732,OTROS,ZANELLA,150
1143/00190-077,CABLE EMBRAGUE ZANELLA RX 150 NSU,1.283060663991623,0,OTROS,ZANELLA,NS 150
1143/00191-083,CABLE EMBRAGUE ZANELLA RX125 M/VIEJO NSU,2.670885266618427,0,OTROS,ZANELLA,UNIVERSAL
1143/00495-511,CABLE EMBRAGUE ZANELLA ZTT 200 BOTTA,0,5114.818467,OTROS,ZANELLA,200
1145/00010-511,CABLE FRENO DEL. CICLO UNIVERSAL BOTTA,0,1511.176986,OTROS,,UNIVERSAL
1145/00020-511,CABLE FRENO DEL. DAELIM 50  BOTTA,0,3362.125239,OTROS,,50
1145/00025-128,CABLE FRENO DEL. GILERA SMASH M/N .,1.365623060698128,0,OTROS,GILERA,SMASH
1145/00025-511,CABLE FRENO DEL. GILERA SMASH M/N BOTTA,0,4597.962732,OTROS,GILERA,SMASH
1145/00026-511,CABLE FRENO DEL. GILERA SMASH REVOLUTION BOTTA,0,4530.600459,OTROS,GILERA,SMASH
1145/00275-511,CABLE FRENO DEL. HONDA BIZ 125 BOTTA,0,4721.43573,OTROS,HONDA,BIZ
1145/00610-511,CABLE FRENO DEL. HONDA BROSS 125 BOTTA,0,5518.629468,OTROS,HONDA,125
1145/00080-511,CABLE FRENO DEL. HONDA C 90 ECONO POWER DE LUJO BOTTA,0,3224.558403,OTROS,HONDA,C90
1145/00115-511,CABLE FRENO DEL. HONDA CG 125 FAN BOTTA,0,4818.240207,OTROS,HONDA,CG125
1145/00100-511,CABLE FRENO DEL. HONDA CG 125 TODAY  BOTTA,0,4398.933825,OTROS,HONDA,CG125
1145/00116-511,CABLE FRENO DEL. HONDA CG 150 BOTTA,0,4976.153919,OTROS,HONDA,CG150
1145/00135-077,CABLE FRENO DEL. HONDA DAX110/MAX110/DAY110 NSU,2.057045087947201,0,OTROS,HONDA,UNIVERSAL
1145/00215-128,CABLE FRENO DEL. HONDA STORM .,1.739972376834755,0,OTROS,HONDA,UNIVERSAL
1145/00136-128,CABLE FRENO DEL. HONDA WAVE .,1.209874653496513,0,OTROS,HONDA,WAVE
1145/00300-587,CABLE FRENO DEL. KINETIC SAFARI VICOMAND,0,155.012616,OTROS,,UNIVERSAL
1145/00303-511,CABLE FRENO DEL. MOTOMEL CG150 BOTTA,0,4318.673436,OTROS,HONDA / MOTOMEL,CG150
1145/00305-511,CABLE FRENO DEL. MOTOMEL S2 BOTTA,0,4780.947402000001,OTROS,MOTOMEL,UNIVERSAL
1145/00320-587,CABLE FRENO DEL. SUZUKI AD 60 VICOMAND,0,319.365585,OTROS,SUZUKI,UNIVERSAL
1145/00340-128,CABLE FRENO DEL. SUZUKI AX 100 .,1.297114317084046,0,OTROS,SUZUKI,100
1145/00342-511,CABLE FRENO DEL. SUZUKI AX100 C/TUERCA Y TAMBOR BOTTA,0,4564.276695,TORNILLERÍA Y FIJACIONES,SUZUKI,AX100
1145/00343-511,CABLE FRENO DEL. SUZUKI AX100 MOD. NUEVO BOTTA,0,4547.448378,OTROS,SUZUKI,AX100
1145/00463-128,CABLE FRENO DEL. YAMAHA YBR 125 .,1.59320522246747,0,OTROS,YAMAHA,YBR125
1145/00461-511,CABLE FRENO DEL. YAMAHA YBR 125 BOTTA,0,6383.254086000001,OTROS,YAMAHA,YBR125
1145/00462-511,CABLE FRENO DEL. YAMAHA YBR 125 CHINA BOTTA,0,6450.626160000001,OTROS,YAMAHA,YBR125
1145/00465-511,CABLE FRENO DEL. ZANELLA BUSSINES BOTTA,0,4462.777539000001,OTROS,ZANELLA,UNIVERSAL
1145/00510-511,CABLE FRENO DEL. ZANELLA CARGO BOTTA,0,3696.799986,OTROS,ZANELLA,UNIVERSAL
1145/00485-511,CABLE FRENO DEL. ZANELLA NEW FIRE ECONOMICO BOTTA,0,2658.491847,OTROS,ZANELLA,UNIVERSAL
1145/00570-511,CABLE FRENO DEL. ZANELLA SOL ECONOMICO BOTTA,0,2595.775248,OTROS,ZANELLA,SOL
1145/00570-587,CABLE FRENO DEL. ZANELLA SOL ECONOMICO VICOMAND,0,298.264032,OTROS,ZANELLA,SOL
1145/00580-511,CABLE FRENO DEL. ZANELLA SOL ORIGINAL BOTTA,0,3459.880413,OTROS,ZANELLA,SOL
1145/00600-511,CABLE FRENO DEL. ZANELLA ZB110 4TA.GENERACION BOTTA,0,4609.096668,LUBRICANTES,ZANELLA,ZB110
1147/00020-511,CABLE FRENO TRAS. CICLO UNIVERSAL BOTTA,0,1667.522538,OTROS,,UNIVERSAL
1147/00030-511,CABLE FRENO TRAS. DAELIM 50 LIBERTY BOTTA,0,5139.595395,OTROS,,50
1147/00035-511,CABLE FRENO TRAS. GILERA SUPER BOTTA,0,7045.723277999999,OTROS,GILERA,UNIVERSAL
1147/00120-511,CABLE FRENO TRAS. JUKI MONDIAL 50 BOTTA,0,4371.098985000001,OTROS,MONDIAL,50
1147/00278-511,CABLE FRENO TRAS. MOTOMEL SCOOTER VX 150 BOTTA,0,5372.71218,OTROS,MOTOMEL,150
1147/00276-511,CABLE FRENO TRAS. MOTOMEL/GILERA CUSTOM 150 MOD07 BOTTA,0,8022.490938000001,OTROS,MOTOMEL,150
1147/00260-511,CABLE FRENO TRAS. ZANELLA CARGO BOTTA,0,4672.411128,OTROS,ZANELLA,UNIVERSAL
1147/00315-511,CABLE FRENO TRAS. ZANELLA NEW FIRE ECONOMICO BOTTA,0,3181.149774,OTROS,ZANELLA,UNIVERSAL
1147/00310-511,CABLE FRENO TRAS. ZANELLA NEW FIRE ORIGINAL BOTTA,0,5195.039652,OTROS,ZANELLA,UNIVERSAL
1147/00262-511,CABLE FRENO TRAS. ZANELLA PATAGONIA 150 LARGO BOTTA,0,9091.789839,OTROS,ZANELLA,150
1147/00264-511,CABLE FRENO TRAS. ZANELLA PATAGONIA 250 BOTTA,0,9091.789839,OTROS,ZANELLA,250
1147/00261-511,CABLE FRENO TRAS. ZANELLA PATAGONIA EAGLE 150 BOTTA,0,9091.740834,OTROS,ZANELLA,150
1147/00340-511,CABLE FRENO TRAS. ZANELLA SOL (1UN) ORIGINAL BOTTA,0,4125.387914999999,OTROS,ZANELLA,SOL
1147/00350-511,CABLE FRENO TRAS. ZANELLA SOL xUNID.ECONOMICO BOTTA,0,3027.832731,OTROS,ZANELLA,SOL
1149/00010-511,CABLE INTERNO ACELERADOR CICLO  BOTTA,0,511.945434,OTROS,,UNIVERSAL
1149/00030-511,CABLE INTERNO ACELERADOR SCOOTER  BOTTA,0,1177.188309,OTROS,,UNIVERSAL
1149/00015-128,CABLE INTERNO ACELERADOR UNIVERSAL .,0.3484784732464599,0,OTROS,,UNIVERSAL
1151/00010-511,CABLE INTERNO EMBRAGUE REFORZADO  BOTTA,0,1669.953186,OTROS,,UNIVERSAL
1151/00030-128,CABLE INTERNO EMBRAGUE UNIVERSAL .,0.4186581657752609,0,OTROS,,UNIVERSAL
1151/00030-511,CABLE INTERNO EMBRAGUE UNIVERSAL BOTTA,0,709.0533450000001,OTROS,,UNIVERSAL
1151/00032-511,CABLE INTERNO EMBRAGUE UNIVERSAL TRENZADO BOTTA,0,2222.043516,OTROS,,UNIVERSAL
1153/00010-511,CABLE INTERNO FRENO DEL. CICLO UNIVERSAL BOTTA,0,577.651338,OTROS,,UNIVERSAL
1155/00010-511,CABLE INTERNO FRENO TRAS. CICLO UNIVERSAL BOTTA,0,665.242875,OTROS,,UNIVERSAL
1001/00198-038,CABLE RECORDATORIO TRABA DISCO FRENO NSU,1.469397274944763,0,FRENOS,,UNIVERSAL
1159/00005-511,CABLE RETORNO HONDA XR 250 TORNADO BOTTA,0,5389.560099,OTROS,HONDA,XR 250
1157/00010-511,CABLE SELEC. CAMBIO INT. SIAM BOTTA,0,1155.283074,OTROS,,UNIVERSAL
1161/00020-511,CABLE SELEC. CAMBIO SIAM COMP. BOTTA,0,2513.152818,OTROS,,UNIVERSAL
1160/00010-077,CABLE TRABA ASIENTO GILERA SMASH NSU,0.4234981445703507,0,TORNILLERÍA Y FIJACIONES,GILERA,SMASH
1163/00056-128,CABLE VELOCIMETRO GILERA SMASH M/V .,1.936011863381081,0,OTROS,GILERA,SMASH
1163/00355-128,CABLE VELOCIMETRO HONDA 250 TWISTER .,1.449462531697655,0,OTROS,HONDA,TWISTER
1163/00115-128,CABLE VELOCIMETRO HONDA BIZ C 125 .,0.6174630000000001,0,OTROS,HONDA,BIZ
1163/00120-128,CABLE VELOCIMETRO HONDA C 90 .,1.328596598127365,0,OTROS,HONDA,C90
1163/00325-128,CABLE VELOCIMETRO HONDA CG 150 TITAN .,1.376228969468193,0,OTROS,HONDA,CG150 / TITAN
1163/00215-077,CABLE VELOCIMETRO HONDA DAX110/MAX110/DAY110 NSU,1.048808924507675,0,OTROS,HONDA,UNIVERSAL
1163/00330-128,CABLE VELOCIMETRO HONDA TITAN 2000 .,1.477726168812561,0,OTROS,HONDA,TITAN
1136/00333-083,CABLE VELOCIMETRO HONDA TITAN 2000 KS 125 NSU,2.226393758781208,0,OTROS,HONDA,TITAN
1163/00352-128,CABLE VELOCIMETRO HONDA XR 250 TORNADO .,1.46412823545044,0,OTROS,HONDA,XR 250
1163/00500-587,CABLE VELOCIMETRO KINETIC SAFARI VICOMAND,0,298.264032,OTROS,,UNIVERSAL
1163/00508-077,CABLE VELOCIMETRO MOTOMEL BIT/FUSION FRENO A DISCO NSU,1.205864068025322,0,FRENOS,MOTOMEL,UNIVERSAL
1163/00507-128,CABLE VELOCIMETRO MOTOMEL SKUA 150 .,1.246290242002487,0,OTROS,MOTOMEL,SKUA150
1163/00507-077,CABLE VELOCIMETRO MOTOMEL SKUA 150 NSU,1.24313139021595,0,OTROS,MOTOMEL,SKUA150
1163/00540-128,CABLE VELOCIMETRO SUZUKI AX 100 .,1.368243114713059,0,OTROS,SUZUKI,100
1163/00640-083,CABLE VELOCIMETRO YAMAHA CRYPTON NSU,1.575412143343079,0,OTROS,YAMAHA,CRYPTON
1163/00750-128,CABLE VELOCIMETRO YAMAHA YBR .,1.353635733385849,0,OTROS,YAMAHA,YBR
1163/00820-077,CABLE VELOCIMETRO ZANELLA RX 150 NSU,1.283060663991623,0,OTROS,ZANELLA,NS 150
1163/01010-511,CABLE VELOCIMETRO ZANELLA ZB 110 GRANDE BOTTA,0,4085.301825,OTROS,ZANELLA,ZB 110
1547/00007-038,CABLEADO AUTOMATICO DE CAMBIO 150cc. NSU,4.368089559729652,0,OTROS,,UNIVERSAL
1547/00005-038,CABLEADO AUTOMATICO DE CAMBIO GILERA SMASH-C100BIZ NSU,1.28261181016571,0,OTROS,GILERA,SMASH
1547/00005-022,CABLEADO AUTOMATICO DE CAMBIO GILERA SMASH-C100BIZ NSU,1.282601986321735,0,OTROS,GILERA,SMASH
1547/00012-022,CABLEADO AUTOMATICO DE CAMBIO MOTOMEL SKUA 200 NSU,1.802892101170921,0,OTROS,MOTOMEL,SKUA200
1547/00058-022,CABLEADO AUTOMATICO ZANELLA RX 150 NSU,1.693992578281403,0,OTROS,ZANELLA,NS 150
1273/00010-038,CACHAS COLOR SUZUKI AX 100 JGO NEGRO NSU,7.622796235190392,0,OTROS,SUZUKI,100
1273/00035-022,CACHAS LATERALES HONDA NXR 125 NEGRAS NSU,18.26679481817673,0,OTROS,HONDA,XR 125
1273/00406-566,CACHAS LATERALES HONDA STORM 125 NEGRO. MATE C/CAR VC,0,15081.38676,OTROS,GILERA / HONDA,STORM 125
1171/00010-128,CADENA 415H - 102L 1/2 X 3/16 .,4.132482651431094,0,TRANSMISIÓN,,UNIVERSAL
1171/00010-143,CADENA 415H - 102L 1/2 X 3/16 MAHLI,4.196249183135605,0,TRANSMISIÓN,,UNIVERSAL
1167/00010-128,CADENA 420 - 112L 1/2 X 1/4 .,3.567997618651772,0,TRANSMISIÓN,,UNIVERSAL
1167/00010-143,CADENA 420 - 112L 1/2 X 1/4 MAHLI,4.564449479106817,0,TRANSMISIÓN,,UNIVERSAL
1171/00032-128,CADENA 420H 112L 1/2 X 1/4 .,3.400075876042728,0,TRANSMISIÓN,,UNIVERSAL
1171/00032-143,CADENA 420H 112L 1/2 X 1/4 MAHLI,3.81142189879014,0,TRANSMISIÓN,,UNIVERSAL
1167/00025-128,CADENA 428 - 110L 1/2 X 5/16 .,3.762808171124153,0,TRANSMISIÓN,,UNIVERSAL
1167/00200-128,CADENA 428 - 110L 1/2 X 5/16 DORADA .,7.623043852102946,0,TRANSMISIÓN,,UNIVERSAL
1167/00030-128,CADENA 428 - 118L 1/2 X 5/16 .,4.239247022279434,0,TRANSMISIÓN,,UNIVERSAL
1167/00035-128,CADENA 428 - 118L 1/2 X 5/16 DORADA .,6.109245134270955,0,TRANSMISIÓN,,UNIVERSAL
1167/00040-128,CADENA 428 - 130L 1/2 X 5/16 .,4.664865729311486,0,TRANSMISIÓN,,UNIVERSAL
1167/00045-128,CADENA 428 - 136L 1/2 X 5/16 .,4.849088751758194,0,TRANSMISIÓN,,UNIVERSAL
1171/00035-128,CADENA 428H - 110L 1/2 X 5/16 .,3.847713042218256,0,TRANSMISIÓN,,UNIVERSAL
1171/00035-143,CADENA 428H - 110L 1/2 X 5/16 MAHLI,4.210832108417216,0,TRANSMISIÓN,,UNIVERSAL
1171/00045-128,CADENA 428H - 118L 1/2  X 5/16 DORADA .,4.986726642091942,0,TRANSMISIÓN,,UNIVERSAL
1171/00040-128,CADENA 428H - 118L 1/2 X 5/16 .,4.17457478855999,0,TRANSMISIÓN,,UNIVERSAL
1171/00040-143,CADENA 428H - 118L 1/2 X 5/16 MAHLI,4.404273188699484,0,TRANSMISIÓN,,UNIVERSAL
1171/00037-128,CADENA 428H 110L 1/2 X 5/16 GOLD .,4.658513211296082,0,TRANSMISIÓN,,UNIVERSAL
1171/00037-143,CADENA 428H 110L 1/2 X 5/16 GOLD MAHLI,4.755918487532273,0,TRANSMISIÓN,,UNIVERSAL
1171/00050-128,CADENA 428H 130L 1/2 X 5/16 .,5.903546644901563,0,TRANSMISIÓN,,UNIVERSAL
1171/00050-143,CADENA 428H 130L 1/2 X 5/16 MAHLI,6.97622115377369,0,TRANSMISIÓN,,UNIVERSAL
1171/00060-128,CADENA 428H 136L 1/2 X 5/16 .,4.634224496318951,0,TRANSMISIÓN,,UNIVERSAL
1171/00062-128,CADENA 428H 136L 1/2 X 5/16 GOLD .,6.026422090613023,0,TRANSMISIÓN,,UNIVERSAL
1171/00062-143,CADENA 428H 136L 1/2 X 5/16 GOLD MAHLI,8.77509755649828,0,TRANSMISIÓN,,UNIVERSAL
1171/00060-143,CADENA 428H 136L 1/2 X 5/16 MAHLI,5.178871573175067,0,TRANSMISIÓN,,UNIVERSAL
1171/00110-128,CADENA 520H 118L 5/8 X 1/4 .,10.80986815621205,0,TRANSMISIÓN,,UNIVERSAL
1171/00110-143,CADENA 520H 118L 5/8 X 1/4 MAHLI,9.270441290479203,0,TRANSMISIÓN,,UNIVERSAL
1171/00118-128,CADENA 525H 126L .,10.00309836825577,0,TRANSMISIÓN,,UNIVERSAL
1171/00120-128,CADENA 530H 112L 5/8 X 3/8 .,10.42871707528782,0,TRANSMISIÓN,,UNIVERSAL
1169/00020-128,CADENA C/O RING  520H 118L 5/8 X 1/4 .,32.68548996079645,0,TRANSMISIÓN,,UNIVERSAL
1177/00062-128,CADENA DISTRIBUCION 25H X 62L ARRANQUE BENDIX .,0.799335986086464,0,TRANSMISIÓN,,UNIVERSAL
1177/00062-143,CADENA DISTRIBUCION 25H X 62L ARRANQUE BENDIX MAHLI,0.8145821765567781,0,TRANSMISIÓN,,UNIVERSAL
1178/00062-071,CADENA DISTRIBUCION 25H X 62L JPN IZUMI,11.4206058818389,0,TRANSMISIÓN,,UNIVERSAL
1178/00082-071,CADENA DISTRIBUCION 25H X 82L JPN HONDA DAX 70 ST IZUMI,15.05303578495748,0,TRANSMISIÓN,HONDA,70
1177/00084-128,CADENA DISTRIBUCION 25H X 84L BIZ/WAVE .,1.191380883894539,0,TRANSMISIÓN,HONDA,WAVE
1177/00084-143,CADENA DISTRIBUCION 25H X 84L BIZ/WAVE MAHLI,1.507194829351044,0,TRANSMISIÓN,HONDA,WAVE
1178/00084-071,CADENA DISTRIBUCION 25H X 84L JPN HONDA C-90/BIZ IZUMI,9.922337063809268,0,TRANSMISIÓN,HONDA,BIZ
1178/00086-071,CADENA DISTRIBUCION 25H X 86L JPN HONDA C-90 IZUMI,15.79183508728668,0,TRANSMISIÓN,HONDA,C90
1177/00088-128,CADENA DISTRIBUCION 25H X 88L YBR125 .,1.25454367298584,0,TRANSMISIÓN,YAMAHA,YBR125
1177/00088-143,CADENA DISTRIBUCION 25H X 88L YBR125 MAHLI,1.128218094803238,0,TRANSMISIÓN,YAMAHA,YBR125
1177/00090-128,CADENA DISTRIBUCION 25H X 90L SMASH .,1.197914965524674,0,TRANSMISIÓN,GILERA,SMASH
1177/00090-143,CADENA DISTRIBUCION 25H X 90L SMASH MAHLI,1.224051292045212,0,TRANSMISIÓN,GILERA,SMASH
1177/00094-128,CADENA DISTRIBUCION 25H X 94L ROUSER135 .,1.790794150787745,0,TRANSMISIÓN,BAJAJ,ROUSER
1177/00094-143,CADENA DISTRIBUCION 25H X 94L ROUSER135 MAHLI,1.790829847115936,0,TRANSMISIÓN,BAJAJ,ROUSER
1175/00110-143,CADENA DISTRIBUCION MORSE 404H X 100 CUSTOM/NX150 MAHLI,1.818652720387459,0,TRANSMISIÓN,,100
1175/00112-143,CADENA DISTRIBUCION MORSE 404H X 102 CBX200/XR200 MAHLI,1.851323128538132,0,TRANSMISIÓN,HONDA,XR
1175/00115-143,CADENA DISTRIBUCION MORSE 404H X 104 XTZ/YBR250 MAHLI,1.851323128538132,0,TRANSMISIÓN,YAMAHA,YBR
1175/00038-128,CADENA DISTRIBUCION MORSE 404H X 38 BOMBA DEACEITE .,0.6751884351139069,0,LUBRICANTES,,UNIVERSAL
1175/00038-143,CADENA DISTRIBUCION MORSE 404H X 38 BOMBA DEACEITE MAHLI,0.690434625584221,0,LUBRICANTES,,UNIVERSAL
1175/00086-128,CADENA DISTRIBUCION MORSE 404H X 86 NEW CRYPTON .,1.661834761264229,0,TRANSMISIÓN,YAMAHA,CRYPTON
1175/00086-143,CADENA DISTRIBUCION MORSE 404H X 86 NEW CRYPTON MAHLI,1.537687210291671,0,TRANSMISIÓN,YAMAHA,CRYPTON
1175/00091-128,CADENA DISTRIBUCION MORSE 404H X 90 XTZ/YBR125 NEW .,1.598671972172928,0,TRANSMISIÓN,YAMAHA,YBR125
1175/00091-143,CADENA DISTRIBUCION MORSE 404H X 90 XTZ/YBR125 NEW MAHLI,1.631342380323601,0,TRANSMISIÓN,YAMAHA,YBR125
1175/00093-143,CADENA DISTRIBUCION MORSE 404H X 92 BIZ125 MAHLI,1.661834761264229,0,TRANSMISIÓN,HONDA,BIZ
1175/00094-128,CADENA DISTRIBUCION MORSE 404H X 94 CG150 .,1.661834761264229,0,TRANSMISIÓN,HONDA,CG150
1175/00094-143,CADENA DISTRIBUCION MORSE 404H X 94 CG150 MAHLI,1.694505169414902,0,TRANSMISIÓN,HONDA,CG150
1175/00096-128,CADENA DISTRIBUCION MORSE 404H X 96 FZ 16 .,1.730334224466705,0,TRANSMISIÓN,YAMAHA,FZ16
1175/00096-143,CADENA DISTRIBUCION MORSE 404H X 96 FZ 16 MAHLI,1.8391545871875,0,TRANSMISIÓN,YAMAHA,FZ16
1175/00101-128,CADENA DISTRIBUCION MORSE 404H X 98 NEW CRYPTON .,1.812118638757324,0,TRANSMISIÓN,YAMAHA,CRYPTON
1175/00118-128,CADENA DISTRIBUCION MORSE 409H X 100 .,1.903595781579209,0,TRANSMISIÓN,,100
1175/00119-128,CADENA DISTRIBUCION MORSE 409H X 102 RX200 .,2.855567360700732,0,TRANSMISIÓN,,UNIVERSAL
1175/00119-143,CADENA DISTRIBUCION MORSE 409H X 102 RX200 MAHLI,2.855568843035431,0,TRANSMISIÓN,,UNIVERSAL
1175/00123-143,CADENA DISTRIBUCION MORSE 409H X 112 NX400 MAHLI,4.383032870496368,0,TRANSMISIÓN,,UNIVERSAL
1175/00192-128,CADENA DISTRIBUCION MORSE 409H X 118 .,2.210697618195534,0,TRANSMISIÓN,,UNIVERSAL
1175/00125-143,CADENA DISTRIBUCION MORSE 409H X 126 TORNADO/TWIST MAHLI,4.257958729946422,0,TRANSMISIÓN,HONDA,TORNADO
1173/00010-128,CADENA UNION 415H 1/2  X  3/16 .,0.1209994698772431,0,TRANSMISIÓN,,UNIVERSAL
1173/00010-143,CADENA UNION 415H 1/2  X  3/16 MAHLI,0.1488000089570046,0,TRANSMISIÓN,,UNIVERSAL
1173/00020-128,CADENA UNION 420  1/2  X  1/16 .,0.09680018906249999,0,TRANSMISIÓN,,UNIVERSAL
1173/00030-128,CADENA UNION 428  1/2  X  5/16 .,0.2056990987913132,0,TRANSMISIÓN,,UNIVERSAL
1173/00032-128,CADENA UNION 428H 1/2 X 5/16 .,0.09680018906249999,0,TRANSMISIÓN,,UNIVERSAL
1173/00042-128,CADENA UNION 520H 5/8 X 1/4 .,0.3750983566194535,0,TRANSMISIÓN,,UNIVERSAL
1173/00042-143,CADENA UNION 520H 5/8 X 1/4 MAHLI,0.2810338793838501,0,TRANSMISIÓN,,UNIVERSAL
1081/00008-077,CAJA DE BATERIA MOTOMEL FUSSION NSU,16.44587473115529,0,BATERÍAS,MOTOMEL,UNIVERSAL
1001/00034-566,CAJA DELIVERY LARGA NEGRA C/1 ESTANTE 41X41X50 VC,0,39442.860171,OTROS,GILERA,UNIVERSAL
1001/00033-566,CAJA DELIVERY SUPER C/ 1 ESTANTE REFORZADA BLANCA VC,0,37962.164295,OTROS,GILERA,UNIVERSAL
1001/00032-566,CAJA DELIVERY SUPER C/ 1 ESTANTE REFORZADA NEGRA VC,0,31575.342645,OTROS,GILERA,UNIVERSAL
1537/00300-566,"CAJA HERRAMIENTAS NEGRA 11"" C/BANDEJA Y TAPA ORG. VC",0,6741.412029000001,HERRAMIENTAS,GILERA,UNIVERSAL
1537/00310-566,"CAJA HERRAMIENTAS NEGRA 16""C/BANDEJA Y TAPA ORG. VC",0,9422.348166,HERRAMIENTAS,GILERA,UNIVERSAL
1537/00320-566,"CAJA HERRAMIENTAS NEGRA 19""C/BANDEJA Y TAPA ORG. VC",0,15759.018099,HERRAMIENTAS,GILERA,UNIVERSAL
1305/02329-667,CAJA NEGRA TCI HONDA CBR 400/600 PIETCARD,0,218643.413076,OTROS,HONDA,CB
1001/00043-566,CAJON ESTANTERIA 250 X 145 X 120 VC,0,3566.09385,OTROS,GILERA,VC 250
1001/00035-566,CAJON ESTANTERIA 340 X 200 X 155 VC,0,5731.311168,OTROS,GILERA,VC 200
1001/00036-566,CAJON ESTANTERIA 520 X 335 X 190 VC,0,11044.433268,OTROS,GILERA,UNIVERSAL
1537/00335-566,CAJON MULTIUSO 80x45x35 125LITROS C/TAPA/MANIJA/RU VC,0,49356.356049,OTROS,GILERA,UNIVERSAL
1537/00005-038,CALIBRE DIGITAL NSU,21.7073048959774,0,OTROS,,UNIVERSAL
1500/00030-022,CALIPER DE FRENO DELANTERO BAJAJ ROUSER NS200 NSU,25.71206553301334,0,OTROS,BAJAJ,NS200 / ROUSER
1500/00047-022,CALIPER DE FRENO DELANTERO HONDA WAVE 110 NSU,18.36746593680954,0,OTROS,HONDA,WAVE110
1500/00070-038,CALIPER DE FRENO DELANTERO M.SKUA 150/DAKAR/XPLORA NSU,19.69844172933197,0,OTROS,,SKUA150
1500/00073-077,CALIPER DE FRENO DELANTERO MOTOMEL XMM 250 cc. NSU,28.21668680147552,0,OTROS,MOTOMEL,NS 250
1500/00041-038,CALIPER DE FRENO GILERA FUTURA/GUERRERO FLASH NSU,19.93801737198601,0,OTROS,GILERA,FUTURA
1500/00043-022,CALIPER DE FRENO HONDA TWISTER 250 NSU,17.81129891139793,0,OTROS,HONDA,TWISTER
1500/00020-022,CALIPER DE FRENO TRAS. BAJAJ ROUSER NS200 NSU,15.7960207056562,0,OTROS,BAJAJ,NS200 / ROUSER
1500/00076-077,CALIPER DE FRENO TRAS. MOTOMEL XMM 250cc. NSU,32.99488989663105,0,OTROS,MOTOMEL,UNIVERSAL
1500/00108-022,CALIPER DE FRENO YAMAHA FZ16 NSU,23.16430840891457,0,OTROS,YAMAHA,FZ16
1500/00109-022,CALIPER DE FRENO YAMAHA NEW CRYPTON NSU,15.42725146038998,0,OTROS,YAMAHA,CRYPTON
1500/00105-022,CALIPER DE FRENO YAMAHA YBR125 ED NSU,17.3668360078125,0,OTROS,YAMAHA,YBR125
1205/08015-131,CAMARA 08 X 350 YAMASIDA/FITSRU,2.412762378701763,0,OTROS,,UNIVERSAL
1205/10035-138,CAMARA 10 X 300/325 TR87 .,2.219114249471712,0,OTROS,,300
1205/10035-131,CAMARA 10 X 300/325 TR87 YAMASIDA/FITSRU,2.451925993283157,0,OTROS,,300
1205/10040-131,CAMARA 10 X 350/400 YAMASIDA/FITSRU,2.795107926777649,0,OTROS,,UNIVERSAL
1205/13010-138,CAMARA 13 X 110/90 .,2.758791636096096,0,OTROS,,110
1205/13010-131,CAMARA 13 X 110/90 YAMASIDA/FITSRU,3.431050802681466,0,OTROS,,110
1205/13050-138,CAMARA 13 X 130/60 .,2.693428745542003,0,OTROS,,UNIVERSAL
1205/13050-131,CAMARA 13 X 130/60 YAMASIDA/FITSRU,2.912690609470596,0,OTROS,,UNIVERSAL
1205/14018-131,CAMARA 14 X 100/80 YAMASIDA/FITSRU,2.451925993283157,0,OTROS,,100
1205/14060-131,CAMARA 14 X 225/250 YAMASIDA/FITSRU,2.686197332224731,0,OTROS,,250
1205/14070-128,CAMARA 14 X 275/300 .,2.435470114133606,0,OTROS,,300
1205/14070-131,CAMARA 14 X 275/300 YAMASIDA/FITSRU,2.420063203586825,0,OTROS,,300
1205/14080-131,CAMARA 14 X 300/325 YAMASIDA/FITSRU,2.416957250090361,0,OTROS,,300
1205/15020-138,CAMARA 15 X 130/90 TR4 .,3.375896898885727,0,OTROS,,90
1205/15020-131,CAMARA 15 X 130/90 TR4 YAMASIDA/FITSRU,4.10195002237873,0,OTROS,,90
1205/16085-131,CAMARA 16 X 225/250 YAMASIDA/FITSRU,2.238546696703119,0,OTROS,,250
1205/16090-131,CAMARA 16 X 250/275 YAMASIDA/FITSRU,2.357304688173237,0,OTROS,,250
1205/16120-138,CAMARA 16 X 325 .,2.613635097219086,0,OTROS,,UNIVERSAL
1205/16120-131,CAMARA 16 X 325 YAMASIDA/FITSRU,3.025063491844826,0,OTROS,,UNIVERSAL
1205/16125-131,CAMARA 16 X 350 YAMASIDA/FITSRU,3.121825685226488,0,OTROS,,UNIVERSAL
1205/17128-138,CAMARA 17 X 130/80 .,2.9524287375,0,OTROS,,80
1205/17128-131,CAMARA 17 X 130/80 YAMASIDA/FITSRU,3.459848591193181,0,OTROS,,80
1205/17130-131,CAMARA 17 X 225/250 YAMASIDA/FITSRU,2.297652126256113,0,OTROS,,250
1205/17135-128,CAMARA 17 X 250/275 .,2.435470114133606,0,OTROS,,250
1205/17135-138,CAMARA 17 X 250/275 .,2.238479763388825,0,OTROS,,250
1205/17135-131,CAMARA 17 X 250/275 YAMASIDA/FITSRU,2.357304688173237,0,OTROS,,250
1205/17140-138,CAMARA 17 X 275/300 .,2.286873463196039,0,OTROS,,300
1205/17140-131,CAMARA 17 X 275/300 YAMASIDA/FITSRU,2.476609812007485,0,OTROS,,300
1205/17145-131,CAMARA 17 X 350/400 YAMASIDA/FITSRU,3.132787993095847,0,OTROS,,UNIVERSAL
1205/17150-131,CAMARA 17 X 450 YAMASIDA/FITSRU,3.557317732977276,0,OTROS,,UNIVERSAL
1205/18160-128,CAMARA 18 X 275/300 .,2.797499455423737,0,OTROS,,300
1205/18160-138,CAMARA 18 X 275/300 .,2.371572480351448,0,OTROS,,300
1205/18160-131,CAMARA 18 X 275/300 YAMASIDA/FITSRU,2.541069446833534,0,OTROS,,300
1205/18165-138,CAMARA 18 X 300/325 .,2.879778851171494,0,OTROS,,300
1205/18165-131,CAMARA 18 X 300/325 YAMASIDA/FITSRU,2.758416742443552,0,OTROS,,300
1205/18175-131,CAMARA 18 X 350/400 YAMASIDA/FITSRU,3.242743773722964,0,OTROS,,UNIVERSAL
1205/18180-131,CAMARA 18 X 400/450 YAMASIDA/FITSRU,3.677888989924736,0,OTROS,,UNIVERSAL
1205/19190-131,CAMARA 19 X 225/250 YAMASIDA/FITSRU,2.665852422227326,0,OTROS,,250
1205/19195-131,CAMARA 19 X 275/300 YAMASIDA/FITSRU,2.655567497758856,0,OTROS,,300
1205/21200-131,CAMARA 21 X 275/300 YAMASIDA/FITSRU,2.758868749467087,0,OTROS,,300
1203/00430-014,CAMARA BUTILICA 09 - 22 X 11 CUATRI GOODTIRE,21.78115850681442,0,OTROS,,UNIVERSAL
1203/00450-014,CAMARA BUTILICA 10 - 22 X 11 CUATRI GOODTIRE,53.74765997881558,0,OTROS,,UNIVERSAL
1203/00025-014,CAMARA BUTILICA 14 X 350/400 GOODTIRE,8.653793615502014,0,OTROS,,UNIVERSAL
1203/00250-014,CAMARA BUTILICA 19 X 375/450 GOODTIRE,11.88063191280785,0,OTROS,,UNIVERSAL
1537/00780-138,CAMBIO DE NEUMATICO PORTATIL .,132.5307193565443,0,OTROS,,UNIVERSAL
1537/00740-156,CAMBIO DE NEUMATICOS PORTATIL NSU,206.9933552530884,0,OTROS,,UNIVERSAL
1401/00043-022,CAMPANA EMBRAGUE CENTRIFUGO COMPLETA C100 NSU,28.54943074960613,0,OTROS,,UNIVERSAL
1401/00029-022,CAMPANA EMBRAGUE HONDA BIZ 125 FINA NSU,22.77183756219784,0,OTROS,HONDA,BIZ
1401/00028-022,CAMPANA EMBRAGUE HONDA BIZ NSU,17.59314338370552,0,OTROS,HONDA,BIZ
1401/00030-038,CAMPANA EMBRAGUE HONDA C90 (CANASTA) NSU,6.649325621899322,0,OTROS,HONDA,C90
1401/00040-020,CAMPANA EMBRAGUE HONDA ELITE 50 TW.,10.97356044673455,0,OTROS,HONDA,50
1401/00095-022,CAMPANA EMBRAGUE YAMAHA CRYPTON (CANASTA) NSU,12.5596754759784,0,OTROS,YAMAHA,CRYPTON
1401/00100-020,CAMPANA EMBRAGUE YAMAHA JOG  TW.,10.24017893173002,0,OTROS,YAMAHA,UNIVERSAL
1401/00096-022,CAMPANA EMBRAGUE YAMAHA NEW CRYPTON NSU,15.68188431215057,0,OTROS,YAMAHA,CRYPTON
1401/00120-514,CAMPANA EMBRAGUE ZANELLA DIENTES RECTOS  BRN,0,15912.433152,OTROS,ZANELLA,UNIVERSAL
1401/00110-514,CAMPANA EMBRAGUE ZANELLA HELICOIDAL BRN,0,15912.433152,OTROS,ZANELLA,UNIVERSAL
1209/00040-038,CANDADO DISCO DE FRENO (83201) NSU,6.289552444219094,0,FRENOS,,UNIVERSAL
1209/00240-038,CANDADO DISCO DE FRENO C/ALARMA PERNO 6MM CROMADO NSU,16.75852232266845,0,FRENOS,,UNIVERSAL
1209/00195-022,CANDADO DISCO DE FRENO C/ALARMA PERNO 6MM GRIS NSU,16.95444571919929,0,FRENOS,,UNIVERSAL
1209/00244-038,CANDADO DISCO DE FRENO C/ALARMA PERNO 6MM ROJO NSU,16.03000976933716,0,FRENOS,,UNIVERSAL
1209/00205-038,CANDADO DISCO DE FRENO JQ8702 AMARILLO CHICO NSU,3.780023438965073,0,FRENOS,,UNIVERSAL
1209/00210-038,CANDADO DISCO DE FRENO JQ8702 NEGRO CHICO NSU,3.673624809784927,0,FRENOS,,UNIVERSAL
1209/00200-038,CANDADO DISCO DE FRENO JQ8702 ROJO CHICO NSU,3.673543905473099,0,FRENOS,,UNIVERSAL
1209/00225-038,CANDADO DISCO DE FRENO JQ8707 AMARILLO GRANDE NSU,8.934600855735626,0,FRENOS,,UNIVERSAL
1209/00230-038,CANDADO DISCO DE FRENO JQ8707 NEGRO GRANDE NSU,9.312119201752624,0,FRENOS,,UNIVERSAL
1209/00220-038,CANDADO DISCO DE FRENO JQ8707 ROJO GRANDE NSU,8.687814758737565,0,FRENOS,,UNIVERSAL
1209/00234-038,CANDADO DISCO DE FRENO JQ8717 AMARILLO CHICO NSU,3.673624809784927,0,FRENOS,,UNIVERSAL
1209/00232-038,CANDADO DISCO DE FRENO JQ8717 NEGRO CHICO NSU,3.780023438965073,0,FRENOS,,UNIVERSAL
1209/00110-038,CANDADO JQ 8219 22x120 HUMO NSU,11.49488241498756,0,SEGURIDAD,,UNIVERSAL
1209/00120-038,CANDADO JQ 8219 22x150 HUMO NSU,12.87460010922432,0,SEGURIDAD,,UNIVERSAL
1209/00102-038,CANDADO JQ 8508 22x120 ARTICULADO HUMO NSU,8.95169183328438,0,SEGURIDAD,,UNIVERSAL
1209/00100-038,CANDADO JQ 8508 22x120 ARTICULADO ROJO NSU,8.95169183328438,0,SEGURIDAD,,UNIVERSAL
1209/00500-156,CANDADO PARA MOTO/SCOOTER LOCK CERRADURA SEG. NSU,10.15800724853119,0,SEGURIDAD,,UNIVERSAL
1209/00010-038,CANDADO U 320 X 195  NEGRO NSU,8.934600855735626,0,SEGURIDAD,,UNIVERSAL
1211/00002-038,CANILLA DE NAFTA BAJAJ ROUSER 135 NSU,2.75511989052143,0,OTROS,BAJAJ,ROUSER
1211/00004-038,CANILLA DE NAFTA BAJAJ ROUSER NS 200 NSU,3.968969813301888,0,OTROS,BAJAJ,ROUSER
1211/00210-038,CANILLA DE NAFTA GILERA SEMPRE 50 NSU,2.661951585044861,0,OTROS,GILERA,50
1211/00046-038,CANILLA DE NAFTA HONDA C100 /BIZ/SMASH 1 SALIDA NSU,1.185921,0,OTROS,HONDA,SMASH
1211/00045-038,CANILLA DE NAFTA HONDA C90 M/V/SMASH/BIZ 2 SALIDAS NSU,0.931720775365448,0,OTROS,HONDA,SMASH
1211/00050-038,CANILLA DE NAFTA HONDA CB250/400 ROSCA 15MM NSU,2.87490771184845,0,OTROS,HONDA,CB
1211/00052-038,CANILLA DE NAFTA HONDA CBX 250 TWISTER NSU,2.193448106076965,0,OTROS,HONDA,TWISTER
1211/00055-038,CANILLA DE NAFTA HONDA CD 100/CG 125 TODAY NSU,2.086970042675171,0,OTROS,HONDA,CG125
1211/00067-038,CANILLA DE NAFTA HONDA CG 150 MODELO NUEVO NSU,3.141102870352936,0,OTROS,HONDA,CG150
1211/00065-038,CANILLA DE NAFTA HONDA CG 150 NSU,3.513776092259217,0,OTROS,HONDA,CG150
1211/00070-038,CANILLA DE NAFTA HONDA CG TITAN NSU,1.969844172933197,0,OTROS,HONDA,TITAN
1211/00090-038,CANILLA DE NAFTA HONDA ELITE/GIL.SUPER/MOTOM.VX150 NSU,2.456981312996407,0,OTROS,HONDA,UNIVERSAL
1211/00100-038,CANILLA DE NAFTA HONDA MB100/CD-100/TODAY NSU,1.73026853027916,0,OTROS,HONDA,100
1211/00107-038,CANILLA DE NAFTA HONDA WAVE 110S NSU,1.282586448866845,0,OTROS,HONDA,WAVE110
1211/00155-038,CANILLA DE NAFTA MOTOMEL DAKAR 200 NSU,2.61361065257678,0,OTROS,MOTOMEL,NS 200
1211/20101-038,CANILLA DE NAFTA ROSCA FINA CICLOMOTOR NSU,2.369136910689926,0,OTROS,,UNIVERSAL
1211/20102-038,CANILLA DE NAFTA ROSCA GRUESA CICLOMOTOR NSU,2.369136910689926,0,OTROS,,UNIVERSAL
1211/00165-038,CANILLA DE NAFTA SUZUKI ADRESS 50 NSU,3.167722386203384,0,OTROS,SUZUKI,50
1211/00170-038,CANILLA DE NAFTA SUZUKI AX100 NSU,2.313235927403984,0,OTROS,SUZUKI,AX100
1211/00252-038,CANILLA DE NAFTA UNIVERSAL 2 BOCAS NSU,1.322989937767296,0,OTROS,,UNIVERSAL
1211/00173-038,CANILLA DE NAFTA YAMAHA AXIS 90 NSU,4.235024445467377,0,OTROS,YAMAHA,90
1211/00175-038,CANILLA DE NAFTA YAMAHA CRYPTON / JOG 50 NSU,3.122469209257622,0,OTROS,YAMAHA,CRYPTON
1211/00174-038,CANILLA DE NAFTA YAMAHA CRYPTON NSU,5.306259802108333,0,OTROS,YAMAHA,CRYPTON
1211/00176-038,CANILLA DE NAFTA YAMAHA FZ16 NSU,4.224517165466194,0,OTROS,YAMAHA,FZ16
1211/00177-038,CANILLA DE NAFTA YAMAHA NEW CRYPTON NSU,3.266948953125,0,OTROS,YAMAHA,CRYPTON
1211/00192-038,CANILLA DE NAFTA YAMAHA XTZ125 NSU,4.578556726277161,0,OTROS,YAMAHA,XTZ125
1211/00195-038,CANILLA DE NAFTA YAMAHA YBR 125 CHINO NSU,4.368164736597061,0,OTROS,YAMAHA,YBR125
1211/00220-038,CANILLA DE NAFTA ZANELLA SOL NSU,2.369136910689926,0,OTROS,ZANELLA,SOL
1211/00132-038,CANILLA NAFTA HONDA NAVI NSU,2.834978438072776,0,OTROS,HONDA,UNIVERSAL
1442/00010-555,CAÑO COLECTOR HONDA XR 250 TORNADO-BRASIL EVO5 SPR,0,107783.85123,OTROS,HONDA,XR 250
1545/00010-566,CAÑO DISTANCIAL SOL C/BUJE VC,0,8560.154196,OTROS,GILERA,UNIVERSAL
1747/00026-150,CAÑO POSA PIE GILERA SMASH C/MULETA Y PEDALIN CROMOFORTE,28.94872348736287,0,OTROS,GILERA,SMASH
1747/00024-566,CAÑO POSA PIE GILERA SMASH C/PEDALIN VC,0,22487.865246,OTROS,GILERA,SMASH
1747/00025-548,"CAÑO POSA PIE GILERA SMASH,HONDA BIZ,GUERRERO TRIP HP",0,19472.862024,OTROS,GILERA / HONDA,SMASH
1747/00022-548,CAÑO POSA PIE HONDA CG TODAY/TITAN 99 HP,0,24786.611388,OTROS,HONDA,TITAN
1747/00034-548,CAÑO POSA PIE HONDA STORM 125 HP,0,22891.166595,OTROS,HONDA,STORM 125
1747/00037-150,CAÑO POSA PIE HONDA TITAN 150 2004/08 CROMOFORTE,12.47922903069031,0,OTROS,HONDA,TITAN
1747/00036-548,CAÑO POSA PIE HONDA TITAN 150 HP,0,24786.611388,OTROS,HONDA,TITAN
1747/00027-548,CAÑO POSA PIE HONDA WAVE HP,0,29889.747063,OTROS,HONDA,WAVE
1747/00027-647,CAÑO POSA PIE HONDA WAVE JN,0,9245.508722999999,OTROS,HONDA,WAVE
1747/00027-077,CAÑO POSA PIE HONDA WAVE NSU,12.08526019610367,0,OTROS,HONDA,WAVE
1747/00056-022,CAÑO POSA PIE YAMAHA YBR 125 C/PEDALIN Y MULETA NSU,13.69041700188572,0,OTROS,YAMAHA,YBR125
1747/00055-548,CAÑO POSA PIE YAMAHA YBR 125 CHINA HP,0,37840.38686999999,OTROS,YAMAHA,YBR125
1747/00126-548,CAÑO POSA PIE ZANELLA RX 150 HP,0,21595.670415,OTROS,ZANELLA,150
1747/00300-647,CAÑO POSA PIE ZANELLA RX150 JN,0,9245.508722999999,OTROS,ZANELLA,RX150
1213/00030-038,CAPTOR GUERRERO 70 NSU,1.496016790795212,0,OTROS,,70
1127/00040-038,CAPUCHON BUJIA C/RESISTOR XD05F x10 UNID. NSU,6.461371691444778,0,MOTOR,,UNIVERSAL
1127/00080-038,CAPUCHON BUJIA RECTO BAKELITA x 10 UNID. NSU,6.061987013231277,0,MOTOR,,UNIVERSAL
1127/00050-038,CAPUCHON BUJIA S/RESISTOR UNIVERSAL NSU,0.3266985686685562,0,MOTOR,,UNIVERSAL
1127/00350-038,CAPUCHON BUJIA YAMAHA YBR / XTZ  BLACK X 10 UNID. NSU,7.598766708290864,0,MOTOR,YAMAHA,YBR
1127/00070-566,CAPUCHON TIPO NAUTICO VC,0,1376.403435,OTROS,GILERA,UNIVERSAL
1217/00072-038,CARBURADOR 250CC. BICILINDRICO NSU,88.16383649668576,0,ALIMENTACIÓN / CARBURACIÓN,,UNIVERSAL
1217/00009-038,CARBURADOR BAJAJ ROUSER 135 NSU,43.57796841857757,0,ALIMENTACIÓN / CARBURACIÓN,BAJAJ,ROUSER
1217/00008-038,CARBURADOR BAJAJ ROUSER NS 200 NSU,56.69956876145555,0,ALIMENTACIÓN / CARBURACIÓN,BAJAJ,ROUSER
1217/00030-038,CARBURADOR CHAPA LARGA CAÑO CURVO CICLOMOTOR NSU,18.74280260263681,0,ALIMENTACIÓN / CARBURACIÓN,,UNIVERSAL
1217/00104-038,CARBURADOR CORTINA PLANA 28 NSU,44.21298046026164,0,ALIMENTACIÓN / CARBURACIÓN,,UNIVERSAL
1217/00106-038,CARBURADOR CORTINA PLANA 30 NSU,39.13122855830041,0,ALIMENTACIÓN / CARBURACIÓN,,UNIVERSAL
1217/00108-038,CARBURADOR CORTINA PLANA 32 NSU,39.13122855830041,0,ALIMENTACIÓN / CARBURACIÓN,,UNIVERSAL
1217/00109-038,CARBURADOR CORTINA PLANA 34 NSU,32.7279366123967,0,ALIMENTACIÓN / CARBURACIÓN,,UNIVERSAL
1217/00035-138,CARBURADOR GILERA SMASH .,15.92353023584518,0,ALIMENTACIÓN / CARBURACIÓN,GILERA,SMASH
1217/00040-138,CARBURADOR HONDA BIZ .,14.33141904209518,0,ALIMENTACIÓN / CARBURACIÓN,HONDA,BIZ
1217/00040-038,CARBURADOR HONDA BIZ NSU,14.83453500695,0,ALIMENTACIÓN / CARBURACIÓN,HONDA,BIZ
1217/00050-038,CARBURADOR HONDA C90 LUXE-GILERA SMASH NSU,16.15373892524185,0,ALIMENTACIÓN / CARBURACIÓN,GILERA / HONDA,SMASH
1217/00077-128,CARBURADOR HONDA CBX TWISTER 250/TORNADO .,51.53088203735075,0,ALIMENTACIÓN / CARBURACIÓN,HONDA,TWISTER
1217/00077-038,CARBURADOR HONDA CBX TWISTER 250/TORNADO NSU,69.16769902255031,0,ALIMENTACIÓN / CARBURACIÓN,HONDA,TWISTER
1217/00060-038,CARBURADOR HONDA CG125 C/BOMBA PIQUE NSU,19.23891571048165,0,ALIMENTACIÓN / CARBURACIÓN,HONDA,CG125
1217/00075-038,CARBURADOR HONDA TITAN 150 NSU,20.8650895461073,0,ALIMENTACIÓN / CARBURACIÓN,HONDA,TITAN
1217/00160-038,CARBURADOR HONDA WAVE 110S NSU,27.90284576695261,0,ALIMENTACIÓN / CARBURACIÓN,HONDA,WAVE110
1217/00080-038,CARBURADOR HONDA XL 125/CG-125 SIN B/PIQUE NSU,15.19730820527172,0,ALIMENTACIÓN / CARBURACIÓN,HONDA,CG 125
1217/00096-038,CARBURADOR MOTOMEL DAKAR 200 C/BOMBA NSU,20.20691146949959,0,ALIMENTACIÓN / CARBURACIÓN,MOTOMEL,NS 200
1217/00095-038,CARBURADOR MOTOMEL DAKAR 200 NSU,12.86534776504979,0,ALIMENTACIÓN / CARBURACIÓN,MOTOMEL,NS 200
1217/00037-038,CARBURADOR MOTOMEL VX150/GILERA SUPER NSU,28.65324686142288,0,ALIMENTACIÓN / CARBURACIÓN,MOTOMEL,UNIVERSAL
1217/00099-038,CARBURADOR MOTOMEL X3M125cc/SKUA CON BOMBA NSU,30.49707069393558,0,ALIMENTACIÓN / CARBURACIÓN,MOTOMEL,UNIVERSAL
1217/00155-038,CARBURADOR SUZUKI EN 125 2014/18 NSU,45.73779961359787,0,ALIMENTACIÓN / CARBURACIÓN,SUZUKI,NS 125
1217/00115-038,CARBURADOR SUZUKI GN125/EN125 NSU,33.39585368611908,0,ALIMENTACIÓN / CARBURACIÓN,SUZUKI,EN125 / GN125
1217/00130-038,CARBURADOR YAMAHA AXIS 90 NSU,19.02762992990066,0,ALIMENTACIÓN / CARBURACIÓN,YAMAHA,90
1217/00135-038,CARBURADOR YAMAHA CRYPTON NSU,23.43582175473496,0,ALIMENTACIÓN / CARBURACIÓN,YAMAHA,CRYPTON
1217/00137-038,CARBURADOR YAMAHA NEW CRYPTON NSU,24.56981312996407,0,ALIMENTACIÓN / CARBURACIÓN,YAMAHA,CRYPTON
1217/00141-038,CARBURADOR YAMAHA XTZ 125 NSU,21.64959046784592,0,ALIMENTACIÓN / CARBURACIÓN,YAMAHA,XTZ125
1217/00139-128,CARBURADOR YAMAHA YBR125 CHINA .,35.72605222288708,0,ALIMENTACIÓN / CARBURACIÓN,YAMAHA,YBR125
1217/00139-022,CARBURADOR YAMAHA YBR125 CHINA NSU,39.20281402942372,0,ALIMENTACIÓN / CARBURACIÓN,YAMAHA,YBR125
1217/00150-128,CARBURADOR ZANELLA RX 150 CON BOMBA .,17.33324202485355,0,ALIMENTACIÓN / CARBURACIÓN,ZANELLA,150
1217/00150-038,CARBURADOR ZANELLA RX 150 CON BOMBA NSU,20.32849205121918,0,ALIMENTACIÓN / CARBURACIÓN,ZANELLA,NS 150
1217/00145-038,CARBURADOR ZANELLA RX 150/MOTOMEL/CERRO NSU,22.40683327059803,0,ALIMENTACIÓN / CARBURACIÓN,ZANELLA,NS 150
1217/00142-038,CARBURADOR ZANELLA RXZ 135 C/BRIDA NSU,21.48950585019837,0,ALIMENTACIÓN / CARBURACIÓN,ZANELLA,135
1463/00010-566,CARCAZA FAROL DEL. CICLON CUAD. VC,0,7890.804702,MOTOR,GILERA,UNIVERSAL
1463/00030-566,CARCAZA FAROL DEL. GARELLI SOLA VC,0,2848.807665,MOTOR,GILERA,UNIVERSAL
1463/00060-022,CARCAZA FAROL DEL. GILERA REVOLUTION AZUL NSU,37.96193797594673,0,MOTOR,GILERA,UNIVERSAL
1463/00036-566,CARCAZA FAROL DEL. GILERA SMASH NEGRO VC,0,9041.236281,MOTOR,GILERA,SMASH
1463/00388-022,CARCAZA FAROL DEL. HONDA GLH 150 NEGRO NSU,15.36478454887894,0,MOTOR,HONDA,NS 150
1463/00389-022,CARCAZA FAROL DEL. HONDA GLH150 LATERAL NEGROXJGO. NSU,13.0009715413591,0,MOTOR,HONDA,UNIVERSAL
1463/00602-022,CARCAZA FAROL DEL. HONDA WAVE 110S NEGRO A DISCO NSU,11.13183058709427,0,MOTOR,HONDA,WAVE110
1463/00603-022,CARCAZA FAROL DEL. HONDA WAVE 110S NEGRO A ZAPATA NSU,10.50279441880669,0,MOTOR,HONDA,WAVE110
1463/00600-566,CARCAZA FAROL DEL. HONDA WAVE M/N NEGRA VC,0,9041.236281,MOTOR,GILERA / HONDA,WAVE
1463/00040-529,CARCAZA FAROL DEL. ZANELLA 50 GRIS SIN TAPITA EP,0,179.897355,MOTOR,ZANELLA,50
1463/00050-529,CARCAZA FAROL DEL. ZANELLA 50 NEGRO SIN TAPITA EP,0,179.897355,MOTOR,ZANELLA,50
1493/00105-022,"CARCAZA FILTRO AIRE H.C-100 BIZ,TRIP,SMASHC/FILTRO NSU",4.924685078292962,0,FILTROS,HONDA,SMASH
1493/00105-566,"CARCAZA FILTRO AIRE H.C-100 BIZ,TRIP,SMASHC/FILTRO VC",0,11238.483267,FILTROS,GILERA / HONDA,SMASH
1493/00106-022,CARCAZA FILTRO AIRE HONDA WAVE NSU,5.137566559136581,0,FILTROS,HONDA,WAVE
1493/00135-022,CARCAZA FILTRO AIRE ZANELLA RX 150 C/FILTRO NSU,7.102765063902281,0,FILTROS,ZANELLA,NS 150
1274/00004-022,CARENADO BAJO ASIENTO BAJAJ NS200 NSU,33.15135595107601,0,OTROS,BAJAJ,NS200
1274/00197-566,CARENADO DER./IZQ. HONDA WAVE/NEW WAVE NEGROx2JGO. VC,0,48451.027878,OTROS,GILERA / HONDA,WAVE
1274/00206-022,CARENADO DER/IZQ C/COLIN HONDA STORM 125 NEG. MATE NSU,22.67953962367793,0,OTROS,HONDA,STORM 125
1274/00403-566,CARENADO DER/IZQ INTERIOR HONDA NEW WAVE xJGO. VC,0,32058.375129,OTROS,GILERA / HONDA,WAVE
1274/00600-566,CARENADO DER/IZQ ZANELLA RX150 NEGRO VC,0,13369.779324,OTROS,GILERA / ZANELLA,RX150
1274/00025-022,CARENADO GILERA SMASH UNION B/ASIENTO AZUL NSU,5.698919077118034,0,OTROS,GILERA,SMASH
1274/00025-056,CARENADO GILERA SMASH UNION B/ASIENTO AZUL NSU,5.699210626921797,0,OTROS,GILERA,SMASH
1274/00023-566,CARENADO GILERA SMASH UNION B/ASIENTO NEGRO VC,0,3467.946636,OTROS,GILERA,SMASH
1274/00026-022,CARENADO GILERA SMASH UNION B/ASIENTO ROJO NSU,5.698919077118034,0,OTROS,GILERA,SMASH
1274/00250-566,CARENADO UNION LATERAL HONDA NEW WAVE NEGRO VC,0,2938.937661,OTROS,GILERA / HONDA,WAVE
1537/00007-038,CARGADOR BATERIA 220V.12V.2AMP. NSU,21.42871025961113,0,BATERÍAS,,UNIVERSAL
1537/00009-038,CARGADOR BATERIA 220V.12V.5AMP. NSU,27.78077531422734,0,BATERÍAS,,UNIVERSAL
1537/00008-016,CARGADOR BATERIA INTELIGENTE BATERIA LITIO HBC0201 NSU,54.00523164366,0,BATERÍAS,,UNIVERSAL
1303/32021-072,CASCO AB. C/VISOR E1 FASH. LISO BRILL. BLANCO T/S BEON,40.06893825000001,0,OTROS,,UNIVERSAL
1303/32069-072,CASCO AB. C/VISOR E1 FASH. LISO BRILL. NEGRO T/S BEON,40.06893825000001,0,OTROS,,UNIVERSAL
1303/41212-072,CASCO FLIP UP B700 BLANCO BRILLANTE T/L BEON,61.45227,0,OTROS,,UNIVERSAL
1303/41211-072,CASCO FLIP UP B700 BLANCO BRILLANTE T/M BEON,64.28230875000001,0,OTROS,,UNIVERSAL
1305/01401-623,CDI ADDLY-GARELLI DZE,0,16627.259286,ELECTRICIDAD,,UNIVERSAL
1305/01605-623,CDI BRAVA ALTINO 150 DZE,0,21743.136261,ELECTRICIDAD,BRAVA,150
1305/01603-623,CDI CORVEN ENERGY 110-GUERRERO TRIP/G110 DZE,0,21905.176194,ELECTRICIDAD,CORVEN,ENERGY 110
1305/02117-667,CDI CORVEN GILERA SMASH/ENERGY110/GUERRERO TRIP 4T PIETCARD,0,20387.020896,LUBRICANTES,CORVEN / GILERA,SMASH
1305/03202-667,CDI DUCATTI CON BOBINA ALTA PIETCARD,0,33633.748665,ELECTRICIDAD,,UNIVERSAL
1305/10109-623,CDI GILERA SMASH 110-GUERRERO TRIP-BETA-BUSSINES4T DZE,0,20241.554454,LUBRICANTES,GILERA,SMASH
1305/00107-138,CDI GILERA SMASH/ESTILO 110 5 TERMINALES .,4.113989277672959,0,ELECTRICIDAD,GILERA,SMASH
1305/01460-623,CDI GILERA SMASH/FUTURA-GUERRERO MAGIC GM70 DZE,0,14809.271796,ELECTRICIDAD,GILERA,SMASH
1305/02072-667,CDI GUERRERO GILERA SMASH/HONDABIZ/GUERREROTRIP/5T PIETCARD,0,12017.388339,ELECTRICIDAD,GILERA,SMASH
1305/02097-667,CDI GUERRERO TRIP 110 CON AVANCE BATERIA PIETCARD,0,20387.020896,BATERÍAS,,110
1305/02324-667,CDI HONDA BIZ 125 PIETCARD,0,28680.313464,ELECTRICIDAD,HONDA,BIZ
1305/01301-623,CDI HONDA BIZ/DAX/ECONO POWER/MB100/TACT DZE,0,11636.403867,ELECTRICIDAD,HONDA,BIZ
1305/10153-623,CDI HONDA BIZ/ZANELLA50 5T/MOTOMEL BIT/C110 DZE,0,12154.367115,ELECTRICIDAD,HONDA,BIZ
1305/01306-623,CDI HONDA CB250 NIGHTHAWK DZE,0,25146.925551,ELECTRICIDAD,HONDA,CB
1305/02318-667,CDI HONDA CBX 250 TWISTER PIETCARD,0,49482.553725,ELECTRICIDAD,HONDA,TWISTER
1305/01562-623,CDI HONDA CG 125 FAN/CG TITAN ES/KS 125 DZE,0,40420.588329,ELECTRICIDAD,HONDA,CG125 / TITAN
1305/01302-623,CDI HONDA CG 125CC TITAN/TODAY DZE,0,16758.671094,ELECTRICIDAD,HONDA,CG125 / TITAN
1305/01567-623,CDI HONDA CG 150 ES/KS NXR BROS 150 DZE,0,40632.358536,ELECTRICIDAD,HONDA,CG150
1305/02268-667,CDI HONDA CG TITAN 125 KS/ES/FAN PIETCARD,0,34032.149514,ELECTRICIDAD,HONDA,TITAN
1305/02010-667,CDI HONDA CG125/NIGHTHAWK CB250/XL/NX PIETCARD,0,14305.24557,ELECTRICIDAD,HONDA,CG125
1305/00196-138,CDI HONDA CG125/NX FICHA REDONDA 4T + 2T .,5.953129938634873,0,LUBRICANTES,HONDA,CG125
1305/01402-623,CDI HONDA DIO 50CC/JATSU 70CC DZE,0,19222.201449,ELECTRICIDAD,HONDA,UNIVERSAL
1305/02355-667,CDI HONDA ELITE 125/ZANELLA STYLER PIETCARD,0,35266.624668,ELECTRICIDAD,HONDA / ZANELLA,STYLER 125
1305/01400-623,CDI HONDA LEAD 50CC-SIAMBRETTA-ADDLY DZE,0,19222.201449,ELECTRICIDAD,HONDA,UNIVERSAL
1305/00135-612,CDI HONDA LEADER 50 RALUX,0,38.566935,ELECTRICIDAD,HONDA,50
1305/01314-623,CDI HONDA LEADER 50CC DZE,0,19222.201449,ELECTRICIDAD,HONDA,UNIVERSAL
1305/02280-667,CDI HONDA NXR 125 KS BROS PIETCARD,0,37807.89655500001,ELECTRICIDAD,HONDA,XR 125
1305/02300-667,CDI HONDA STORM 125 SIN CORTE PIETCARD,0,18517.852584,ELECTRICIDAD,HONDA,STORM 125
1305/01553-623,CDI HONDA TRANSALP 600/650 DZE,0,62453.334339,ELECTRICIDAD,HONDA,UNIVERSAL
1305/02101-667,CDI HONDA TRANSALP XLV600/650/AFRICA TWIN PIETCARD,0,60468.386814,ELECTRICIDAD,HONDA,UNIVERSAL
1305/02063-667,CDI HONDA WAVE/CBX 150/STORM 4+2T PIETCARD,0,14326.02369,LUBRICANTES,HONDA,WAVE
1305/02328-667,CDI HONDA XR 250 TORNADO PIETCARD,0,43824.848067,ELECTRICIDAD,HONDA,XR 250
1305/01523-623,CDI HONDA XR200/R DZE,0,16572.403089,ELECTRICIDAD,HONDA,XR
1305/01502-623,CDI JUKI DRIBBLING/PIAGGIO DZE,0,7768.233396000001,ELECTRICIDAD,,UNIVERSAL
1305/01380-623,CDI JUKI PISTA 50 DZE,0,13328.08587,ELECTRICIDAD,,50
1305/01558-623,CDI KAWASAKI KLX 110 DZE,0,60946.63641,ELECTRICIDAD,KAWASAKI,110
1305/01403-623,CDI LIMING 50CC DZE,0,6111.001908,ELECTRICIDAD,,UNIVERSAL
1305/01446-623,CDI MAGISTER JC70 DZE,0,5151.601619999999,ELECTRICIDAD,,UNIVERSAL
1305/02114-667,CDI MONDIAL LD 110/ZANELLA STYLER/BRAVA ALTINO PIETCARD,0,21775.420755,ELECTRICIDAD,MONDIAL / ZANELLA,STYLER 110
1305/02109-667,CDI MOTOMEL 125 CG/S2/SKUA/GUERRERO TRIP 110 4+2T PIETCARD,0,12122.798094,LUBRICANTES,HONDA / MOTOMEL,CG 125
1305/01529-623,CDI MOTOMEL CG S2/ZANELLA STREET ZS100CC DZE,0,13496.486652,ELECTRICIDAD,HONDA / MOTOMEL,CG
1305/02302-667,CDI MOTOMEL CG150 S2/BRAVA ALTINO/TEXANA/GILERA VC PIETCARD,0,20459.028843,ELECTRICIDAD,GILERA / HONDA / MOTOMEL,CG150
1305/00195-138,CDI MOTOMEL CG150/VX150/DAKAR200 .,3.285407917818547,0,ELECTRICIDAD,HONDA / MOTOMEL,CG150
1305/00195-038,CDI MOTOMEL CG150/VX150/DAKAR200 NSU,3.609346917474461,0,ELECTRICIDAD,HONDA / MOTOMEL,CG150
1305/01580-623,CDI MOTOMEL DAKAR 200 6 TERMINALES POTENCIADOS DZE,0,13153.314438,ELECTRICIDAD,MOTOMEL,200
1305/02107-667,CDI MOTOMEL DAKAR 200/MOTARD/ZANELLA SCOOTER/TRIAX PIETCARD,0,11926.043019,ELECTRICIDAD,MOTOMEL,TRIAX 200
1305/02432-667,CDI MOTOMEL SIRIUS 200/SKUA 250 PIETCARD,0,30431.948184,ELECTRICIDAD,MOTOMEL,SKUA 200
1305/03461-591,CDI POTENCIADO YAMAHA YBR 125cc CHINA A MAGNETO APOLO,0,55512.148527,ELECTRICIDAD,YAMAHA,YBR125
1305/02378-667,CDI RACING 110 UNIVERSAL ALIM A MASA PIETCARD,0,13529.565027,ELECTRICIDAD,,110
1305/02380-667,CDI RACING UNIVERSAL 110 ALIM. A MAG. PIETCARD,0,11548.61631,ELECTRICIDAD,,110
1305/02379-667,CDI RACING UNIVERSAL 150 HASTA 250CC 4+2T PIETCARD,0,13211.738199,LUBRICANTES,,150
1305/01405-623,CDI SCOOTER UNIVERSAL 5T C/SENSOR DZE,0,5803.524936,ELECTRICIDAD,,UNIVERSAL
1305/01406-623,CDI SCOOTER UNIVERSAL DZE,0,5230.705491,ELECTRICIDAD,,UNIVERSAL
1305/02245-667,CDI SUZUKI GSX 400 F BANDIT PIETCARD,0,157701.010698,ELECTRICIDAD,SUZUKI,UNIVERSAL
1305/01408-623,CDI SUZUKI TVS 60CC DZE,0,6526.907343000001,ELECTRICIDAD,SUZUKI / TVS,UNIVERSAL
1305/01407-623,CDI SUZUKI TVS 60CC DZE,0,6932.600135999999,ELECTRICIDAD,SUZUKI / TVS,UNIVERSAL
1305/12379-667,CDI UNIVERSAL 150 HASTA 250CC 4+2T CORTE SELEC PIETCARD,0,42728.792436,LUBRICANTES,,150
1305/01508-623,CDI UNIVERSAL 5 CONTACTOS CON CABLE DZE,0,6251.332626,ELECTRICIDAD,,UNIVERSAL
1305/02382-667,CDI UNIVERSAL 8 CORTES Y 2 CURVAS SELECCIONABLES PIETCARD,0,45825.859431,ELECTRICIDAD,,UNIVERSAL
1305/02381-667,CDI UNIVERSAL 8 CORTES Y 2 CURVAS SELECCIONABLES PIETCARD,0,46700.530074,ELECTRICIDAD,,UNIVERSAL
1305/02420-667,CDI UNIVERSAL CHINA RACING PIETCARD,0,28192.811724,ELECTRICIDAD,,UNIVERSAL
1305/22380-667,CDI UNIVERSAL CON CORTE PROGRAMABLE 16 CORTES PIETCARD,0,40099.95841500001,ELECTRICIDAD,,UNIVERSAL
1305/32380-667,CDI UNIVERSAL DIGITAL CON CORTE PROGRAMABLE PIETCARD,0,41851.83816,ELECTRICIDAD,,UNIVERSAL
1305/01396-623,CDI YAMAHA CHAMP 50CC DZE,0,27425.481633,ELECTRICIDAD,YAMAHA,UNIVERSAL
1305/02057-667,CDI YAMAHA CRYPTON 105 4T PIETCARD,0,16338.002373,LUBRICANTES,YAMAHA,CRYPTON
1305/10052-623,CDI YAMAHA CRYPTON DZE,0,24368.706549,ELECTRICIDAD,YAMAHA,CRYPTON
1305/01379-623,CDI YAMAHA DT180CC(4 CONTACTOS) DZE,0,15068.25342,ELECTRICIDAD,YAMAHA,UNIVERSAL
1305/02434-667,CDI YAMAHA FZ 16 PIETCARD,0,77469.858081,ELECTRICIDAD,YAMAHA,FZ16
1305/02005-667,CDI YAMAHA JOG-HONDA C90 PIETCARD,0,11236.06242,ELECTRICIDAD,YAMAHA,C90
1305/01371-623,CDI YAMAHA LANYINGLY 80/NANFANG 125CC DZE,0,12659.589063,ELECTRICIDAD,YAMAHA,80
1305/01376-623,CDI YAMAHA MINXING 50 DZE,0,11721.888189,ELECTRICIDAD,YAMAHA,50
1305/02413-667,CDI YAMAHA NEW CRYPTON 110 PIETCARD,0,38628.279459,ELECTRICIDAD,YAMAHA,CRYPTON
1305/01395-623,CDI YAMAHA V80 DZE,0,13241.337219,ELECTRICIDAD,YAMAHA,UNIVERSAL
1305/00280-038,CDI YAMAHA V80 UNIT NSU,3.521067300375577,0,ELECTRICIDAD,YAMAHA,UNIVERSAL
1305/02350-667,CDI YAMAHA YBR 125 CHINA PIETCARD,0,22010.605551,ELECTRICIDAD,YAMAHA,YBR125
1305/01594-623,CDI YAMAHA YBR 125 CHINO DZE,0,19759.30605,ELECTRICIDAD,YAMAHA,YBR125
1305/02398-667,CDI YAMAHA YBR 125 DIGITAL BATERIA 6T PIETCARD,0,32332.489497,BATERÍAS,YAMAHA,YBR125
1305/01705-022,CDI YAMAHA YBR 125 NSU,7.267228160827218,0,ELECTRICIDAD,YAMAHA,YBR125
1305/01533-623,CDI ZANELLA DZE,0,14308.626915,ELECTRICIDAD,ZANELLA,UNIVERSAL
1305/02276-667,CDI ZANELLA PATAGONIA EAGLE 250 PIETCARD,0,16879.987872,ELECTRICIDAD,ZANELLA,250
1305/00350-138,CDI ZANELLA RX 150/CUSTOM 150/HJ110/SWING110/HJ125 .,4.186663720339966,0,ELECTRICIDAD,ZANELLA,150
1221/00030-038,CEBADOR AUTOMATICO MOTOMEL VX-150 NSU,5.281573494410019,0,OTROS,MOTOMEL,NS 150
1415/00002-022,CENTRO EMBRAGUE BAJAJ ROUSER 200 NSU,11.22898971220848,0,OTROS,BAJAJ,ROUSER
1415/00006-022,CENTRO EMBRAGUE HONDA CG TITAN 150 NEW NSU,7.235851070400496,0,OTROS,HONDA,TITAN
1415/00100-022,CENTRO EMBRAGUE YAMAHA FZ 16 NSU,13.45516091264363,0,OTROS,YAMAHA,FZ16
1415/00040-038,CENTRO EMBRAGUE YAMAHA V80 NSU,3.829881245023693,0,OTROS,YAMAHA,UNIVERSAL
1415/00200-022,CENTRO EMBRAGUE ZANELLA RX 150 NSU,7.368781314450874,0,OTROS,ZANELLA,NS 150
1001/00037-038,CEPILLO LIMPIA CADENA Y TRANSMISION NSU,1.282577236875,0,TRANSMISIÓN,,UNIVERSAL
1308/01043-566,CERRADURA DE BAULERAS (516VC) (1272/00030-566) VC,0,20619.363402,ACCESORIOS,GILERA,UNIVERSAL
1308/01044-566,CERRADURA DE BAULERAS (819/820)(1272/00080/90-566) VC,0,20619.363402,ACCESORIOS,GILERA,90
1308/01045-566,CERRADURA DE BAULERAS (875VC) (1272/00100-566) VC,0,20619.363402,ACCESORIOS,GILERA,UNIVERSAL
1308/01059-566,CERRADURA DE BAULERAS (999/10000) VC,0,20619.363402,ACCESORIOS,GILERA,UNIVERSAL
1060/00060-038,CERRADURA ELEVACION DE ASIENTO GILERA SMASH (BASE) NSU,3.484701503376388,0,OTROS,GILERA,SMASH
1060/00050-038,CERRADURA ELEVACION DE ASIENTO GILERA SMASH NSU,1.945886608667793,0,OTROS,GILERA,SMASH
1060/00052-038,CERRADURA ELEVACION DE ASIENTO HONDA 150 TITAN NSU,2.105390775864029,0,OTROS,HONDA,TITAN
1060/00140-038,CERRADURA ELEVACION DE ASIENTO HONDA WAVE 110S NSU,1.836746593680954,0,OTROS,HONDA,WAVE110
1060/00055-038,CERRADURA ELEVACION DE ASIENTO HONDA WAVE NSU,2.105390775864029,0,OTROS,HONDA,WAVE
1060/00150-038,CERRADURA ELEVACION DE ASIENTO YAMAHA CRYPTON NSU,2.705362875576685,0,OTROS,YAMAHA,CRYPTON
1060/00210-038,CERRADURA SUJETA CASCO NSU,5.45763958625257,0,OTROS,,UNIVERSAL
1060/00200-038,CERRADURA SUJETA CASCO SKUA 150 V6 NSU,4.939761377338094,0,OTROS,MOTOMEL,SKUA150
1221/00010-533,CHAPA CEBADOR CORTA CICLOMOTOR CICLOMEJOR,0,30.863349,OTROS,,UNIVERSAL
1221/00020-533,CHAPA CEBADOR LARGA CICLOMOTOR CICLOMEJOR,0,33.34300200000001,OTROS,,UNIVERSAL
1741/00043-038,CHAVETA VOLANTE 150cc x100UNID. NSU,9.933938780537284,0,OTROS,,UNIVERSAL
1741/00044-038,CHAVETA VOLANTE C100 x100Unid. NSU,8.571484103844453,0,OTROS,,UNIVERSAL
1741/00042-621,CHAVETA VOLANTE GILERA SMASH x30 UNID. .,0,13016.943324,OTROS,GILERA,SMASH
1223/09502-510,CHICLER NRO  95 GILERA SMASH-110CC x10unid. BD,0,1712.763954,OTROS,GILERA,SMASH
1544/00132-038,CHICOTE FUSIBLE AEREO CHATO REFORZADO x10UNID. NSU,5.669956876145553,0,ELECTRICIDAD,,UNIVERSAL
1307/00055-022,CIGUEÑAL GILERA SMASH-GUERRERO 100-C100 BIZ NSU,25.60400355530714,0,MOTOR,GILERA / HONDA,SMASH
1307/00059-022,CIGUEÑAL HONDA WAVE LARGO TORTA CHICA NSU,44.96568617457779,0,MOTOR,HONDA,WAVE
1309/00020-557,CIGUEÑAL MEDIO L/EMBRAGUE JUKI MONDIAL .,0,82.377405,MOTOR,MONDIAL,UNIVERSAL
1309/00030-557,CIGUEÑAL MEDIO L/EMBRAGUE MORINI 50 PERITA .,0,82.377405,MOTOR,,50
1309/00040-557,CIGUEÑAL MEDIO L/EMBRAGUE MORINI 50 REDONDO .,0,82.377405,MOTOR,,50
1311/00130-557,CIGUEÑAL MEDIO L/VOLANTE MORINI 50  PUNTA FINA .,0,82.377405,MOTOR,,50
1311/00130-520,CIGUEÑAL MEDIO L/VOLANTE MORINI 50  PUNTA FINA DA DALT,0,20.082249,MOTOR,,50
1311/00140-557,CIGUEÑAL MEDIO L/VOLANTE MORINI 50  PUNTA GRUESA .,0,82.377405,MOTOR,,50
1311/00160-040,CIGUEÑAL MEDIO L/VOLANTE SUZUKI AX 100 NSU,14.26900919213393,0,MOTOR,SUZUKI,100
1307/00132-022,CIGUEÑAL YAMAHA FZ 16 NSU,64.55349752536989,0,MOTOR,YAMAHA,FZ16
1307/00137-022,CIGUEÑAL YAMAHA YBR 125 PARA CADENA MORCE NSU,52.24757109299355,0,MOTOR,YAMAHA,YBR125
1307/00200-022,CIGUEÑAL ZANELLA RX 150 NSU,43.26941042810212,0,MOTOR,ZANELLA,NS 150
1315/00085-514,CILINDRO GILERA SMASH 110 4T 52.50 MM./FUTURA 110 BRN,0,62006.173515,LUBRICANTES,GILERA,SMASH
1315/00087-022,CILINDRO GILERA SMASH/BETA 52.4MM H.78MM NSU,43.70518043570699,0,MOTOR,GILERA,SMASH
1315/00240-514,CILINDRO ZANELLA DUE 48.00 MM. 80 5T C/TAB.BOOST BRN,0,53891.249346,MOTOR,ZANELLA,DUE 80
1315/00250-514,CILINDRO ZANELLA DUE 51.00 MM. 90 BRN,0,56151.01691100001,MOTOR,ZANELLA,DUE 90
1315/00270-514,CILINDRO ZANELLA SOL 40.30 MM. 50 5T  BRN,0,53891.249346,MOTOR,ZANELLA,SOL 50
1315/00260-514,CILINDRO ZANELLA SOL 48.00 MM. 70 / 5TRANFER S/TAB BRN,0,53891.249346,MOTOR,ZANELLA,SOL 70
1315/00310-514,CILINDRO ZANELLA V3 48.00 MM. 80 5T C/TAB.BOOST BRN,0,53891.249346,MOTOR,ZANELLA,80
1225/00002-566,CODO DE ADMISION CICLO ZANELLA 50 V3 ALUMINIO VC,0,5257.932669,OTROS,GILERA / ZANELLA,50
1225/00013-038,CODO DE ADMISION GILERA SMASH CORTO NSU,3.31538547463646,0,OTROS,GILERA,SMASH
1225/00009-038,CODO DE ADMISION GILERA SMASH LARGO NSU,5.26101135690365,0,OTROS,GILERA,SMASH
1225/00045-038,CODO DE ADMISION HONDA BIZ 125 NSU,5.743442459389115,0,OTROS,HONDA,BIZ
1225/00018-038,CODO DE ADMISION HONDA CBX250 TWISTER NSU,2.746742019694519,0,OTROS,HONDA,TWISTER
1225/00010-038,CODO DE ADMISION HONDA CG 125 TODAY NSU,1.650432769125595,0,OTROS,HONDA,CG125
1225/00055-038,CODO DE ADMISION HONDA DAX 110 / MAX 110 / DAY 110 NSU,3.322645442829094,0,OTROS,HONDA,NS 110
1225/00054-038,CODO DE ADMISION HONDA FAN 125 NSU,2.337709758028336,0,OTROS,HONDA,FAN 125
1225/00022-038,CODO DE ADMISION HONDA NX 150 NSU,2.865267446693115,0,OTROS,HONDA,NS 150
1225/00026-038,CODO DE ADMISION HONDA NXR 125 BROSS KS/ES NSU,2.749107955610962,0,OTROS,HONDA,XR 125
1225/00025-038,CODO DE ADMISION HONDA NXR 125/150 NSU,2.671668294889527,0,OTROS,HONDA,XR 125
1225/00028-038,CODO DE ADMISION HONDA TITAN 150 NSU,2.988686905967904,0,OTROS,HONDA,TITAN
1225/00059-038,CODO DE ADMISION HONDA WAVE 110S NSU,5.314296717008516,0,OTROS,HONDA,WAVE110
1225/00057-077,CODO DE ADMISION HONDA WAVE 2014 NSU,4.05381383751485,0,OTROS,HONDA,WAVE
1225/00056-038,CODO DE ADMISION HONDA XLR 125 NSU,2.492589079471207,0,OTROS,HONDA,NS 125
1225/00269-077,CODO DE ADMISION MOTOMEL DAKAR 200 NSU,2.296569938270073,0,OTROS,MOTOMEL,NS 200
1225/00082-038,CODO DE ADMISION MOTOMEL SKUA 150- S2 NSU,1.969871369601516,0,OTROS,MOTOMEL,SKUA150
1225/00271-022,CODO DE ADMISION MOTOR 200 RECTO NSU,2.018271157552414,0,OTROS,,NS 200
1225/00017-514,CODO DE ADMISION REFORMA 110 A CARB.125CC COMP. BRN,0,11772.069309,OTROS,,110
1225/00006-533,CODO DE ADMISION SUZUKI AX 100 CICLOMEJOR,0,224.080263,OTROS,SUZUKI,100
1225/00006-038,CODO DE ADMISION SUZUKI AX 100 NSU,1.669792684305954,0,OTROS,SUZUKI,100
1225/00275-038,CODO DE ADMISION YAMAHA CRYPTON 105 NSU,5.202977204721451,0,OTROS,YAMAHA,CRYPTON
1225/00277-038,CODO DE ADMISION YAMAHA CRYPTON 110 NSU,5.989467670312501,0,OTROS,YAMAHA,CRYPTON
1225/00042-038,CODO DE ADMISION YAMAHA FAZER 250 NSU,3.121786322832871,0,OTROS,YAMAHA,FAZER 250
1225/00296-038,CODO DE ADMISION YAMAHA YBR 125 BRASIL FULL 2015 NSU,4.525428690871354,0,OTROS,YAMAHA,YBR125
1225/00295-038,CODO DE ADMISION YAMAHA YBR 125 NSU,2.739427998020782,0,OTROS,YAMAHA,YBR125
1225/00060-038,CODO DE ADMISION ZANELLA RX 150 NSU,1.890011719482537,0,OTROS,ZANELLA,NS 150
1321/00215-150,COMANDO ACELERADOR CON PUÑO HONDA BIZx JGO CROMOFORTE,3.298445548853645,0,OTROS,HONDA,BIZ
1321/03015-560,COMANDO ACELERADOR GILERA SMASH MDA,0,3686.097294,OTROS,GILERA,SMASH
1321/00200-566,COMANDO ACELERADOR GILERA SMASH-HONDA BIZ-TRIP-ZB1 VC,0,4919.406129,OTROS,GILERA / HONDA,SMASH
1321/03018-560,COMANDO ACELERADOR HONDA BIZ MDA,0,3896.064117,OTROS,HONDA,BIZ
1321/00300-150,COMANDO ACELERADOR HONDA CG/TITAN TODOS CROMOFORTE,0.7018033073936463,0,OTROS,HONDA,TITAN
1321/03022-560,COMANDO ACELERADOR HONDA FALCON/TORNADO 250 MDA,0,2414.08431,OTROS,HONDA,TORNADO
1321/03019-560,COMANDO ACELERADOR HONDA TITAN MDA,0,3896.064117,OTROS,HONDA,TITAN
1321/03021-560,COMANDO ACELERADOR HONDA TWISTER-CBX 250 MDA,0,2414.08431,OTROS,HONDA,TWISTER
1321/03010-560,COMANDO ACELERADOR RAPIDO COMPETICION MDA,0,5077.025811,OTROS,,UNIVERSAL
1321/00400-152,COMANDO ACELERADOR RAPIDO NEGRO CIRCUIT,26.20014339544739,0,OTROS,,UNIVERSAL
1321/03012-560,COMANDO ACELERADOR RAPIDO UNIVERSAL ECONO MDA,0,3410.248149,OTROS,,UNIVERSAL
1321/03012-566,COMANDO ACELERADOR RAPIDO UNIVERSAL ECONO VC,0,4919.406129,OTROS,GILERA,UNIVERSAL
1347/00525-038,COMANDO ARR. BAJAJ ROUSER NS200/150/160 DER. NSU,13.15260495322466,0,OTROS,BAJAJ,NS200 / ROUSER
1347/00051-022,COMANDO ARR. HONDA CBX 200 M/VIEJO NSU,5.045677893881035,0,OTROS,HONDA,CB 200
1347/00052-022,COMANDO ARR. HONDA CBX250 TORNADO NSU,7.259894837677002,0,OTROS,HONDA,TORNADO
1347/00418-022,COMANDO ARR.LUCES PARADA MONDIALHD254 L.DER NEGRO NSU,4.238441054685516,0,OTROS,MONDIAL,UNIVERSAL
1347/01120-038,COMANDO ARRANQUE HONDA XR 125L/150L DERECHO NSU,2.504689026458931,0,OTROS,HONDA,XR
1347/00370-038,COMANDO ARRANQUE MOTOMEL SKUA NSU,3.508953954384327,0,OTROS,MOTOMEL,UNIVERSAL
1347/00144-022,"COMANDO ARRANQUE,LUCES YAMAHA CRYPTON M/N DER. NSU",6.846539476735384,0,OTROS,YAMAHA,CRYPTON
1347/00526-038,COMANDO BAJAJ ROUSER NS200/150/160 LUCES IZQ.. NSU,13.22989937767296,0,OTROS,BAJAJ,NS200 / ROUSER
1347/00170-022,COMANDO DE LUCES IZQ.YAMAHA NEW CRYPTON NSU,6.969569464929198,0,OTROS,YAMAHA,CRYPTON
1347/00565-022,COMANDO DE LUCES ZANELLA RX 150 9 PINES DER. NSU,3.617886311468812,0,OTROS,ZANELLA,NS 150
1347/00565-038,COMANDO DE LUCES ZANELLA RX 150 9 PINES DER. NSU,3.617855431723595,0,OTROS,ZANELLA,NS 150
1347/00175-022,COMANDO DERECHO YAMAHA NEW CRYPTON (PULSADOR) NSU,6.775901848498536,0,OTROS,YAMAHA,CRYPTON
1327/00080-022,COMANDO FRENO/EMBRAGUE SUZUKI AX100 NSU,11.89453090671627,0,OTROS,SUZUKI,AX100
1347/00516-038,COMANDO HONDA STORM SET LUCES/BOCINA/ARRANQUE NSU,11.02047956208572,0,OTROS,HONDA,UNIVERSAL
1347/00535-022,COMANDO HONDA WAVE BOCINA/GIRO/LUCES NSU,7.695488527937623,0,OTROS,HONDA,WAVE
1347/00545-038,COMANDO IZQ.LUCES BOCINA GIROS HONDA CG 150 NEW NSU,9.173124824589157,0,OTROS,HONDA,CG150
1347/00530-038,COMANDO LUCES BETA BK150 LUCES/GIRO/BOCINA CR057 NSU,7.388014911663255,0,OTROS,BETA,UNIVERSAL
1347/00184-022,COMANDO LUCES GIRO Y BOCINA C/MANIJA SUZUKI GN 125 NSU,10.4543541973938,0,OTROS,SUZUKI,NS 125
1347/00310-038,COMANDO LUCES HONDA DAX110 LUCES/BALIZA/ARR.CROMAD NSU,4.775541143570481,0,OTROS,HONDA,UNIVERSAL
1347/00300-038,COMANDO LUCES HONDA DAX110 LUCES/GIRO/BOCINA NSU,4.775541143570481,0,OTROS,HONDA,UNIVERSAL
1347/00053-022,COMANDO LUCES IZQ.HONDA CBX 250 TWISTER NSU,7.232522456566888,0,OTROS,HONDA,TWISTER
1347/01110-038,COMANDO LUCES IZQUIERDO HONDA XR 125L NSU,5.669956876145553,0,OTROS,HONDA,XR
1347/00401-038,COMANDO LUCES Y ARR. YAMAHA YBR125 BRASIL L.DER NSU,3.859915596415758,0,OTROS,YAMAHA,YBR125
1347/01200-022,COMANDO LUCES Y ARRANQUE SUZUKI GN125 NSU,6.21565695107975,0,OTROS,SUZUKI,GN125
1347/00520-038,COMANDO LUCES YAM.CRYPTON LUCES/GIRO/BOC. CR077 NSU,9.292689511875,0,OTROS,,CRYPTON
1347/00510-038,COMANDO LUCES ZANELLA SEXY LUCES/ARRANQUE CR060 NSU,6.265326371165407,0,OTROS,ZANELLA,UNIVERSAL
1347/00139-022,"COMANDO LUCES, GIRO Y BOCINA HONDA STORM L.IZQ. NSU",5.522326215127658,0,OTROS,HONDA,UNIVERSAL
1347/00145-022,"COMANDO LUCES,GIRO Y BOCINA HONDA CG 150 L.IZQ. NSU",7.568440368278274,0,OTROS,HONDA,CG150
1347/00148-022,"COMANDO LUCES,GIRO Y BOCINA HONDA XR 250 TORNADO NSU",9.934135220589754,0,OTROS,HONDA,XR 250
1347/00155-022,"COMANDO LUCES,GIRO Y BOCINA YAMAHA XTZ 125 NSU",7.325690762043457,0,OTROS,YAMAHA,XTZ125
1347/00149-022,"COMANDO LUCES,GIRO,CEB,BOC,MONDIAL HD254 L.IZQ.NEG NSU",9.503458959546661,0,OTROS,MONDIAL,UNIVERSAL
1347/00146-022,"COMANDO LUCES,GIRO,CEB,BOCINA YAMAHA CRYPTON L.IZQ NSU",7.858228489241982,0,OTROS,YAMAHA,CRYPTON
1347/00368-077,COMANDO LUCES/GIRO/BOCINA MOTOMEL DAKAR 200 NSU,4.946458328581696,0,OTROS,MOTOMEL,NS 200
1342/00182-038,COMANDO MAN FRENO C/BOMBA H.CG/TITAN ESP.R.DER.8MM NSU,8.76278160850994,0,OTROS,,TITAN
1342/00140-038,COMANDO MANIJA C/BOMBA HONDA CB400/CB250 NIGHTWAK NSU,9.81854690365997,0,OTROS,HONDA,CB
1342/00021-038,COMANDO MANIJA DE FRENO C/BOMBA SUZUKI EN125 NSU,9.946226627071383,0,OTROS,SUZUKI,EN125
1342/00021-022,COMANDO MANIJA DE FRENO C/BOMBA SUZUKI EN125 NSU,9.946416141398906,0,OTROS,SUZUKI,EN125
1342/00025-077,COMANDO MANIJA DE FRENO C/CALIP.MOTOMEL CUSTOM/ZAN NSU,111.3272443061413,0,OTROS,MOTOMEL,UNIVERSAL
1342/00005-038,COMANDO MANIJA DE FRENO GILERA SMASH C/BOMBA NSU,11.97915567655964,0,OTROS,GILERA,SMASH
1342/00005-022,COMANDO MANIJA DE FRENO GILERA SMASH C/BOMBA NSU,11.97676446197147,0,OTROS,GILERA,SMASH
1342/00020-038,COMANDO MANIJA DE FRENO UNIV.C/BOMBA Y SOP.RECTANG NSU,14.70135306575775,0,OTROS,,UNIVERSAL
1347/00528-022,COMANDO MANIJA EMBRAGUE BAJAJ ROUSER 135 2CABLES NSU,4.78618894991066,0,OTROS,BAJAJ,ROUSER
1347/00362-022,COMANDO MANIJA EMBRAGUEC/SOP.ESPEJO SKUA150/200/S2 NSU,3.900297492618943,0,OTROS,MOTOMEL,SKUA150
1342/00050-022,COMANDO MANIJA FRENO A DISCO UNIVERSAL RECTANGULAR NSU,10.22980851819992,0,FRENOS,,UNIVERSAL
1342/00100-038,COMANDO MANIJA FRENO C/BOMBA BETA1105/FUTURA/WAVE NSU,8.51834310308075,0,FRENOS,BETA,WAVE
1342/00160-038,COMANDO MANIJA FRENO C/BOMBA CG125/TITAN2000/150 NSU,10.75428440358124,0,FRENOS,HONDA,CG125 / TITAN
1342/00190-038,COMANDO MANIJA FRENO C/BOMBA GILERA VC 150 CUSTOM NSU,10.3603155689946,0,FRENOS,GILERA,NS 150
1342/00115-022,COMANDO MANIJA FRENO C/BOMBA HONDA CBX 250 NSU,11.07144797463656,0,FRENOS,HONDA,CB 250
1342/00120-038,COMANDO MANIJA FRENO C/BOMBA HONDA STORM NSU,9.367407627772867,0,FRENOS,HONDA,UNIVERSAL
1342/00070-077,COMANDO MANIJA FRENO C/BOMBA MOTOMEL MOTARD 200 NSU,23.60757100325131,0,FRENOS,MOTOMEL,NS 200
1342/00075-038,COMANDO MANIJA FRENO C/BOMBA MOTOMEL SKUA 150/200/ NSU,9.849220864665984,0,FRENOS,MOTOMEL,SKUA150
1342/00195-022,COMANDO MANIJA FRENO C/BOMBA ROUSER NS200 NSU,11.76136051631269,0,FRENOS,BAJAJ,NS200 / ROUSER
1342/00130-038,COMANDO MANIJA FRENO C/BOMBA UNIVERSAL 125/150 NSU,11.54334942628899,0,FRENOS,,NS 125
1342/00155-038,COMANDO MANIJA FRENO C/BOMBA YAMAHA FZ 16 NEW NSU,11.18019665718842,0,FRENOS,YAMAHA,FZ16
1342/00250-022,COMANDO MANIJA FRENO C/BOMBA YAMAHA FZ16 NSU,10.93263515977925,0,FRENOS,YAMAHA,FZ16
1342/00220-038,COMANDO MANIJA FRENO C/BOMBA YAMAHA YBR CHINA NSU,11.14417830746269,0,FRENOS,YAMAHA,YBR
1342/00040-077,COMANDO MANIJA FRENO C/BOMBA/CALIPER ZANELLA RX150 NSU,58.9592562558225,0,FRENOS,ZANELLA,RX150
1342/00080-077,COMANDO MANIJA FRENO DELC/BOMBA/CALIPER HONDACR250 NSU,64.06567832711899,0,FRENOS,HONDA,UNIVERSAL
1347/00380-038,COMANDO MOTOMEL SKUA 150 LUCES/GIRO/BOCINA NSU,7.296336268289565,0,OTROS,MOTOMEL,SKUA150
1347/00361-022,COMANDO SOPORTE MANIJA MOTOMEL SKUA/S2 AZAPATAxJGO NSU,7.639801049078752,0,OTROS,MOTOMEL,UNIVERSAL
1321/03014-560,COMANDO TUBO ACELERADOR GILERA SMASH MDA,0,1609.284996,OTROS,GILERA,SMASH
1321/03028-560,COMANDO TUBO ACELERADOR GILERA SMX200/MOTOMEL SKUA MDA,0,2414.08431,OTROS,GILERA / MOTOMEL,UNIVERSAL
1321/03016-150,COMANDO TUBO ACELERADOR HONDA BIZ CROMOFORTE,0.6011281649427223,0,OTROS,HONDA,BIZ
1321/03016-560,COMANDO TUBO ACELERADOR HONDA BIZ MDA,0,1839.510486,OTROS,HONDA,BIZ
1321/03017-560,COMANDO TUBO ACELERADOR HONDA TITAN MDA,0,1839.510486,OTROS,HONDA,TITAN
1321/03011-560,COMANDO TUBO ACELERADOR MDA,0,1609.284996,OTROS,,UNIVERSAL
1321/00205-566,COMANDO TUBO ACELERADOR SOLOSMASH-TRIP-BIZ-JIALING VC,0,1988.13285,OTROS,GILERA,SMASH
1321/03024-560,COMANDO TUBO ACELERADOR YAMAHA XTZ125 MDA,0,1839.510486,OTROS,YAMAHA,XTZ125
1321/03023-150,COMANDO TUBO ACELERADOR YAMAHA YBR 125 CROMOFORTE,0.5590175508328629,0,OTROS,YAMAHA,YBR125
1321/03023-560,COMANDO TUBO ACELERADOR YAMAHA YBR 125 MDA,0,1839.510486,OTROS,YAMAHA,YBR125
1347/00141-038,"COMANDOLUCES,GIRO YBOCINA YAMAHA YBR125BRASIL L.IZ NSU",4.356017754294635,0,OTROS,YAMAHA,YBR125
1347/00141-022,"COMANDOLUCES,GIRO YBOCINA YAMAHA YBR125BRASIL L.IZ NSU",4.356040174011097,0,OTROS,YAMAHA,YBR125
1537/00630-077,COMPRESOR DE RESORTES DE VALVULAS NSU,27.15228104045334,0,MOTOR,,UNIVERSAL
1431/00534-623,CONDENSADOR CICLOMOTORES ZANELLA 48 DZE,0,6292.153791000001,OTROS,ZANELLA,UNIVERSAL
1431/00020-567,CONDENSADOR GILERA 200 GOIBILEO V-7516 POLHEA,0,27.432999,OTROS,GILERA,NS 200
1431/00571-623,CONDENSADOR HONDA DAX DZE,0,7382.946285,OTROS,HONDA,UNIVERSAL
1431/00050-567,CONDENSADOR UNIVERSAL C/CABLE POLHEA,0,29.510811,OTROS,,UNIVERSAL
1431/00500-623,CONDENSADOR UNIVERSAL DZE,0,7117.58421,OTROS,,UNIVERSAL
1431/00535-623,CONDENSADOR ZANELLA SOL DZE,0,8115.237801,OTROS,ZANELLA,SOL
1494/00300-038,CONECTOR FILTRO AIRE A VERIFICAR NSU,0.8227963951652528,0,FILTROS,,UNIVERSAL
1494/00115-038,CONECTOR FILTRO AIRE GILERA SMASH/BIZ CORTO NSU,0.9679960199851227,0,FILTROS,GILERA,SMASH
1494/00100-022,CONECTOR FILTRO AIRE GILERA SMASH/BIZ LARGO NSU,0.7381152743575288,0,FILTROS,GILERA,SMASH
1494/00100-038,CONECTOR FILTRO AIRE GILERA SMASH/BIZ LARGO NSU,0.7380932312301636,0,FILTROS,GILERA,SMASH
1494/00113-022,CONECTOR FILTRO AIRE HONDA BIZ 105 NSU,0.8711961831161498,0,FILTROS,HONDA,BIZ
1494/00114-038,CONECTOR FILTRO AIRE HONDA CG150 TITAN NSU,2.347388548182964,0,FILTROS,HONDA,CG150 / TITAN
1494/00114-022,CONECTOR FILTRO AIRE HONDA CG150 TITAN NSU,2.347373851954651,0,FILTROS,HONDA,CG150 / TITAN
1494/00117-022,CONECTOR FILTRO AIRE HONDA STORM NSU,2.686220055810928,0,FILTROS,HONDA,UNIVERSAL
1494/00122-038,CONECTOR FILTRO AIRE HONDA XR150L NSU,4.368091303125,0,FILTROS,HONDA,XR
1494/00119-022,CONECTOR FILTRO AIRE MONDIAL HD 250/254 NSU,3.327486621774101,0,FILTROS,MONDIAL,NS 250
1494/00121-022,CONECTOR FILTRO AIRE MOTOMEL DAKAR 200 NSU,2.032823477796021,0,FILTROS,MOTOMEL,NS 200
1494/00126-038,CONECTOR FILTRO AIRE SUZUKI AX 100 NSU,0.5929114950000001,0,FILTROS,SUZUKI,100
1494/00200-038,CONECTOR FILTRO AIRE YAMAHA YBR 125 NSU,2.286928570547104,0,FILTROS,YAMAHA,YBR125
1494/00260-022,CONECTOR FILTRO AIRE ZANELLA RX 150 NSU,0.9922134290456772,0,FILTROS,ZANELLA,NS 150
1317/00077-022,CONJ. CILINDRO ALUM. YAMAHA FZ 16 C/PISTON Y ARO NSU,39.59102654383393,0,MOTOR,YAMAHA,FZ16
1317/00080-138,CONJ. CILINDRO ALUM. ZANELLA RX 150 C/PISTON Y ARO .,34.74227140010376,0,MOTOR,ZANELLA,150
1317/00080-077,CONJ. CILINDRO ALUM. ZANELLA RX 150 C/PISTON Y ARO NSU,33.99313966475715,0,MOTOR,ZANELLA,NS 150
1317/00080-022,CONJ. CILINDRO ALUM. ZANELLA RX 150 C/PISTON Y ARO NSU,34.00171389721552,0,MOTOR,ZANELLA,NS 150
1317/00008-128,CONJ. CILINDRO ALUM.BAJAJ PULSAR 200 C/PISTON Y AR .,43.19027957518959,0,MOTOR,BAJAJ,PULSAR
1715/00005-022,CONJ. DE DIRECCION BAJAJ ROUSER NS200 NSU,3.331292699456062,0,OTROS,BAJAJ,NS200 / ROUSER
1715/00056-022,CONJ. DE DIRECCION GILERA SMASH NSU,2.419992792735329,0,OTROS,GILERA,SMASH
1715/00071-022,CONJ. DE DIRECCION HONDA CBX250 TWISTER CONICO NSU,3.581651309165754,0,OTROS,HONDA,TWISTER
1715/00080-022,CONJ. DE DIRECCION HONDA CG125/DAX70 NSU,2.208885650730801,0,OTROS,HONDA,CG125
1715/00104-022,CONJ. DE DIRECCION HONDA TITAN 150 NEW NSU,3.509020230420255,0,OTROS,HONDA,TITAN
1715/00103-022,CONJ. DE DIRECCION HONDA TITAN 2000/TITAN150 NSU,3.055124636113472,0,OTROS,HONDA,TITAN
1715/00108-022,CONJ. DE DIRECCION HONDA TORNADO REV NSU,3.532034212237931,0,OTROS,HONDA,TORNADO
1715/00106-022,CONJ. DE DIRECCION HONDA WAVE 110S NSU,2.807163195661011,0,OTROS,HONDA,WAVE110
1715/00125-022,CONJ. DE DIRECCION KAWASAKI KAZER NSU,4.356002515512552,0,OTROS,KAWASAKI,UNIVERSAL
1715/00130-022,CONJ. DE DIRECCION SUZUKI AX100  NSU,2.726132677319554,0,OTROS,SUZUKI,AX100
1715/00131-022,CONJ. DE DIRECCION SUZUKI EN125 NSU,2.896776260396575,0,OTROS,SUZUKI,EN125
1715/00140-022,CONJ. DE DIRECCION YAMAHA  V-80 NSU,2.98785061668515,0,OTROS,YAMAHA,80
1715/00140-569,CONJ. DE DIRECCION YAMAHA  V-80 PRO,0,143.565048,OTROS,YAMAHA,80
1715/00135-022,CONJ. DE DIRECCION YAMAHA CRYPTON NSU,2.896776260396575,0,OTROS,YAMAHA,CRYPTON
1715/00137-022,CONJ. DE DIRECCION YAMAHA FZ16 NSU,2.805299115331422,0,OTROS,YAMAHA,FZ16
1715/00155-022,CONJ. DE DIRECCION YAMAHA NEW CRYPTON NSU,2.754478479184113,0,OTROS,YAMAHA,CRYPTON
1715/00166-022,CONJ. DE DIRECCION YAMAHA XTZ 125 NSU,3.244388780612069,0,OTROS,YAMAHA,XTZ125
1715/00215-022,CONJ. DE DIRECCION ZANELLA RX 150 CONICO NSU,3.165000025763913,0,OTROS,ZANELLA,NS 150
1317/00063-038,CONJ.CIL.ALUM.ROUSER NS200 C/PISTON Y ARO D72MMP17 NSU,65.4123134156376,0,MOTOR,BAJAJ,NS200 / ROUSER
1317/00069-128,CONJ.CILI. ALUM.MOT.SKUA 250 D67MMC/P Y ARO VARILL .,31.01942409773003,0,MOTOR,,SKUA 250
1317/00053-022,CONJ.CILIN ALUM. HONDA NX 200 63.5mm P15 C/PyARO NSU,44.38260555097275,0,MOTOR,HONDA,NS 200
1317/00020-022,CONJ.CILINDRO ALUM. BIZ 50MM C/PISTON Y AROS NSU,22.20098273307655,0,MOTOR,HONDA,BIZ
1317/00090-022,CONJ.CILINDRO ALUM. GIL.REVOLUTIOM 52.4 P14 C/AR NSU,46.65694643463274,0,MOTOR,,UNIVERSAL
1317/00062-022,"CONJ.CILINDRO ALUM. HONDA BIZ 125 52,4MMC/PISTON NSU",30.27457821962357,0,MOTOR,HONDA,BIZ
1317/00064-022,CONJ.CILINDRO ALUM. HONDA TWISTER 250 73MM C/PISTO NSU,67.09270524076538,0,MOTOR,HONDA,TWISTER
1317/00066-128,CONJ.CILINDRO ALUM. HONDA XR125L C/PISTON Y AROS .,31.55666174398499,0,MOTOR,HONDA,XR
1317/00055-128,CONJ.CILINDRO ALUM. SUZUKI AX100 C/PISTON Y ARO .,37.70343481374893,0,MOTOR,SUZUKI,AX100
1317/00055-022,CONJ.CILINDRO ALUM. SUZUKI AX100 C/PISTON Y ARO NSU,37.36463629809265,0,MOTOR,SUZUKI,AX100
1317/00070-022,CONJ.CILINDRO ALUM. T-100 52.4MMH72.5C/PISTONYAROS NSU,51.77058088326257,0,MOTOR,,100
1317/00059-022,CONJ.CILINDRO ALUM.G.TRIP 52.4MM(120CM3)C/PIST/ARO NSU,31.04846397050057,0,MOTOR,,UNIVERSAL
1317/00058-022,CONJ.CILINDRO ALUM.GUERR.TRIP 54MM P13 NSU,38.85076052858791,0,MOTOR,,UNIVERSAL
1317/00057-128,CONJ.CILINDRO ALUM.M.MOTARD/DAKAR200 D67 P16 C/PIS .,44.63670443771496,0,MOTOR,,UNIVERSAL
1317/00056-128,CONJ.CILINDRO ALUM.SKUA 200 C/PISTY ARO D63.5 P15 .,41.01924098747939,0,MOTOR,,SKUA200
1317/00056-022,CONJ.CILINDRO ALUM.SKUA 200 C/PISTY ARO D63.5 P15 NSU,40.99405440969085,0,MOTOR,,SKUA200
1317/00072-128,CONJ.CILINDRO ALUM.YAMAHA CRYPTON C/PISTON Y AROS .,33.58517957889175,0,MOTOR,YAMAHA,CRYPTON
1317/00072-022,CONJ.CILINDRO ALUM.YAMAHA CRYPTON C/PISTON Y AROS NSU,35.0488138640419,0,MOTOR,YAMAHA,CRYPTON
1317/00073-128,CONJ.CILINDRO ALUM.YAMAHA NEW CRYPTON 51MM C/PISTO .,36.71123916075554,0,MOTOR,YAMAHA,CRYPTON
1317/00075-128,CONJ.CILINDRO ALUM.YAMAHA YBR125 C/PISTON Y AROS .,37.63083513182259,0,MOTOR,YAMAHA,YBR125
1317/00075-022,CONJ.CILINDRO ALUM.YAMAHA YBR125 C/PISTON Y AROS NSU,36.63936305631821,0,MOTOR,YAMAHA,YBR125
1317/00075-077,CONJ.CILINDRO ALUM.YAMAHA YBR125 C/PISTON Y AROS NSU,36.62844960034562,0,MOTOR,YAMAHA,YBR125
1317/00043-022,CONJ.CILINDRO GILERA SMASH50MM C/PISTON YARO NSU,25.2404894163929,0,MOTOR,GILERA,SMASH
1317/00045-138,CONJ.CILINDRO GILERA SMASH52.4MMC/PISTONYARO .,25.90940938062572,0,MOTOR,GILERA,SMASH
1317/00041-022,CONJ.CILINDRO HONDA DAX70 47MM P13 C/PISTON Y ARO NSU,20.7199492217791,0,MOTOR,HONDA,UNIVERSAL
1715/00109-022,CONJ.DE DIRECCION HONDA XR 150 L NSU,4.051773186745692,0,OTROS,HONDA,XR 150
1187/00045-038,CONJ.ENG. CAJA MOT.CUSTON/CERRO/ZAN150 C/BAL C/ROS NSU,48.27830067055207,0,OTROS,,UNIVERSAL
1187/00070-077,CONJ.ENGRANAJE CAJA  ZANELLA RX 150 NSU,26.81403230020163,0,OTROS,ZANELLA,NS 150
1187/00023-077,CONJ.ENGRANAJE CAJA DAX110/MAX110/DAY110/FUSION NSU,18.24672005748825,0,OTROS,,UNIVERSAL
1187/00005-022,CONJ.ENGRANAJE CAJA GILERA SMASH NSU,22.62691788318872,0,OTROS,GILERA,SMASH
1187/00010-022,CONJ.ENGRANAJE CAJA HONDA C100 NSU,22.54264811451302,0,OTROS,HONDA,UNIVERSAL
1187/00027-038,CONJ.ENGRANAJE CAJA HONDA WAVE 110S NSU,24.5754674269289,0,OTROS,HONDA,WAVE110
1187/00035-038,CONJ.ENGRANAJE CAJA HONDA XR 150 L NSU,52.62678283633691,0,OTROS,HONDA,XR 150
1187/00022-077,CONJ.ENGRANAJE CAJA M90 NSU,28.79201503351145,0,OTROS,,UNIVERSAL
1187/00042-077,CONJ.ENGRANAJE CAJA MOTOMEL CG150/SKUA 150 NSU,36.07018684959355,0,OTROS,HONDA / MOTOMEL,CG150 / SKUA150
1187/00047-077,CONJ.ENGRANAJE CAJA MOTOMEL MOTARD 200 NSU,36.17958318594475,0,OTROS,MOTOMEL,NS 200
1187/00047-038,CONJ.ENGRANAJE CAJA MOTOMEL MOTARD 200 NSU,36.1789548181994,0,OTROS,MOTOMEL,NS 200
1187/00046-038,CONJ.ENGRANAJE CAJA MOTOMEL MOTARD200 C/BALANCEADO NSU,34.98124347259603,0,OTROS,MOTOMEL,UNIVERSAL
1187/00043-038,CONJ.ENGRANAJE CAJA MOTOMEL SKUA 200 LARGO NSU,32.05258381525606,0,OTROS,MOTOMEL,SKUA200
1187/00048-022,CONJ.ENGRANAJE CAJA MOTOMEL SKUA 250 NSU,34.9786918108627,0,OTROS,MOTOMEL,NS 250
1187/00060-038,CONJ.ENGRANAJE CAJA SUZUKI AX 100 NSU,36.9044654248581,0,OTROS,SUZUKI,100
1187/00062-038,CONJ.ENGRANAJE CAJA YAMAHA NEW CRYPTON 110cc. NSU,41.39553860717668,0,OTROS,YAMAHA,CRYPTON
1187/00065-022,CONJ.ENGRANAJE CAJA YAMAHA YBR NSU,43.97095829386745,0,OTROS,YAMAHA,YBR
1417/00040-514,CONJUNTO RECTO DE ACERO ESPECIAL ZANELLA C/JAULA BRN,0,75905.05982400001,OTROS,ZANELLA,UNIVERSAL
1123/00110-566,CONO PEDALIN TRAS. ZANELLA DUE VC,0,758.244564,OTROS,GILERA / ZANELLA,DUE
1821/00160-621,CONTRA TUERCA DIRECCION ZANELLA RX150 x5unid. .,0,5652.217097999999,TORNILLERÍA Y FIJACIONES,ZANELLA,RX150
1859/00110-566,CONTRAPESOS VARIADOR KENIA JIALINGxJGO. VC,0,3981.489633,OTROS,GILERA,UNIVERSAL
1359/00017-517,CORONA BACCIO BOMBE 1/2 X 3/16 Z40 CATALANO,0,16067.36736,TRANSMISIÓN,,UNIVERSAL
1359/01855-517,CORONA BAJAJ GUERRERO 200 PULSAR/ROUSER/RX200 Z-38 CATALANO,0,29463.481971,TRANSMISIÓN,BAJAJ,ROUSER
1359/10021-517,CORONA BAJAJ/ROUSER 200 NS Z-39 CATALANO,0,32881.031865,TRANSMISIÓN,BAJAJ,ROUSER
1359/01849-517,CORONA BETA 200 TR MOTARD CAD.428 Z-48 C/REB. CATALANO,0,27100.411866,TRANSMISIÓN,BETA,200
1359/01851-517,CORONA BETA 300 EURO CAD.530 Z-46 CATALANO,0,51019.683759,TRANSMISIÓN,BETA,300
1359/00165-517,CORONA CR80 Z-46 CATALANO,0,44557.051374,TRANSMISIÓN,,UNIVERSAL
1354/00005-038,CORONA DE DISTRIBUCION GILERA SMASH Z-32 3AGUJEROS NSU,0.9424288826961136,0,TRANSMISIÓN,GILERA,SMASH
1354/00010-022,CORONA DE DISTRIBUCION GUERRERO 50/70/100/ECONOZ32 NSU,1.331041461374225,0,TRANSMISIÓN,,50
1354/00020-038,CORONA DE DISTRIBUCION HONDA C100 BIZ Z-28 3AGUJER NSU,0.5909532518799591,0,TRANSMISIÓN,HONDA,BIZ
1354/00039-077,CORONA DE DISTRIBUCION HONDA CG 150 NEW (34T) NSU,2.335303855624122,0,LUBRICANTES,HONDA,CG150
1354/00038-077,CORONA DE DISTRIBUCION HONDA WAVE 110S Z-32 NSU,2.636848769869137,0,TRANSMISIÓN,HONDA,WAVE110
1354/00090-022,CORONA DE DISTRIBUCION MOT.CUSTOM 200/CB200 32D.2A NSU,0.8731201198947145,0,TRANSMISIÓN,,CB 200
1354/00120-077,CORONA DE DISTRIBUCION YAMAHA YBR125 Z-34 NSU,2.371645959623623,0,TRANSMISIÓN,YAMAHA,YBR125
1354/00130-038,CORONA DE DISTRIBUCION YAMAHA YBR125/XTZ125 Z-36 NSU,2.625654163075447,0,TRANSMISIÓN,YAMAHA,XTZ125 / YBR125
1359/00135-517,CORONA FOURTRAX Z-38 CATALANO,0,40910.06006999999,TRANSMISIÓN,,UNIVERSAL
1359/00036-517,CORONA GARELLI NOI BIM.BBE Z-46 CATALANO,0,23068.427481,TRANSMISIÓN,,UNIVERSAL
1359/00043-517,CORONA GARELLI NOI MATIC Z-30 CATALANO,0,7879.51395,TRANSMISIÓN,,UNIVERSAL
1359/00038-517,CORONA GARELLI NOI MATIC Z-32 CATALANO,0,7879.51395,TRANSMISIÓN,,UNIVERSAL
1359/01838-517,CORONA GILERA 200 SMX C/PROTEC.CAD.428 Z-46 CATALANO,0,25386.628608,TRANSMISIÓN,GILERA,200
1359/01847-128,CORONA GILERA 200 SMX MOTARD (BOMBE) CAD.428 Z46 .,2.7001755,0,TRANSMISIÓN,GILERA,200
1359/01872-517,CORONA GILERA 250 G1 CAD.520 Z-44 CATALANO,0,29610.830205,TRANSMISIÓN,GILERA,250
1359/01834-517,CORONA GILERA 250 VCR CAD.520 Z-36 CATALANO,0,22362.657471,TRANSMISIÓN,GILERA,VC 250
1359/01868-517,CORONA GILERA 400 SMX CAD.520 Z-40 CATALANO,0,39028.620906,TRANSMISIÓN,GILERA,UNIVERSAL
1359/00069-517,CORONA GILERA FUTURA 110-GILERA SMASH Z-36 CATALANO,0,11073.865671,TRANSMISIÓN,GILERA,SMASH
1359/00027-517,CORONA GILERA SMASH/WAVE/DAELIM CITY PLUS Z-35 CATALANO,0,10865.074968,TRANSMISIÓN,GILERA,SMASH
1359/01873-517,CORONA GILERA VCR 200 CAD.428 Z-38 CATALANO,0,19799.842986,TRANSMISIÓN,GILERA,VC 200
1359/00386-517,CORONA GUERRERO 110 TRIP 1/2 X 1/4 Z-35 CATALANO,0,12213.241722,TRANSMISIÓN,,110
1359/00385-517,CORONA GUERRERO 125GC Q Z-39 CATALANO,0,19254.770172,TRANSMISIÓN,,UNIVERSAL
1359/00389-517,CORONA GUERRERO 80 M.4TIEMPOS 1/2 X 5/16 Z44 CATALANO,0,26576.224983,LUBRICANTES,,80
1359/01368-517,CORONA GUERRERO TRIP 110/LD/ZB110 1/2 X 5/16 Z-34 CATALANO,0,12300.313806,TRANSMISIÓN,,ZB110
1359/01032-517,CORONA HONDA 100 BIZ C/PROTECT. 1/2X5/16 Z35 CATALANO,0,13789.154313,TRANSMISIÓN,HONDA,BIZ
1359/00164-517,CORONA HONDA 100 BIZ Z-35 CATALANO,0,12213.241722,TRANSMISIÓN,HONDA,BIZ
1359/01370-517,CORONA HONDA 125 NXR BROS 1/2 X 5/16 Z51 CATALANO,0,30627.487935,TRANSMISIÓN,HONDA,XR 125
1359/01397-517,CORONA HONDA 125 NXR BROS 1/2 X 5/16 Z54 CATALANO,0,36704.94102,TRANSMISIÓN,HONDA,XR 125
1359/01012-517,CORONA HONDA 125 NXR BROS 1/2*5/16 Z-52 CATALANO,0,29243.841561,TRANSMISIÓN,HONDA,XR 125
1359/01396-517,CORONA HONDA 125 NXR BROSS CAD.428 Z-50 CATALANO,0,30396.811599,TRANSMISIÓN,HONDA,XR 125
1359/00136-517,CORONA HONDA 250 CBN 250 Z-33 CATALANO,0,18877.549284,TRANSMISIÓN,HONDA,CB 250
1359/01049-517,CORONA HONDA 400 NX FALCON 5/8X1/4 Z40 CATALANO,0,41654.26960199999,TRANSMISIÓN,HONDA,UNIVERSAL
1359/01824-517,CORONA HONDA BIZ 125 CAD.428 Z-34 CATALANO,0,11598.062355,TRANSMISIÓN,HONDA,BIZ
1359/00092-517,CORONA HONDA C-90 ECONO-POWER Z-36 CATALANO,0,11819.270925,TRANSMISIÓN,HONDA,C90
1359/00174-517,CORONA HONDA C-90 LUXE Z-39 CATALANO,0,15759.037701,TRANSMISIÓN,HONDA,C90
1359/00174-523,CORONA HONDA C-90 LUXE Z-39 DGM,0,43.839873,TRANSMISIÓN,HONDA,C90
1359/00098-517,CORONA HONDA CB1 125 CAD.428 Z-44 CATALANO,0,13864.798431,TRANSMISIÓN,HONDA,CB 125
1359/01413-517,CORONA HONDA CBX 250 TWISTER S/PROTECT.CAD520 Z37 CATALANO,0,22100.66694,TRANSMISIÓN,HONDA,TWISTER
1359/01025-517,CORONA HONDA CG125 TITAN Z-44 CATALANO,0,14705.734032,TRANSMISIÓN,HONDA,CG125 / TITAN
1359/00095-517,CORONA HONDA CG125 TODAY Z-43 CATALANO,0,11789.730711,TRANSMISIÓN,HONDA,CG125
1359/00107-128,CORONA HONDA CG125-ZANELLA RX 150 Z-38 C/PROTECTOR .,4.804799399695301,0,TRANSMISIÓN,HONDA / ZANELLA,CG125
1359/00094-517,CORONA HONDA CG125-ZANELLA RX 150 Z-38 CATALANO,0,12740.006268,TRANSMISIÓN,HONDA / ZANELLA,CG125
1359/00089-517,CORONA HONDA DAX 70 C/PIV.Z-35 CATALANO,0,12213.241722,TRANSMISIÓN,HONDA,70
1359/00090-517,CORONA HONDA DAX70 C/P Z-38 CATALANO,0,15759.037701,TRANSMISIÓN,HONDA,UNIVERSAL
1359/00087-517,CORONA HONDA MB5 50 Z-40 CATALANO,0,32382.464796,TRANSMISIÓN,HONDA,50
1359/10020-517,CORONA HONDA NEW WAVE 110 CAD.420 Z-37 CATALANO,0,15759.037701,TRANSMISIÓN,HONDA,WAVE110
1359/00130-517,CORONA HONDA NIGHTHAWK 250 Z-33 CATALANO,0,19024.299657,TRANSMISIÓN,HONDA,250
1359/00099-517,CORONA HONDA NX M90 150 Z-48 CATALANO,0,19923.364989,TRANSMISIÓN,HONDA,150
1359/01452-517,CORONA HONDA STORM 1/2 X 5/16 Z-40 BOMBE CATALANO,0,17829.381339,TRANSMISIÓN,HONDA,UNIVERSAL
1359/01429-517,CORONA HONDA STORM BOMBE 1/2 X 5/16 Z-36 CATALANO,0,16359.466563,TRANSMISIÓN,HONDA,UNIVERSAL
1359/00126-517,CORONA HONDA TRANSALP Z-47 CATALANO,0,37618.78626,TRANSMISIÓN,HONDA,UNIVERSAL
1359/00101-517,CORONA HONDA TWISTAR 200-ZAN.RX150  428 Z-35 CATALANO,0,24118.408611,TRANSMISIÓN,HONDA,RX150
1359/00096-517,CORONA HONDA XL ED 125 Z-56 CATALANO,0,18031.8798,TRANSMISIÓN,HONDA,125
1359/00100-517,CORONA HONDA XL ED 185 Z-50 CATALANO,0,21721.66227,TRANSMISIÓN,HONDA,50
1359/01356-517,CORONA HONDA XLX/XL 250 TORNADO Z-40 CATALANO,0,31969.166427,TRANSMISIÓN,HONDA,TORNADO
1359/00152-517,CORONA HYOSUNG Z-45 CATALANO,0,16787.701656,TRANSMISIÓN,,UNIVERSAL
1359/00219-517,CORONA KAWASAKI  KE100 Z-40 CATALANO,0,15526.35216,TRANSMISIÓN,KAWASAKI,UNIVERSAL
1359/01058-517,CORONA KAWASAKI 100 KH Z-39 CATALANO,0,27763.75334700001,TRANSMISIÓN,KAWASAKI,100
1359/01080-517,CORONA KAWASAKI 100 KM A 1/2 X 5/16 Z40 CATALANO,0,20315.493198,TRANSMISIÓN,KAWASAKI,100
1359/01056-517,CORONA KAWASAKI 80 AR Z-43 CATALANO,0,32744.396124,TRANSMISIÓN,KAWASAKI,80
1359/00196-517,CORONA KAWASAKI GTO 110 Z-38 CATALANO,0,14496.139647,TRANSMISIÓN,KAWASAKI,110
1359/01875-517,CORONA MAVERICK 150 DUA/SKUA 200 CAD.428 Z-50 CATALANO,0,23227.438905,TRANSMISIÓN,,SKUA200
1359/01245-517,CORONA MONDIAL 125 RD 1/2X5/16 Z40 CATALANO,0,15486.599304,TRANSMISIÓN,MONDIAL,125
1359/01830-517,CORONA MONDIAL 250 HD CAD.520 Z-30 CATALANO,0,18028.537659,TRANSMISIÓN,MONDIAL,HD 250
1359/01869-517,CORONA MONDIAL RD200 CAD.520 Z-34 CATALANO,0,25575.327261,TRANSMISIÓN,MONDIAL,UNIVERSAL
1359/01497-517,CORONA MOTOMEL 110 MAX CAD.428 Z-35 CATALANO,0,12213.241722,TRANSMISIÓN,MOTOMEL,110
1359/01238-517,CORONA MOTOMEL 125/150 Z-44 CATALANO,0,18353.362401,TRANSMISIÓN,MOTOMEL,125
1359/11105-077,CORONA MOTOMEL MOTARD 200 Z-50 NSU,10.23672788721085,0,TRANSMISIÓN,MOTOMEL,NS 200
1359/01104-517,CORONA MOTOMEL SKUA-SUZUKI 125 GN Z-42 CATALANO,0,13604.973921,TRANSMISIÓN,MOTOMEL,SKUA 125
1359/00299-517,CORONA SUZUKI 100 AX CAD.428 Z-42 CATALANO,0,14726.825784,TRANSMISIÓN,SUZUKI,100
1359/01109-517,CORONA SUZUKI 110 FX 2000 Z-37 CATALANO,0,10370.820339,TRANSMISIÓN,SUZUKI,110
1359/01415-517,CORONA SUZUKI 125 GN CAD.428 Z39 CATALANO,0,16440.618843,TRANSMISIÓN,SUZUKI,125
1359/00293-517,CORONA SUZUKI 50 BIRDI Z-33 CATALANO,0,14289.446358,TRANSMISIÓN,SUZUKI,50
1359/00266-517,CORONA SUZUKI 90RV Z-47 CATALANO,0,32744.396124,TRANSMISIÓN,SUZUKI,UNIVERSAL
1359/00276-517,CORONA SUZUKI DR 250/350 Z-47 CATALANO,0,44851.198986,TRANSMISIÓN,SUZUKI,250
1359/00288-517,CORONA SUZUKI GS125 Z-43 CATALANO,0,13519.666017,TRANSMISIÓN,SUZUKI,UNIVERSAL
1359/01191-517,CORONA YAMAHA 125 YBR 1/2 X 5/16 Z43 CATALANO,0,13275.013455,TRANSMISIÓN,YAMAHA,YBR
1359/01825-517,CORONA YAMAHA 125 YBR CAD.428 Z-45 CATALANO,0,16838.911881,TRANSMISIÓN,YAMAHA,YBR
1359/01159-517,CORONA YAMAHA 125/125E YBR 2000 Z-42 CATALANO,0,13511.207754,TRANSMISIÓN,YAMAHA,YBR
1359/00303-517,CORONA YAMAHA 80 M/N Z-38 CATALANO,0,14298.600492,TRANSMISIÓN,YAMAHA,80
1359/00304-517,CORONA YAMAHA 80 MOD.92/93 Z-40 CATALANO,0,22023.376254,TRANSMISIÓN,YAMAHA,80
1359/00305-517,CORONA YAMAHA C 80 Z-38 CATALANO,0,28353.371706,TRANSMISIÓN,YAMAHA,80
1359/01153-517,CORONA YAMAHA CRYPTON 100 Z-37 CATALANO,0,10775.640843,TRANSMISIÓN,YAMAHA,CRYPTON
1359/00323-517,CORONA YAMAHA DT125/175 M-94 4AG CATALANO,0,18489.68451,TRANSMISIÓN,YAMAHA,UNIVERSAL
1359/01871-517,CORONA YAMAHA FZ 16 CAD.428 Z-40 CATALANO,0,18227.674377,TRANSMISIÓN,YAMAHA,FZ16
1359/00320-517,CORONA YAMAHA FZR 400 Z-55 CATALANO,0,32744.396124,TRANSMISIÓN,YAMAHA,FZ
1359/01158-517,"CORONA YAMAHA RX100, ZANELLA SEXY CAD.428 Z-38 CATALANO",0,11725.906599,TRANSMISIÓN,YAMAHA / ZANELLA,UNIVERSAL
1359/01206-517,CORONA YAMAHA TVS ASTRA Z-39 CATALANO,0,13875.158088,TRANSMISIÓN,TVS / YAMAHA,UNIVERSAL
1359/01151-523,CORONA YAMAHA V80 Z-38 DGM,0,36.567531,TRANSMISIÓN,YAMAHA,UNIVERSAL
1359/01854-517,CORONA YAMAHA YBR250 CAD.428 Z44 CATALANO,0,13869.130473,TRANSMISIÓN,YAMAHA,YBR
1359/00344-517,CORONA ZANELLA 110 SOL 4T BUSSINES Z-39 CATALANO,0,13337.847666,LUBRICANTES,ZANELLA,SOL 110
1359/00357-517,CORONA ZANELLA BBE 100/125 M/V Z-41 CATALANO,0,21367.806966,TRANSMISIÓN,ZANELLA,100
1359/00355-517,CORONA ZANELLA BBE 100/125 M/V Z-41 CATALANO,0,32500.116,TRANSMISIÓN,ZANELLA,100
1359/01840-517,CORONA ZANELLA CARGO MAX CAD.428 Z-45 CATALANO,0,17887.089627,TRANSMISIÓN,ZANELLA,UNIVERSAL
1359/00373-517,CORONA ZANELLA CUSTON150 Z-38 CATALANO,0,15895.546029,TRANSMISIÓN,ZANELLA,UNIVERSAL
1359/01210-517,CORONA ZANELLA DELIVERY Z-39 CATALANO,0,13789.154313,TRANSMISIÓN,ZANELLA,UNIVERSAL
1359/00346-517,CORONA ZANELLA SOL 50 Z-42 CATALANO,0,9061.436142,TRANSMISIÓN,ZANELLA,SOL 50
1359/00366-517,CORONA ZANELLA SURUMPIO C/PIVOT Z-50 CATALANO,0,46206.481266,TRANSMISIÓN,ZANELLA,50
1359/00353-517,CORONA ZANELLA V1 PNA 50 Z-35 CATALANO,0,7879.51395,TRANSMISIÓN,ZANELLA,50
1359/00354-517,CORONA ZANELLA V3 PNA 50 Z-38 CATALANO,0,7879.51395,TRANSMISIÓN,ZANELLA,50
1359/01814-517,CORONA ZANELLA ZTT200 CAD.428 Z-42 CATALANO,0,18798.955065,TRANSMISIÓN,ZANELLA,UNIVERSAL
1359/01839-517,CORONA ZANELLA ZTT200 SUPERMOTARD BOMBE CATALANO,0,19831.363002,TRANSMISIÓN,ZANELLA,UNIVERSAL
1355/01000-022,CORONA/PIÑON 420-Z34/15  6ESTRIAS 4AGUJEROS 8.5 NSU,4.931928988495851,0,TRANSMISIÓN,,UNIVERSAL
1355/00400-128,CORONA/PIÑON BAJAJ ROUSER 135 Z35/16 .,3.799383354145432,0,TRANSMISIÓN,BAJAJ,ROUSER
1355/00405-128,CORONA/PIÑON BAJAJ ROUSER 135 Z43/15 .,4.111561986428719,0,TRANSMISIÓN,BAJAJ,ROUSER
1355/00410-128,CORONA/PIÑON BAJAJ ROUSER 200 Z36/14 .,5.916849392605305,0,TRANSMISIÓN,BAJAJ,ROUSER
1355/00410-138,CORONA/PIÑON BAJAJ ROUSER 200 Z36/14 .,5.912570872169495,0,TRANSMISIÓN,BAJAJ,ROUSER
1355/00422-138,CORONA/PIÑON BAJAJ ROUSER 200/220 Z39/14 .,7.470633513654327,0,TRANSMISIÓN,BAJAJ,ROUSER
1355/00420-128,CORONA/PIÑON BAJAJ ROUSER 200NS/220 Z39/14 .,4.706840995486221,0,TRANSMISIÓN,BAJAJ,ROUSER
1355/00420-138,CORONA/PIÑON BAJAJ ROUSER 200NS/220 Z39/14 .,6.038045598272896,0,TRANSMISIÓN,BAJAJ,ROUSER
1355/00425-138,CORONA/PIÑON CORVEN TRIAX Z46/17 .,4.960890531858187,0,TRANSMISIÓN,CORVEN,UNIVERSAL
1355/00425-128,CORONA/PIÑON CORVEN TRIAX Z46/17 .,4.961002991513643,0,TRANSMISIÓN,CORVEN,UNIVERSAL
1355/05048-517,CORONA/PIÑON GILERA 110 SMASH C/REB. Z-36/14 CATALANO,0,18745.078968,TRANSMISIÓN,GILERA,SMASH
1355/05077-517,CORONA/PIÑON GILERA SMASH 110 Z-35/15 S/REB. CATALANO,0,17451.229356,TRANSMISIÓN,GILERA,SMASH
1355/05065-517,CORONA/PIÑON GILERA SMASH 110 Z-36/15 C/REB. CATALANO,0,20393.43075,TRANSMISIÓN,GILERA,SMASH
1355/05079-517,CORONA/PIÑON GILERA SMASH 110 Z-36/15 CATALANO,0,17682.621165,TRANSMISIÓN,GILERA,SMASH
1355/00121-128,CORONA/PIÑON GILERA SMASH Z-35/15 S/REBAJE .,3.847821028230772,0,TRANSMISIÓN,GILERA,SMASH
1355/00121-138,CORONA/PIÑON GILERA SMASH Z-35/15 S/REBAJE .,3.839602935213089,0,TRANSMISIÓN,GILERA,SMASH
1355/00125-128,CORONA/PIÑON GILERA SMASH Z36/14 C/REBAJE .,3.847904385839711,0,TRANSMISIÓN,GILERA,SMASH
1355/00125-138,CORONA/PIÑON GILERA SMASH Z36/14 C/REBAJE .,3.839602935213089,0,TRANSMISIÓN,GILERA,SMASH
1355/00110-128,CORONA/PIÑON GILERA SMASH/FUTURA 110 Z-36/14 .,3.617851239798088,0,TRANSMISIÓN,GILERA,SMASH
1355/00110-138,CORONA/PIÑON GILERA SMASH/FUTURA 110 Z-36/14 .,3.610320826981544,0,TRANSMISIÓN,GILERA,SMASH
1355/20182-022,CORONA/PIÑON GUERRERO 70/100 Z-41/15 NSU,18.8427999006369,0,TRANSMISIÓN,,70
1355/21371-128,CORONA/PIÑON GUERRERO TRIP 110/LD/ZB110 Z-34/15 .,4.367407957577476,0,TRANSMISIÓN,,ZB110
1355/00124-138,CORONA/PIÑON GUERRERO TRIP Z35/14 .,4.168125146636582,0,TRANSMISIÓN,,UNIVERSAL
1355/00124-128,CORONA/PIÑON GUERRERO TRIP Z35/14 .,4.174564364080238,0,TRANSMISIÓN,,UNIVERSAL
1355/05049-517,CORONA/PIÑON GUERRERO TRIP Z-35/14 CATALANO,0,18642.472299,TRANSMISIÓN,,UNIVERSAL
1355/00054-128,CORONA/PIÑON HONDA  CG TITAN 150 Z43/16 C/PROTEC. .,4.392276424507456,0,TRANSMISIÓN,HONDA,TITAN
1355/00054-138,CORONA/PIÑON HONDA  CG TITAN 150 Z43/16 C/PROTEC. .,5.190997710911064,0,TRANSMISIÓN,HONDA,TITAN
1355/05089-517,CORONA/PIÑON HONDA 100 BIZ  CAD. 428 Z-35/14 CATALANO,0,18421.391142,TRANSMISIÓN,HONDA,BIZ
1355/05009-128,CORONA/PIÑON HONDA 100 BIZ C/PROTEC. Z-35/15 .,4.440694594100304,0,TRANSMISIÓN,HONDA,BIZ
1355/05009-138,CORONA/PIÑON HONDA 100 BIZ C/PROTEC. Z-35/15 .,4.440621731073332,0,TRANSMISIÓN,HONDA,BIZ
1355/00056-128,CORONA/PIÑON HONDA 100 NF WAVE Z36/14 .,3.903442898239861,0,TRANSMISIÓN,HONDA,WAVE
1355/05005-138,CORONA/PIÑON HONDA BIZ 125 Z34/14 .,4.101897478805866,0,TRANSMISIÓN,HONDA,BIZ
1355/05005-128,CORONA/PIÑON HONDA BIZ 125 Z34/14 .,4.101806688586236,0,TRANSMISIÓN,HONDA,BIZ
1355/00120-128,CORONA/PIÑON HONDA BIZ Z35/15 .,4.157541784982071,0,TRANSMISIÓN,HONDA,BIZ
1355/00209-138,CORONA/PIÑON HONDA CB190R Z45/14 .,6.170984049236297,0,TRANSMISIÓN,HONDA,CB
1355/00052-128,CORONA/PIÑON HONDA CB190R Z45/14 C/PROTECTOR .,4.992038365422821,0,TRANSMISIÓN,HONDA,CB
1355/00214-128,CORONA/PIÑON HONDA CBF250 NEW TWISTER Z40/13 .,4.965725695378876,0,TRANSMISIÓN,HONDA,TWISTER
1355/00213-128,CORONA/PIÑON HONDA CBX250 Z37/13 C/PROTECTOR .,7.768350896415968,0,TRANSMISIÓN,HONDA,CB
1355/05013-517,CORONA/PIÑON HONDA CG 125 TITAN Z-44/14 CATALANO,0,21575.284335,TRANSMISIÓN,HONDA,CG125 / TITAN
1355/05012-517,CORONA/PIÑON HONDA CG 125 TODAY Z-43/14 CATALANO,0,18343.84563,TRANSMISIÓN,HONDA,CG125
1355/05092-128,CORONA/PIÑON HONDA CG 150 Z38/16 .,3.780023438965073,0,TRANSMISIÓN,HONDA,CG150
1355/00152-128,CORONA/PIÑON HONDA CG TITAN 2000 Z-44/15 .,5.009406082587433,0,TRANSMISIÓN,HONDA,TITAN
1355/00006-128,CORONA/PIÑON HONDA CG TODAY 428-43/14 C/PROTECTOR .,5.026317978700677,0,TRANSMISIÓN,HONDA,CG
1355/00002-138,CORONA/PIÑON HONDA CG TODAY 428-Z43/14 .,4.549580067384338,0,TRANSMISIÓN,HONDA,CG
1355/00230-138,CORONA/PIÑON HONDA CG125-ZANELLA RX150 428-Z38/15 .,4.438725924631119,0,TRANSMISIÓN,HONDA,CG125 / RX150
1355/00230-128,CORONA/PIÑON HONDA CG125-ZANELLA RX150 428-Z38/15 .,3.932538924286509,0,TRANSMISIÓN,HONDA,CG125 / RX150
1355/20089-128,CORONA/PIÑON HONDA DAX 70 C/PIV. Z-35/15 .,4.142607753505326,0,TRANSMISIÓN,HONDA,70
1355/05096-128,CORONA/PIÑON HONDA NXR 125 BROSS Z54/17 .,7.998143795088787,0,TRANSMISIÓN,HONDA,XR 125
1355/00158-138,CORONA/PIÑON HONDA STORM 125 Z38/15 BOMBEE .,4.17250626213112,0,TRANSMISIÓN,HONDA,STORM 125
1355/00158-128,CORONA/PIÑON HONDA STORM 125 Z38/15 BOMBEE .,4.174455372895432,0,TRANSMISIÓN,HONDA,STORM 125
1355/05085-128,CORONA/PIÑON HONDA TORNADO Z44/13 .,5.45707609146366,0,TRANSMISIÓN,HONDA,TORNADO
1355/05085-138,CORONA/PIÑON HONDA TORNADO Z44/13 .,7.814279638591574,0,TRANSMISIÓN,HONDA,TORNADO
1355/05086-128,CORONA/PIÑON HONDA TORNADO Z46/13 .,6.666961117190408,0,TRANSMISIÓN,HONDA,TORNADO
1355/05086-138,CORONA/PIÑON HONDA TORNADO Z46/13 .,8.191685685346986,0,TRANSMISIÓN,HONDA,TORNADO
1355/05021-128,CORONA/PIÑON HONDA WAVE 110 Z37/14 CAD.420H .,3.801803343542976,0,TRANSMISIÓN,HONDA,WAVE110
1355/00058-128,CORONA/PIÑON HONDA WAVE 110S Z37/14 CAD.428 .,3.973622590768661,0,TRANSMISIÓN,HONDA,WAVE110
1355/00260-138,CORONA/PIÑON HONDA XLR125 428-Z50/14 .,5.73053489338623,0,TRANSMISIÓN,HONDA,UNIVERSAL
1355/05087-128,CORONA/PIÑON HONDA XR 250 TORNADO Z40/13 .,5.081948346126366,0,TRANSMISIÓN,HONDA,XR 250
1355/05087-138,CORONA/PIÑON HONDA XR 250 TORNADO Z40/13 .,5.081904286417007,0,TRANSMISIÓN,HONDA,XR 250
1355/05088-128,CORONA/PIÑON HONDA XR250 TORNADO CAD.520 Z38/13 .,7.247936206285743,0,TRANSMISIÓN,HONDA,TORNADO
1355/05088-138,CORONA/PIÑON HONDA XR250 TORNADO CAD.520 Z38/13 .,7.247968269356347,0,TRANSMISIÓN,HONDA,TORNADO
1355/21245-138,CORONA/PIÑON MONDIAL 125RD 1/2X5/16 Z-40/15 .,4.307534851662341,0,TRANSMISIÓN,MONDIAL,UNIVERSAL
1355/21245-128,CORONA/PIÑON MONDIAL 125RD 1/2X5/16 Z-40/15 .,4.307620326358166,0,TRANSMISIÓN,MONDIAL,UNIVERSAL
1355/05101-128,CORONA/PIÑON MOTOMEL 150 SKUA CAD. 428 Z-45/16 .,4.468260739227677,0,TRANSMISIÓN,MOTOMEL,SKUA 150
1355/05101-517,CORONA/PIÑON MOTOMEL 150 SKUA CAD. 428 Z-45/16 CATALANO,0,24562.227294,TRANSMISIÓN,MOTOMEL,SKUA 150
1355/20100-128,CORONA/PIÑON MOTOMEL DAKAR 200 Z-50/15 .,5.701495020615692,0,TRANSMISIÓN,MOTOMEL,200
1355/20101-128,CORONA/PIÑON MOTOMEL DAKAR 200 Z50/16 .,5.239206976651525,0,TRANSMISIÓN,MOTOMEL,200
1355/20101-138,CORONA/PIÑON MOTOMEL DAKAR 200 Z50/16 .,5.239216137889368,0,TRANSMISIÓN,MOTOMEL,200
1355/20104-128,CORONA/PIÑON MOTOMEL SERIE 2/3/4 Z38/16 .,4.111561986428719,0,TRANSMISIÓN,MOTOMEL,UNIVERSAL
1355/00298-128,CORONA/PIÑON SUZUKI AX100 428 Z-44/14 .,4.731212947776891,0,TRANSMISIÓN,SUZUKI,AX100
1355/00298-138,CORONA/PIÑON SUZUKI AX100 428 Z-44/14 .,4.731053140524731,0,TRANSMISIÓN,SUZUKI,AX100
1355/00290-128,CORONA/PIÑON SUZUKI AX100 428-Z42/13 .,5.444868673761435,0,TRANSMISIÓN,SUZUKI,AX100
1355/00290-138,CORONA/PIÑON SUZUKI AX100 428-Z42/13 .,5.440775328139114,0,TRANSMISIÓN,SUZUKI,AX100
1355/05038-517,CORONA/PIÑON YAMAHA 100 CRYPTON Z-37/15 CATALANO,0,18686.78262,TRANSMISIÓN,YAMAHA,CRYPTON
1355/00315-128,CORONA/PIÑON YAMAHA CRYPTON Z-37/15 .,4.452722291221762,0,TRANSMISIÓN,YAMAHA,CRYPTON
1355/00315-138,CORONA/PIÑON YAMAHA CRYPTON Z-37/15 .,4.45069535625,0,TRANSMISIÓN,YAMAHA,CRYPTON
1355/05102-128,CORONA/PIÑON YAMAHA FZ16 CAD. 428 Z-40/14 .,3.932538924286509,0,TRANSMISIÓN,YAMAHA,FZ16
1355/05102-138,CORONA/PIÑON YAMAHA FZ16 CAD. 428 Z-40/14 .,3.932580636319427,0,TRANSMISIÓN,YAMAHA,FZ16
1355/05102-517,CORONA/PIÑON YAMAHA FZ16 CAD. 428 Z-40/14 CATALANO,0,26910.21366,TRANSMISIÓN,YAMAHA,FZ16
1355/05110-128,CORONA/PIÑON YAMAHA NEW CRYPTON Z38/14 .,4.203521583535424,0,TRANSMISIÓN,YAMAHA,CRYPTON
1355/21158-084,CORONA/PIÑON YAMAHA RX100  Z38/15 NSU,7.29705478595297,0,TRANSMISIÓN,YAMAHA,UNIVERSAL
1355/00160-022,CORONA/PIÑON YAMAHA V80 Z38/14 NSU,13.4390843456383,0,TRANSMISIÓN,YAMAHA,UNIVERSAL
1355/00160-084,CORONA/PIÑON YAMAHA V80 Z38/14 NSU,13.43863767022829,0,TRANSMISIÓN,YAMAHA,UNIVERSAL
1355/00320-084,CORONA/PIÑON YAMAHA V80/DX100 420-Z36/15 NSU,6.642992997634941,0,TRANSMISIÓN,YAMAHA,UNIVERSAL
1355/00320-022,CORONA/PIÑON YAMAHA V80/DX100 420-Z36/15 NSU,6.025803043413397,0,TRANSMISIÓN,YAMAHA,UNIVERSAL
1355/05093-128,CORONA/PIÑON YAMAHA XTZ 125 Z43/15 .,5.081977734844208,0,TRANSMISIÓN,YAMAHA,XTZ125
1355/05095-128,CORONA/PIÑON YAMAHA XTZ 125 Z47/15 .,5.057798240426331,0,TRANSMISIÓN,YAMAHA,XTZ125
1355/05095-138,CORONA/PIÑON YAMAHA XTZ 125 Z47/15 .,5.05780114097557,0,TRANSMISIÓN,YAMAHA,XTZ125
1355/00350-138,CORONA/PIÑON YAMAHA YBR 125 428-Z43/14 .,4.234921364927445,0,TRANSMISIÓN,YAMAHA,YBR125
1355/00350-128,CORONA/PIÑON YAMAHA YBR 125 428-Z43/14 .,4.235020611156635,0,TRANSMISIÓN,YAMAHA,YBR125
1355/00360-128,CORONA/PIÑON YAMAHA YBR 125 428-Z45/14 .,4.416480650519372,0,TRANSMISIÓN,YAMAHA,YBR125
1355/05041-517,CORONA/PIÑON YAMAHA YBR125 Z-43/14 BRASIL CATALANO,0,20749.902921,TRANSMISIÓN,YAMAHA,YBR125
1355/05100-517,CORONA/PIÑON ZANELLA 50 CARGO CAD.415 Z-38/10 CATALANO,0,13028.743728,TRANSMISIÓN,ZANELLA,50
1355/05058-517,CORONA/PIÑON ZANELLA 50 V3 PLANA Z-38/10 CATALANO,0,13027.97925,TRANSMISIÓN,ZANELLA,50
1361/00220-038,CORREA 743X20X30 NSU,4.040842506098099,0,TRANSMISIÓN,,UNIVERSAL
1361/00230-038,CORREA 835X20X30 NSU,4.701006499189225,0,TRANSMISIÓN,,UNIVERSAL
1361/00240-038,CORREA 842X20X30 NSU,4.864178689065169,0,TRANSMISIÓN,,UNIVERSAL
1361/00085-038,"CORREA CORVEN EXPERT 729X17,7X30 NSU",3.673493187361908,0,TRANSMISIÓN,CORVEN,UNIVERSAL
1537/00280-156,CORTA CADENA DE TRACCION NSU,6.521855880142365,0,TRANSMISIÓN,,UNIVERSAL
1537/00090-156,CORTACADENA 420-530 NSU,3.569544057059899,0,TRANSMISIÓN,,UNIVERSAL
1537/00100-038,CORTACADENA Y REMACHADOR 3 MEDIDAS NSU,38.07770853838692,0,TRANSMISIÓN,,UNIVERSAL
1229/00020-533,CORTINA PLASTICA CICLOMEJOR,0,26.648919,OTROS,,UNIVERSAL
1004/00100-654,CREMA LIMPIAMANOS x1KG AROMA CITRICO ARGOIL,0,3005.035605,MOTOR,,UNIVERSAL
1761/00031-077,CRISTO INFERIOR HONDA WAVE 2014 NSU,24.09598574782608,0,OTROS,HONDA,WAVE
1761/00029-022,CRISTO INFERIOR HONDA WAVE NSU,22.33631501316033,0,OTROS,HONDA,WAVE
1761/00034-077,CRISTO INFERIOR YAMAHA YBR 125 NSU,21.53746107435697,0,OTROS,YAMAHA,YBR125
1761/00040-077,CRISTO INFERIOR ZANELLA CUSTOM 150/CERRO 150 NSU,35.09086915511996,0,OTROS,ZANELLA,NS 150
1761/00060-077,CRISTO INFERIOR ZANELLA RX 150 NSU,20.18510317427244,0,OTROS,ZANELLA,NS 150
1363/01530-058,CUBIERTA CALLE 10 X 350 4PR HDMA005 TT YAMASIDA/KESHUA,17.2301071499097,0,OTROS,MONDIAL,UNIVERSAL
1363/00037-058,CUBIERTA CALLE 13 X 110/90 6PR HDMA023 TT YAMASIDA/KESHUA,29.81970343561741,0,OTROS,MONDIAL,HD 110
1363/00130-138,CUBIERTA CALLE 14  X  80/100  DJ 801 .,14.47662101141353,0,OTROS,,80
1363/00142-131,CUBIERTA CALLE 14  X  80/100  GM-686A YAMASIDA/FITSRU,17.26211207904374,0,OTROS,,80
1363/00132-138,CUBIERTA CALLE 14 X 80/100 TT DJ-00011 .,15.39139244944668,0,OTROS,,80
1363/00148-131,CUBIERTA CALLE 16  X  225  GM-002 YAMASIDA/FITSRU,11.32574625170631,0,OTROS,,UNIVERSAL
1363/01580-058,CUBIERTA CALLE 16 X 110/90 6PR HDML008 TL YAMASIDA/KESHUA,42.01979229712292,0,OTROS,MONDIAL,HD 110
1363/00049-638,CUBIERTA CALLE 16 X 250 4PR HDMA021 IMPERIAL CORD,0,25130.979324,OTROS,MONDIAL,HD 250
1363/00160-131,CUBIERTA CALLE 17  X  250  GM -422 YAMASIDA/FITSRU,13.18138858445389,0,OTROS,,250
1363/00171-131,CUBIERTA CALLE 17  X  275   GM - 423 YAMASIDA/FITSRU,17.59535578390089,0,OTROS,,UNIVERSAL
1363/00605-138,CUBIERTA CALLE 17 X 100/80 TT DJ-801 .,23.36297212373557,0,OTROS,,100
1363/01320-673,CUBIERTA CALLE 17 X 250 M/C38P TT SUPER CITY PIRELLI,0,56514.53600100001,OTROS,,250
1363/00101-138,CUBIERTA CALLE 18 X 275 DJ 402 TL .,19.60224510071039,0,OTROS,,UNIVERSAL
1363/00099-138,CUBIERTA CALLE 18 X 275 DJ 402 TT .,16.42232533992848,0,OTROS,,UNIVERSAL
1363/00104-131,CUBIERTA CALLE 18 X 275 GM-556 YAMASIDA/FITSRU,19.60503707367734,0,OTROS,,UNIVERSAL
1363/01140-138,CUBIERTA CALLE 18 X 275 L48 (DJ-125) .,16.42232533992848,0,OTROS,,125
1363/01380-673,CUBIERTA CALLE 18 X 275 M/C42P TT SUPER CITY PIRELLI,0,63582.527151,OTROS,,UNIVERSAL
1363/00109-131,CUBIERTA CALLE 18 X 300 GM-680 YAMASIDA/FITSRU,22.83244897547936,0,OTROS,,300
1363/01340-673,CUBIERTA CALLE 18 X 80/100 M/C TL 47P SUPER CITY PIRELLI,0,70624.92789,OTROS,,80
1363/00086-131,CUBIERTA CALLE 18 X 90/90 GM-565 YAMASIDA/FITSRU,25.2679101995305,0,OTROS,,90
1363/01350-673,CUBIERTA CALLE 18 X90/90 M/C51P TT SUPER CITY PIRELLI,0,70650.50850000001,OTROS,,90
1363/01200-138,CUBIERTA CALLE 19 X 300 M54 (DJ-643) .,22.12875669146862,0,OTROS,,300
1365/00039-058,CUBIERTA CROSS 12 X 80/100 6PR HDMC028/024 YAMASIDA/KESHUA,47.22983887728515,0,OTROS,MONDIAL,80
1365/00005-058,CUBIERTA CROSS 17 X 110/90 6PR HDMC014-1 YAMASIDA/KESHUA,72.3451854198412,0,OTROS,MONDIAL,HD 110
1365/00046-058,CUBIERTA CROSS 18 X 100/100 6PR HDMC014-2 TT YAMASIDA/KESHUA,83.28479955065603,0,OTROS,MONDIAL,100
1365/00051-058,CUBIERTA CROSS 18 X 110/100 6PR HDMC014-1 YAMASIDA/KESHUA,86.93933876756516,0,OTROS,MONDIAL,HD 110
1365/00062-058,CUBIERTA CROSS 19 X 100/90 6PR HDMC014-1 CROSS YAMASIDA/KESHUA,77.73153726239642,0,OTROS,MONDIAL,100
1365/00064-058,CUBIERTA CROSS 19 X 110/90 6PR HDMC014-2 CROSS YAMASIDA/KESHUA,87.7847970569401,0,OTROS,MONDIAL,HD 110
1365/00061-058,CUBIERTA CROSS 19 X 90/90 6PR HDMC014-1 TT YAMASIDA/KESHUA,44.96568977614918,0,OTROS,MONDIAL,90
1373/00059-058,CUBIERTA ENDURO 17 X 110/90 6PR HDMA040 TT YAMASIDA/KESHUA,36.85322255540645,0,OTROS,MONDIAL,HD 110
1373/00057-058,CUBIERTA ENDURO 17 X 110/90 6PR HDMC015 TT YAMASIDA/KESHUA,39.13878048707566,0,OTROS,MONDIAL,HD 110
1363/00299-058,CUBIERTA ENDURO 18 X 120/90 6PR HDMC015 TT YAMASIDA/KESHUA,46.83938703452134,0,OTROS,MONDIAL,90
1369/00100-058,CUBIERTA ENDURO 18 X 410 6PR HDMA069 TT YAMASIDA/KESHUA,38.0486074089925,0,OTROS,MONDIAL,UNIVERSAL
1369/00102-058,CUBIERTA ENDURO 18 X 410 6PR HDMC013 TT YAMASIDA/KESHUA,38.0486074089925,0,OTROS,MONDIAL,UNIVERSAL
1369/00120-058,CUBIERTA ENDURO 21 X 90/90 6PR HDMA040 TT YAMASIDA/KESHUA,29.291406009688,0,OTROS,MONDIAL,90
1373/00203-058,CUBIERTA ENDURO 21 X 90/90 6PR HDMC015 TT YAMASIDA/KESHUA,32.10526136728661,0,OTROS,MONDIAL,90
1371/00400-058,CUBIERTA PISTA 17 X 100/80 4PR HDML014 TL YAMASIDA/KESHUA,31.85678249322658,0,OTROS,MONDIAL,100
1371/00410-058,CUBIERTA PISTA 17 X 100/80 4PR HDML018 TL YAMASIDA/KESHUA,31.85678249322658,0,OTROS,MONDIAL,100
1371/00165-058,CUBIERTA PISTA 17 X 100/80 4PR HDML020 TL YAMASIDA/KESHUA,31.85678249322658,0,OTROS,MONDIAL,100
1371/00173-138,CUBIERTA PISTA 17 X 130/70 DJ-803B TT .,34.86295591615233,0,OTROS,,70
1371/00175-138,CUBIERTA PISTA 18 X 90/90 DJ 803 .,23.84213811508627,0,OTROS,,90
1481/00012-022,CUBIERTA SUPERIOR Y LATERAL YAMAHA FZ16 NSU,8.122127883399296,0,OTROS,YAMAHA,FZ16
1363/01310-673,CUBIERTA TRIAL 17 X 110/90 17M/C60P MT60 TT PIRELLI,0,124675.884531,OTROS,,110
1363/01400-673,CUBIERTA TRIAL 19 X 90/90 M/C52PDP MT60 TT PIRELLI,0,86649.72950700001,OTROS,,90
1267/00033-038,CUBRE ASIENTO SUZUKI AX 100 AZUL (COLIN) NSU,4.839971631063749,0,ACCESORIOS,SUZUKI,100
1267/00035-038,CUBRE ASIENTO SUZUKI AX 100 ROJO (COLIN) NSU,4.839938323729339,0,ACCESORIOS,SUZUKI,100
1277/00007-022,CUBRE BOCINA YAMAHA YBR 125 M/N xJGO. NSU,25.11934112179236,0,ACCESORIOS,YAMAHA,YBR125
1279/00040-566,CUBRE CABLE ZANELLA  FIRE GRIS VC,0,1800.943551,ACCESORIOS,GILERA / ZANELLA,UNIVERSAL
1281/00001-022,CUBRE CADENA BAJAJ ROUSER 200NS C/CORTASPRAY NSU,11.34257570387615,0,TRANSMISIÓN,BAJAJ,ROUSER
1281/00004-022,CUBRE CADENA GILERA SMASH-TRIP-BIZ NSU,2.779077454786835,0,TRANSMISIÓN,GILERA,SMASH
1281/00004-566,CUBRE CADENA GILERA SMASH-TRIP-BIZ VC,0,3469.504995,TRANSMISIÓN,GILERA,SMASH
1281/00084-150,CUBRE CADENA HONDA BIZ 100/125 CROMOFORTE,3.92637858794117,0,TRANSMISIÓN,HONDA,BIZ
1281/00096-077,CUBRE CADENA HONDA CG/TITAN 150 NEGRO NSU,3.024912556074686,0,TRANSMISIÓN,HONDA,TITAN
1281/00096-022,CUBRE CADENA HONDA CG/TITAN 150 NEGRO NSU,2.177978250658035,0,TRANSMISIÓN,HONDA,TITAN
1281/00120-077,CUBRE CADENA HONDA DAX110/MAX110/DAY110 NSU,10.10476821683029,0,TRANSMISIÓN,HONDA,UNIVERSAL
1281/00165-022,CUBRE CADENA HONDA STORM 125 NSU,2.637757872215366,0,TRANSMISIÓN,HONDA,STORM 125
1281/00115-150,CUBRE CADENA HONDA TITAN 125 1995/2004 CROMOFORTE,5.018090014749024,0,TRANSMISIÓN,HONDA,TITAN
1281/00098-150,CUBRE CADENA HONDA TITAN 150 04/13 CROMOFORTE,4.826118223686333,0,TRANSMISIÓN,HONDA,TITAN
1281/00183-150,CUBRE CADENA HONDA TORNADO/FALCON/XLR125/NX CROMOFORTE,3.428593641537781,0,TRANSMISIÓN,HONDA,TORNADO
1281/00182-536,CUBRE CADENA HONDA TORNADO/SKUA/XR150 NEGRO AF,0,3776.609529,TRANSMISIÓN,HONDA,TORNADO
1281/00185-022,CUBRE CADENA HONDA WAVE NSU,2.779077454786835,0,TRANSMISIÓN,HONDA,WAVE
1281/00210-022,CUBRE CADENA MOTOMEL SKUA 150 NSU,2.516759027649879,0,TRANSMISIÓN,MOTOMEL,SKUA150
1281/00030-022,CUBRE CADENA SUZUKI AX 100 . NSU,2.278630556798401,0,TRANSMISIÓN,SUZUKI,100
1281/00031-022,CUBRE CADENA SUZUKI AX 100 CHAPA xJGO. NSU,17.29285037030913,0,TRANSMISIÓN,SUZUKI,100
1281/00029-022,CUBRE CADENA SUZUKI GN 125 NSU,14.45929832164925,0,TRANSMISIÓN,SUZUKI,NS 125
1281/00033-022,CUBRE CADENA YAMAHA XTZ 125 NSU,4.567908919936981,0,TRANSMISIÓN,YAMAHA,XTZ125
1281/00032-022,CUBRE CADENA YAMAHA YBR 125 NSU,2.859297580869512,0,TRANSMISIÓN,YAMAHA,YBR125
1281/00032-566,CUBRE CADENA YAMAHA YBR 125 VC,0,3649.69638,TRANSMISIÓN,GILERA / YAMAHA,YBR125
1281/00055-536,CUBRE CADENA ZANELLA RX 150 NEGRO AF,0,3025.362879,TRANSMISIÓN,ZANELLA,150
1281/00055-022,CUBRE CADENA ZANELLA RX 150 NEGRO NSU,3.030596655173492,0,TRANSMISIÓN,ZANELLA,NS 150
1281/00055-566,CUBRE CADENA ZANELLA RX 150 NEGRO VC,0,3469.495194,TRANSMISIÓN,GILERA / ZANELLA,VC 150
1281/00045-536,CUBRE CADENA ZANELLA ZB AF,0,3025.362879,TRANSMISIÓN,ZANELLA,UNIVERSAL
1285/00110-505,CUBRE ESCAPE ZANELLA  G/N ZAN,0,811.160163,ACCESORIOS,ZANELLA,UNIVERSAL
1286/00011-566,CUBRE FRENTE GILERA SMASH AZUL VC,0,11349.597204,ACCESORIOS,GILERA,SMASH
1286/00014-566,CUBRE FRENTE GILERA SMASH NEGRO VC,0,11349.597204,ACCESORIOS,GILERA,SMASH
1286/00017-566,CUBRE FRENTE GILERA SMASH ROJO VC,0,11349.597204,ACCESORIOS,GILERA,SMASH
1286/00009-566,CUBRE FRENTE GILERA SMASH TUNING ROJO VC,0,11378.990403,ACCESORIOS,GILERA,SMASH
1286/00048-022,CUBRE FRENTE GILERA SMASH TUNNING ROJO/NEGRO NSU,40.28389589133073,0,ACCESORIOS,GILERA,SMASH
1286/00200-566,CUBRE FRENTE HONDA WAVE NEGRO VC,0,8015.277402000002,ACCESORIOS,GILERA / HONDA,WAVE
1291/00010-566,CUBRE MOTOR ARRANQUE DAELIM VC,0,2035.27566,ACCESORIOS,GILERA,UNIVERSAL
1653/00100-534,CUBRE PALANCA DE ARRANQUE TUNNING ALUMINIO FE,0,84.27879899999999,ACCESORIOS,,UNIVERSAL
1653/00110-534,CUBRE PALANCA DE ARRANQUE TUNNING DORADO FE,0,84.27879899999999,ACCESORIOS,,UNIVERSAL
1292/00309-022,CUBRE PIÑON HONDA WAVE 110 S NSU,6.135070327159654,0,TRANSMISIÓN,HONDA,WAVE110
1292/00120-077,CUBRE PIÑON MOTOMEL FUSSION 110 NSU,14.52024438163345,0,TRANSMISIÓN,MOTOMEL,NS 110
1292/00140-077,CUBRE PIÑON MOTOMEL SKUA 150 NSU,6.025937149008151,0,TRANSMISIÓN,MOTOMEL,SKUA150
1292/00320-022,CUBRE PIÑON NSU,4.546908509840041,0,TRANSMISIÓN,,UNIVERSAL
1001/00332-095,CUBREMOTOS TALLE G ALBA,37.80124723037608,0,ACCESORIOS,,UNIVERSAL
1001/00334-095,CUBREMOTOS TALLE GG ALBA,37.80124723037608,0,ACCESORIOS,,UNIVERSAL
1001/00336-095,CUBREMOTOS TALLE GGG ALBA,37.80124723037608,0,ACCESORIOS,,UNIVERSAL
1001/00300-566,CUBREMOTOS TALLE M 205X89X120 WATER PROOF C/BOLSO VC,0,16571.001546,ACCESORIOS,GILERA,UNIVERSAL
1001/00310-566,CUBREMOTOS TALLE XL 230X95X135 WATER PROOF C/BOLSO VC,0,17040.792879,ACCESORIOS,GILERA,UNIVERSAL
1297/00005-566,"CUBREPIERNAS HONDA C-100 BIZ,TRIP,SMASH NEGRO VC",0,21662.621046,ACCESORIOS,GILERA / HONDA,SMASH
1297/00068-566,CUBREPIERNAS HONDA NEW WAVE x JGO. VC,0,27783.129924,ACCESORIOS,GILERA / HONDA,WAVE
1321/03020-560,CUERPO PARA ACELERADOR GILERA SMASH MDA,0,2285.308971,OTROS,GILERA,SMASH
1321/03013-560,CUERPO PARA ACELERADOR HONDA BIZ/TODAY MDA,0,2690.825346,OTROS,HONDA,BIZ
1321/00310-038,CUERPO PARA ACELERADOR MOTOMEL SKUA 150 NSU,1.836746593680954,0,OTROS,MOTOMEL,SKUA150
1465/00250-022,CUPULINA DEL. BAJAJ ROUSER 180 COMPLETA. NSU,95.90860274386273,0,OTROS,BAJAJ,ROUSER
1465/00090-038,CUPULINA DEL. HONDA CG150 TITAN NEWNEGRO(3 PIEZAS) NSU,16.49265690254974,0,OTROS,HONDA,CG150 / TITAN
1465/00090-022,CUPULINA DEL. HONDA CG150 TITAN NEWNEGRO(3 PIEZAS) NSU,16.49261894079838,0,OTROS,HONDA,CG150 / TITAN
1465/00460-022,CUPULINA DEL. HONDA XR125 L BLANCA SOLA NSU,9.679886388236092,0,OTROS,HONDA,XR
1465/00470-022,CUPULINA DEL. HONDA XR125 L NEGRA NSU,9.679886388236092,0,OTROS,HONDA,XR
1465/00260-077,CUPULINA DEL. MOTARD 200 COMPLETA CARBONO NSU,48.53355809317684,0,OTROS,,NS 200
1465/00150-022,CUPULINA DEL. MOTOMEL MOTARD 200 BLANCA NSU,32.66897688797211,0,OTROS,MOTOMEL,NS 200
1465/00150-077,CUPULINA DEL. MOTOMEL MOTARD 200 BLANCA NSU,32.66965099329505,0,OTROS,MOTOMEL,NS 200
1465/00140-077,CUPULINA DEL. MOTOMEL MOTARD 200 NEGRO NSU,31.45989342709465,0,OTROS,MOTOMEL,NS 200
1465/00140-022,CUPULINA DEL. MOTOMEL MOTARD 200 NEGRO NSU,31.46005963491973,0,OTROS,MOTOMEL,NS 200
1465/00130-077,CUPULINA DEL. MOTOMEL MOTARD 200 ROJO NSU,32.67031554903255,0,OTROS,MOTOMEL,NS 200
1465/00130-022,CUPULINA DEL. MOTOMEL MOTARD 200 ROJO NSU,32.67009901809629,0,OTROS,MOTOMEL,NS 200
1465/00085-038,CUPULINA DEL. MOTOMEL SKUA 150/200/250 V6 BLANCO NSU,19.10551812179089,0,OTROS,MOTOMEL,SKUA150
1465/00210-022,CUPULINA DEL. UNIVERSA/ZANELLA ZR250 AZUL NSU,27.65950674413319,0,OTROS,ZANELLA,UNIVERSAL
1465/00190-022,CUPULINA DEL. UNIVERSAL NEGRO NSU,42.35052174749343,0,OTROS,,UNIVERSAL
1323/00060-560,DADO CORREDERA ACELERADOR PLASTICO MDA,0,1312.3539,CARROCERÍA,,UNIVERSAL
1001/00650-566,DEFENSA DE MOTOR YAMAHA FZ16 FRAME SLIDERS VC,0,40072.398003,OTROS,GILERA / YAMAHA,FZ16
1508/00100-566,DEPOSITO P/LIQUIDO FRENO TRAS.UNIVERSAL VC,0,2257.650549,OTROS,GILERA,UNIVERSAL
1051/00003-038,DESPIECE ARRANQUE BAJAJ ROUSER NS 220 NSU,1.476225416859055,0,OTROS,BAJAJ,ROUSER
1375/01345-667,DESTELLADOR CON ZUMBADOR PIETCARD,0,10303.654086,OTROS,,UNIVERSAL
1375/09331-623,DESTELLADOR GILERA SMASH-CERRO BIX 110 DZE,0,6893.0433,OTROS,GILERA,SMASH
1375/00888-623,DESTELLADOR HONDA BIZ 100 DZE,0,6868.805427000001,OTROS,HONDA,BIZ
1375/09330-623,DESTELLADOR MOTOMEL CUSTOM 150 DZE,0,6868.805427000001,OTROS,MOTOMEL,150
1375/01344-667,DESTELLADOR SIN ZUMBADOR 2X10W+3W PIETCARD,0,9061.818381,LUBRICANTES,,UNIVERSAL
1375/00894-623,DESTELLADOR SUZUKI AX 100 CC. DZE,0,5751.226799999999,OTROS,SUZUKI,100
1375/00895-623,DESTELLADOR SUZUKI EN/GN 125 CC. DZE,0,11465.445024,OTROS,SUZUKI,125
1232/00075-038,DIAFRAGMA DE CARBURADOR YAMAHA YBR 125 NSU,3.351663425388565,0,ALIMENTACIÓN / CARBURACIÓN,YAMAHA,YBR125
1501/09000-022,DISCO DE FRENO ZANELLA RX 150/CUSTOM NSU,12.85722615576668,0,FRENOS,ZANELLA,NS 150
1501/08127-546,DISCO FRENO DEL. BAJAJ ROUSER 180/200/220 HYD,0,100837.137654,FRENOS,BAJAJ,ROUSER
1501/00001-022,DISCO FRENO DEL. BAJAJ ROUSER/PULSAR NS200 NSU,17.0585709847744,0,FRENOS,BAJAJ,NS200 / ROUSER
1501/08122-546,DISCO FRENO DEL. BETA MOTARD HYD,0,108589.699251,FRENOS,BETA,UNIVERSAL
1501/08125-546,DISCO FRENO DEL. HONDA CG 150 TITAN HYD,0,91400.75445600001,FRENOS,HONDA,CG150 / TITAN
1501/00150-022,DISCO FRENO DEL. HONDA CG 150 TITAN NEW NSU,14.96530350573074,0,FRENOS,HONDA,CG150 / TITAN
1501/08125-022,DISCO FRENO DEL. HONDA CG 150 TITAN NSU,12.86245428921661,0,FRENOS,HONDA,CG150 / TITAN
1501/08113-546,DISCO FRENO DEL. HONDA FALCON 400 HYD,0,81281.496384,FRENOS,HONDA,UNIVERSAL
1501/08107-546,DISCO FRENO DEL. HONDA TWISTER CBX250 HYD,0,100837.137654,FRENOS,HONDA,TWISTER
1501/08104-546,DISCO FRENO DEL. HONDA XR 250 TORNADO HYD,0,83040.14862,FRENOS,HONDA,XR 250
1501/08104-022,DISCO FRENO DEL. HONDA XR 250 TORNADO NSU,16.93975285205337,0,FRENOS,HONDA,XR 250
1501/07258-517,DISCO FRENO DEL. KAWASAKI  KLR250 CATALANO,0,94659.79277700001,FRENOS,KAWASAKI,UNIVERSAL
1501/08085-546,DISCO FRENO DEL. MONDIAL 125-GILERA SUPA 125 HYD,0,91400.75445600001,FRENOS,MONDIAL,125
1501/07290-038,DISCO FRENO DEL. MOTOMEL SKUA150-200 NSU,16.61423873489284,0,FRENOS,MOTOMEL,SKUA150
1501/00300-546,DISCO FRENO DEL. SUZUKI ADRESS HYD,0,50550.55889400001,FRENOS,SUZUKI,UNIVERSAL
1501/00030-022,DISCO FRENO DEL. UNIVERSAL 4AUJ.220MMx50.25CENTRO NSU,27.8293826674952,0,FRENOS,,UNIVERSAL
1501/08110-546,DISCO FRENO DEL. YAMAHA CRYPTON/NEW CRYPTOZAN.SEXY HYD,0,68879.722626,FRENOS,YAMAHA,CRYPTON
1501/08110-022,DISCO FRENO DEL. YAMAHA CRYPTON/NEW CRYPTOZAN.SEXY NSU,13.22532607835855,0,FRENOS,YAMAHA,CRYPTON
1501/08124-546,DISCO FRENO DEL. YAMAHA FZ 16 HYD,0,105254.810991,FRENOS,YAMAHA,FZ16
1501/00390-038,DISCO FRENO DEL. YAMAHA FZ16 - FZ FI 2.0 NSU,16.9040201716571,0,FRENOS,YAMAHA,FZ16
1501/00390-022,DISCO FRENO DEL. YAMAHA FZ16 - FZ FI 2.0 NSU,16.90336136618437,0,FRENOS,YAMAHA,FZ16
1501/08111-546,DISCO FRENO DEL. YAMAHA XTZ 125 HYD,0,68879.722626,FRENOS,YAMAHA,XTZ125
1501/08112-546,DISCO FRENO DEL. YAMAHA YBR 125 HYD,0,81281.496384,FRENOS,YAMAHA,YBR125
1501/08128-546,DISCO FRENO DEL. YAMAHA YBR125 ED 5 AGUJ. HYD,0,90392.80001400001,FRENOS,YAMAHA,YBR125
1501/08103-546,DISCO FRENO DEL. ZANELLA RX150/GILERA VC125/150 HYD,0,104134.605696,FRENOS,GILERA / ZANELLA,RX150
1501/08126-546,DISCO FRENO TRAS. BAJAJ ROUSER 220 HYD,0,81281.496384,FRENOS,BAJAJ,ROUSER
1501/00011-022,DISCO FRENO TRAS. BAJAJ ROUSER NS200/PULSAR 200 NSU,13.96354650323421,0,FRENOS,BAJAJ,NS200 / ROUSER
1501/08021-546,DISCO FRENO TRAS. FALCON 400/HONDA CBR600 F1/F2 HYD,0,83344.46966999999,FRENOS,HONDA,CB
1501/07300-022,DISCO FRENO TRAS. MOTOMEL MOTARD 200 NSU,11.82178498110123,0,FRENOS,MOTOMEL,NS 200
1501/08116-546,DISCO FRENO TRAS. YAMAHA XTZ 250 HYD,0,77832.00503100001,FRENOS,YAMAHA,XTZ 250
1501/08098-546,DISCO FRENO TRAS. ZANELLA SEXY HYD,0,68879.722626,FRENOS,ZANELLA,UNIVERSAL
1501/07261-517,DISCO FRENO TRAS.KAWASKI KLX650 CATALANO,0,98127.76881600001,FRENOS,,UNIVERSAL
1419/00001-038,DISCOS EMB. BAJAJ ROUSER 135 NSU,3.433917544707871,0,FRENOS,BAJAJ,ROUSER
1419/00002-038,DISCOS EMB. BAJAJ ROUSER 220 x6 NSU,5.619310201915741,0,FRENOS,BAJAJ,ROUSER
1419/00003-038,DISCOS EMB. BAJAJ ROUSER NS200 x5 NSU,3.121786322832871,0,FRENOS,BAJAJ,NS200 / ROUSER
1419/00005-038,DISCOS EMB. HONDA BIZ 125 x4 NSU,2.540988867422104,0,FRENOS,HONDA,BIZ
1419/00034-038,DISCOS EMB. HONDA BIZ C-100/CD100 X 4 NSU,2.548291835752487,0,FRENOS,HONDA,BIZ
1419/00030-038,DISCOS EMB. HONDA C90/GILERA SMASH 110  x3 NSU,1.855679182958222,0,FRENOS,GILERA / HONDA,SMASH
1419/00039-038,DISCOS EMB. HONDA CBX200 x 5 NSU,3.550184352373123,0,FRENOS,HONDA,CB
1419/00038-038,DISCOS EMB. HONDA CBX250/TORNADO x 6 NSU,4.900478530028343,0,FRENOS,HONDA,TORNADO
1419/00018-038,DISCOS EMB. HONDA CG 150 (6 PZAS) NSU,2.931157528522253,0,FRENOS,HONDA,CG150
1419/00010-038,DISCOS EMB. HONDA CG125 X (5 UNIDADES) NSU,2.540988867422104,0,FRENOS,HONDA,CG125
1419/00036-038,DISCOS EMB. HONDA RS100 X 5 NSU,4.074341680085369,0,FRENOS,HONDA,UNIVERSAL
1419/00100-038,DISCOS EMB. SUZUKI AX 100 JUEGO NSU,2.591852379953385,0,FRENOS,SUZUKI,100
1419/00105-038,DISCOS EMB. SUZUKI EN125/GP110/125/GS-125 X 5 NSU,3.085486481869697,0,FRENOS,SUZUKI,EN125
1419/00106-038,DISCOS EMB. SUZUKI RB110 X 5 NSU,3.715799612237856,0,FRENOS,SUZUKI,UNIVERSAL
1419/00180-038,DISCOS EMB. YAMAHA CRYPTON X 5 NSU,2.404542039889527,0,FRENOS,YAMAHA,CRYPTON
1419/00124-038,DISCOS EMB. YAMAHA FZ16 x 4 NSU,3.085486481869697,0,FRENOS,YAMAHA,FZ16
1419/00210-038,DISCOS EMB. YAMAHA YBR 125 X 5 NSU,2.787874828857423,0,FRENOS,YAMAHA,YBR125
1551/00030-079,EJE CUENTA VUELTA ZANELLA CUSTOM 150 .,6.068472772870787,0,OTROS,ZANELLA,150
1376/00010-566,EJE DE CABALLETE GILERA SMASH VC,0,5075.193023999999,OTROS,GILERA,SMASH
1387/00015-022,EJE DE PALANCA DE ARRANQUE BAJAJ ROUSER 135 NSU,5.735394326574097,0,OTROS,BAJAJ,ROUSER
1387/00030-022,EJE DE PALANCA DE ARRANQUE SUZUKI AX100 NSU,6.241043929789353,0,OTROS,SUZUKI,AX100
1387/00220-022,EJE DE PALANCA HONDA BIZ/C90 HELICOIDAL NSU,6.485671941881561,0,OTROS,HONDA,BIZ
1387/00200-022,"EJE DE PALANCA HONDA C100,GILERA SMASH Z-12 RECTO NSU",5.869603245023919,0,OTROS,GILERA / HONDA,SMASH
1379/00050-530,EJE DE PORTARODILLO DAELIM ELE,0,670.7216340000001,MOTOR,,UNIVERSAL
1381/00025-530,EJE DE RUEDA DEL. GILERA SMASH/WAVE 12x220 ELE,0,3091.882266,OTROS,GILERA,SMASH
1381/00029-530,EJE DE RUEDA DEL. HONDA BIZ/RX150/CG150 12x210 ELE,0,3045.033486,OTROS,HONDA,CG150 / RX150
1381/00035-530,EJE DE RUEDA DEL. HONDA CG 12x200 ELE,0,2974.760316,OTROS,HONDA,CG
1381/00030-530,EJE DE RUEDA DEL. HONDA ECONO POWER C90 10x160 ELE,0,2459.453139,OTROS,HONDA,C90
1381/00039-530,EJE DE RUEDA DEL. HONDA WAVE 12x190 ELE,0,2940.113781,OTROS,HONDA,WAVE
1381/00061-530,EJE DE RUEDA DEL. UNIVERSAL LARGO 12x250 ELE,0,3857.438376000001,OTROS,,UNIVERSAL
1381/00064-530,EJE DE RUEDA DEL. YAMAHA CRYPTON 10X200 ELE,0,2693.687238,OTROS,YAMAHA,CRYPTON
1381/00066-530,EJE DE RUEDA DEL. YAMAHA YBR125 10x200 ELE,0,2693.687238,OTROS,YAMAHA,YBR125
1381/00090-530,EJE DE RUEDA DEL. ZANELLA SOL C/TUERCA YSEP.12x140 ELE,0,4169.355201,TORNILLERÍA Y FIJACIONES,ZANELLA,SOL
1383/00004-530,EJE DE RUEDA TRAS. BAJAJ ROUSER 15x280 ELE,0,4754.945349,OTROS,BAJAJ,ROUSER
1383/00020-530,EJE DE RUEDA TRAS. GIL.SMASH/HONDA C90/WAVE 12x210 ELE,0,3091.882266,OTROS,HONDA,SMASH
1383/00003-530,EJE DE RUEDA TRAS. HONDA BIZ/APPIA VECTRA 12x235 ELE,0,3175.32798,OTROS,HONDA,BIZ
1383/00015-530,EJE DE RUEDA TRAS. HONDA CG 125 15x235 ELE,0,4657.366593000001,OTROS,HONDA,CG125
1383/00017-530,EJE DE RUEDA TRAS. HONDA STORM 15x280 ELE,0,4754.945349,OTROS,HONDA,UNIVERSAL
1383/00018-530,EJE DE RUEDA TRAS. HONDA TORNADO/TWISTER 17X310 ELE,0,6277.452291,OTROS,HONDA,TWISTER
1383/00019-530,EJE DE RUEDA TRAS. HONDA WAVE 12x220 ELE,0,3104.76078,OTROS,HONDA,WAVE
1383/00045-530,EJE DE RUEDA TRAS. RX 150/CUSTOM 150/SKUA 15x310 ELE,0,4989.179448,OTROS,ZANELLA,SKUA 150
1383/00061-530,EJE DE RUEDA TRAS. UNIVERSAL 12x290 ELE,0,4052.233251,OTROS,,UNIVERSAL
1383/00064-530,EJE DE RUEDA TRAS. YAMAHA FZ16 15x310 ELE,0,4989.179448,OTROS,YAMAHA,FZ16
1383/00065-530,EJE DE RUEDA TRAS. YAMAHA YBR125 15x235 ELE,0,4614.810651,OTROS,YAMAHA,YBR125
1383/00066-530,EJE DE RUEDA TRAS. YAMAHA YBR250 15x290 ELE,0,5149.24938,OTROS,YAMAHA,YBR
1235/00010-533,EJE DEL FLOTANTE x10unid. CICLOMEJOR,0,107.977617,ALIMENTACIÓN / CARBURACIÓN,,UNIVERSAL
1377/00022-530,EJE HORQUILLON GILERA SMASH C/TOPE 10x270 ELE,0,4539.538971,OTROS,GILERA,SMASH
1377/00020-530,EJE HORQUILLON GILERA SMASH-HONDA BIZ-TRIP 10x245 ELE,0,2893.068981,OTROS,GILERA / HONDA,SMASH
1377/00032-530,EJE HORQUILLON HONDA CG 14x255 ELE,0,4263.052761,OTROS,HONDA,CG
1377/00038-530,EJE HORQUILLON HONDA STORM 12x265 ELE,0,3302.691975,OTROS,HONDA,UNIVERSAL
1377/00039-530,EJE HORQUILLON HONDA TWISTER 15x310 ELE,0,4989.179448,OTROS,HONDA,TWISTER
1377/00043-530,EJE HORQUILLON MOTOMEL SKUA 12x200 ELE,0,3045.033486,OTROS,MOTOMEL,UNIVERSAL
1377/00044-530,EJE HORQUILLON MOTOMEL SKUA 14X255 ELE,0,4280.802372,OTROS,MOTOMEL,UNIVERSAL
1377/00045-530,EJE HORQUILLON YAMAHA CRYPTON 12x250 ELE,0,3490.077294,OTROS,YAMAHA,CRYPTON
1377/00046-530,EJE HORQUILLON YAMAHA YBR 12x250 ELE,0,3504.612177,OTROS,YAMAHA,YBR
1377/00050-530,EJE HORQUILLON ZANELLA DUE 12x162 ELE,0,4333.31613,OTROS,ZANELLA,DUE
1377/00054-530,EJE HORQUILLON ZANELLA NEW FIRE 12x162 ELE,0,4333.31613,OTROS,ZANELLA,UNIVERSAL
1377/00052-530,EJE HORQUILLON ZANELLA RX 150 12x325 ELE,0,3418.520193,OTROS,ZANELLA,150
1387/00235-038,EJE PALANCA DE ARR.C110/DAX110/MAX110/DAY110 COMPL NSU,7.0904599425,0,OTROS,,UNIVERSAL
1387/00235-022,EJE PALANCA DE ARR.C110/DAX110/MAX110/DAY110 COMPL NSU,7.090633911240779,0,OTROS,,UNIVERSAL
1387/00255-077,EJE PALANCA DE ARRANQUE 150 HELICOIDAL NSU,4.840028218144525,0,OTROS,,NS 150
1387/00190-077,EJE PALANCA DE ARRANQUE HONDA BIZ 125 NSU,7.772898628330994,0,OTROS,HONDA,BIZ
1387/00225-022,EJE PALANCA DE ARRANQUE HONDA C90/GUERRERO110/SEXY NSU,7.879376691732788,0,OTROS,HONDA,C90
1387/00300-077,EJE PALANCA DE ARRANQUE MOTOMEL CG150/SKUA150/200 NSU,7.988873405108643,0,OTROS,HONDA / MOTOMEL,CG150 / SKUA150
1387/00300-022,EJE PALANCA DE ARRANQUE MOTOMEL CG150/SKUA150/200 NSU,7.998255571387853,0,OTROS,HONDA / MOTOMEL,CG150 / SKUA150
1387/00237-022,EJE PALANCA DE ARRANQUE MOTOMEL CUSTOM/ZANELLA150 NSU,7.998036885005064,0,OTROS,MOTOMEL,UNIVERSAL
1385/00004-022,EJE PALANCA DE CAMBIO GILERA SMASH-C100BIZ-TRIP NSU,5.190886313257426,0,OTROS,GILERA,SMASH
1385/00012-077,EJE PALANCA DE CAMBIO HONDA BIZ 125 NSU,3.886502972457047,0,OTROS,HONDA,BIZ
1385/00014-022,EJE PALANCA DE CAMBIO HONDA CBX250/TORNADO NSU,7.107410732069778,0,OTROS,HONDA,TORNADO
1385/00025-022,EJE PALANCA DE CAMBIO HONDA CG 150 NSU,12.7051731813977,0,OTROS,HONDA,CG150
1385/00009-077,EJE PALANCA DE CAMBIO HONDA DAX110/MAX110/DAY110 NSU,5.058567758013228,0,OTROS,HONDA,UNIVERSAL
1385/00007-022,EJE PALANCA DE CAMBIO MOTOMEL BIT EJE LARGO 270MM NSU,4.259234688866472,0,OTROS,MOTOMEL,UNIVERSAL
1385/00030-022,EJE PALANCA DE CAMBIO MOTOMEL BIT/FUSION L245 SOLO NSU,4.803730465981751,0,OTROS,MOTOMEL,UNIVERSAL
1385/00035-022,EJE PALANCA DE CAMBIO MOTOMEL BIT/FUSIONL245COMPL. NSU,8.500126872446824,0,OTROS,MOTOMEL,UNIVERSAL
1385/00038-022,EJE PALANCA DE CAMBIO MOTOMEL SKUA 150 NSU,4.254341360883866,0,OTROS,MOTOMEL,SKUA150
1385/00006-022,EJE PALANCA DE CAMBIO UNIVERSAL 110 ESTRIA CORTA NSU,3.876823014866868,0,OTROS,,NS 110
1385/00070-022,EJE PALANCA DE CAMBIO YAMAHA YBR 125 NSU,7.985997396504135,0,OTROS,YAMAHA,YBR125
1389/00015-057,EJE PRIMARIO HONDA NH 100 REGENT,9.24049148773944,0,OTROS,HONDA,100
1646/08300-560,ELEVADOR DE MANUBRIO A25MM/D22.22MM ALUMINIOXJGO MDA,0,38919.584781,OTROS,,UNIVERSAL
1646/08301-560,ELEVADOR DE MANUBRIO A25MM/D22.22MM NEGROXJGO MDA,0,38919.584781,OTROS,,UNIVERSAL
1646/08320-560,ELEVADOR DE MANUBRIO A25MM/D28.6MM ALUMINIOXJGO MDA,0,38919.584781,OTROS,,UNIVERSAL
1646/08321-560,ELEVADOR DE MANUBRIO A25MM/D28.6MM NEGROXJGO MDA,0,38919.584781,OTROS,,UNIVERSAL
5001/00100-157,ELEVADOR DE MOTOS .,770.3155496802817,0,OTROS,,UNIVERSAL
5001/00200-157,ELEVADOR DE MOTOS HIDRAULI CON CENTRADOR DE LLANTA .,948.1871545929795,0,OTROS,,UNIVERSAL
1765/00024-022,EMBELLECEDOR GILERA SMASH NEGRO X JGO. NSU,11.44060850862978,0,OTROS,GILERA,SMASH
1765/00024-566,EMBELLECEDOR GILERA SMASH NEGRO X JGO. VC,0,5733.594801000001,OTROS,GILERA,SMASH
1765/00013-040,EMBELLECEDOR SUZUKI AX 100 JUEGO AZUL NSU,12.09974176700221,0,OTROS,SUZUKI,100
1765/00014-040,EMBELLECEDOR SUZUKI AX 100 JUEGO BORDO NSU,12.10011533972842,0,OTROS,SUZUKI,100
1765/00210-566,EMBELLECEDOR YAMAHA FZ16 OPTICA VC,0,5101.930152000001,CARROCERÍA,GILERA / YAMAHA,FZ16
1405/00020-514,EMBRAGUE CENTRIFUGO GOMA MORINI COMPETICION ROJA BRN,0,11124.164403,OTROS,,UNIVERSAL
1405/00030-514,EMBRAGUE CENTRIFUGO GOMA MORINI NEGRA ECONOMICO BRN,0,10581.100794,OTROS,,UNIVERSAL
1405/00050-514,EMBRAGUE CENTRIFUGO GOMA ZANELLA COMPETICION ROJA BRN,0,10581.06159,OTROS,ZANELLA,UNIVERSAL
1405/00060-514,EMBRAGUE CENTRIFUGO GOMA ZANELLA NEGRA ECONOMICO BRN,0,10581.041988,OTROS,ZANELLA,UNIVERSAL
1411/00078-022,EMBRAGUE CENTRIFUGO MECAN YAMAHA NEW CRYPTON NSU,12.76526782881864,0,OTROS,YAMAHA,CRYPTON
1411/00200-038,EMBRAGUE CENTRIFUGO ZANELLA STYLER 125/150 NSU,14.02376076026917,0,OTROS,ZANELLA,NS 125
1417/00100-022,EMBRAGUE COMPL HONDA STORM/RX150/VC150 5DISCOS 73D NSU,30.58230700371437,0,FRENOS,HONDA,RX150
1397/00005-022,EMBRAGUE COMPLETO CORVEN TRIAX 73D NSU,26.05148640865517,0,OTROS,CORVEN,UNIVERSAL
1397/00010-022,EMBRAGUE COMPLETO GILERA SMASH/TRIP/BIZ NSU,24.90171788915463,0,OTROS,GILERA,SMASH
1397/00022-022,EMBRAGUE COMPLETO HONDA BIZ 125 4D. 67D NSU,28.16838041958504,0,OTROS,HONDA,BIZ
1397/00023-022,EMBRAGUE COMPLETO HONDA CG 150 67D NSU,53.01489082030643,0,OTROS,HONDA,CG150
1397/00027-038,EMBRAGUE COMPLETO HONDA WAVE 110S 69D NSU,25.12833625155831,0,OTROS,HONDA,WAVE110
1397/00017-022,EMBRAGUE COMPLETO HONDA WAVE 69D NSU,24.96789241445916,0,OTROS,HONDA,WAVE
1397/00024-022,EMBRAGUE COMPLETO HONDA XRL 150L 67D NSU,58.00839503575286,0,OTROS,HONDA,XR
1397/00026-077,EMBRAGUE COMPLETO MOTOMEL DAKAR/SKUA 200 73D NSU,22.04572666401123,0,OTROS,MOTOMEL,SKUA200
1397/00026-022,EMBRAGUE COMPLETO MOTOMEL DAKAR/SKUA 200 73D NSU,24.04271577693329,0,OTROS,MOTOMEL,SKUA200
1397/00150-022,EMBRAGUE COMPLETO SUZUKI AX 100 50D NSU,35.86627599623829,0,OTROS,SUZUKI,100
1397/00028-022,EMBRAGUE COMPLETO UNIVERSAL C100 SIN DISCOS 69D NSU,39.30924852946373,0,FRENOS,,UNIVERSAL
1397/00030-022,EMBRAGUE COMPLETO UNIVERSAL C110 SIN DISCOS 69D NSU,40.35227999956553,0,FRENOS,,UNIVERSAL
1397/00021-022,EMBRAGUE COMPLETO YAMAHA NEW CRYPTON 67D NSU,33.40841796316501,0,OTROS,YAMAHA,CRYPTON
1397/00025-022,EMBRAGUE COMPLETO YAMAHA YBR 125 CHINO NSU,75.97560426766204,0,OTROS,YAMAHA,YBR125
1397/00018-022,EMBRAGUE COMPLETO ZANELLA CUSTOM 150 73D NSU,27.1409626198756,0,OTROS,ZANELLA,NS 150
1411/00027-022,EMBRAGUE HONDA BIZ 125 NSU,13.91501452372379,0,OTROS,HONDA,BIZ
1411/00025-038,EMBRAGUE HONDA C100 BIZ NSU,9.655577741014481,0,OTROS,HONDA,BIZ
1411/00031-022,EMBRAGUE HONDA WAVE 110 S NSU,11.17793102725971,0,OTROS,HONDA,WAVE110
1411/00028-038,EMBRAGUE HONDA WAVE NSU,14.7209794875,0,OTROS,HONDA,WAVE
1411/00028-022,EMBRAGUE HONDA WAVE NSU,14.72567780000061,0,OTROS,HONDA,WAVE
1411/00029-022,EMBRAGUE YAMAHA CRYPTON NSU,9.921898088614999,0,OTROS,YAMAHA,CRYPTON
1401/00130-559,ENG. ARRANQUE PORTARODILLO DAELIM VEN,0,15.073938,MOTOR,,UNIVERSAL
1189/00050-625,ENGRANAJE 1.VELOCIDAD S/SEC. Z-37 MOTOR 125 CREUSSO,0,168.979041,OTROS,,125
1195/00030-625,ENGRANAJE 4.VELOCIDAD S/PRIM. Z-23 MOTOR 125 CREUSSO,0,186.052383,OTROS,,125
1193/00010-557,ENGRANAJE DE 3 PUMA 4 SERIE .,0,8.134830000000001,OTROS,,UNIVERSAL
1195/00010-557,ENGRANAJE DE 4 PUMA 4 SERIE .,0,8.134830000000001,OTROS,,UNIVERSAL
1197/00010-557,ENGRANAJE DE 5 PUMA 4 SERIE Z-19 .,0,8.134830000000001,OTROS,,UNIVERSAL
1437/00080-077,ENGRANAJE DE ARRANQUE YAMAHA NEW CRYPTON D16/D51 NSU,3.617924953118191,0,OTROS,YAMAHA,CRYPTON
1437/00050-077,ENGRANAJE DE ARRANQUE ZANELLA RX150 DOBLE CHICO NSU,1.766592260207748,0,OTROS,ZANELLA,RX150
1437/00060-077,ENGRANAJE DE ARRANQUE ZANELLA RX150 DOBLE GRANDE NSU,2.407846565760899,0,OTROS,ZANELLA,RX150
1439/00037-038,ENGRANAJE DE DISTRIB.GIL.SMASH110 KIT10PIEZ 25X90L NSU,5.51023978104286,0,OTROS,,SMASH
1439/00049-038,ENGRANAJE DE DISTRIB.HONDA WAVE110S KIT11P 25HX90L NSU,6.244938418515244,0,OTROS,HONDA,WAVE110
1439/00047-038,ENGRANAJE DE DISTRIB.HONDABIZ/WAVExKIT7PZA 25HX84L NSU,5.51023978104286,0,OTROS,HONDA,WAVE
1439/00060-038,ENGRANAJE DE DISTRIBUCION GILERA SMASH/110 Z-14 NSU,1.536711009844208,0,OTROS,GILERA,SMASH
1439/00045-038,ENGRANAJE DE DISTRIBUCION GILERA SMASHx KIT 3PZAS NSU,1.515006126506796,0,OTROS,GILERA,SMASH
1439/00040-038,ENGRANAJE DE DISTRIBUCION HONDA BIZ/C90x KIT 4PZAS NSU,2.078984187920037,0,OTROS,HONDA,BIZ
1439/00038-038,ENGRANAJE DE DISTRIBUCION HONDA CB1 KIT 3 PZAS NSU,1.3733301067939,0,OTROS,HONDA,CB
1439/00048-038,ENGRANAJE DE DISTRIBUCION HONDA WAVE 110S 3PZAS. NSU,1.836746593680954,0,OTROS,HONDA,WAVE110
1439/00100-077,ENGRANAJE DE PUNTA DE CIGUEÑAL YAMAHA YBR125 NSU,5.572434919392,0,MOTOR,YAMAHA,YBR125
1439/00050-057,ENGRANAJE DE TRANSMISION HONDA NH 100 REGENT,11.69728882773365,0,OTROS,HONDA,100
1439/00080-022,ENGRANAJE DE TRANSMISION SUZUKI AX100 NSU,3.509087637291113,0,OTROS,SUZUKI,AX100
1437/00070-077,ENGRANAJE LOCO ARRANQUE Z-28 YAMAHA YBR/XTZ 125 NSU,5.906870567214544,0,OTROS,YAMAHA,XTZ125
1189/00030-557,ENGRANAJE PRIMARIO DE 1ª PUMA 4 SERIE Z-34 .,0,8.134830000000001,OTROS,,UNIVERSAL
1423/00050-557,ENGRANAJE PRIMARIO PUMA 4 SERIE .,0,46.76057100000001,OTROS,,UNIVERSAL
1423/00055-038,ENGRANAJE PRIMARIO YAMAHA V80 NSU,6.127809886848394,0,OTROS,YAMAHA,UNIVERSAL
1423/00060-514,ENGRANAJE PRIMARIO ZANELLA HELICOIDAL BRN,0,15133.420269,OTROS,ZANELLA,UNIVERSAL
1423/00070-514,ENGRANAJE PRIMARIO ZANELLA RECTO BRN,0,15133.381065,OTROS,ZANELLA,UNIVERSAL
1423/00100-557,ENGRANAJE PUESTA EN MARCHA PUMA 4 SERIE .,0,10.937916,OTROS,,UNIVERSAL
1195/00006-057,ENGRANAJE SECUNDARIO 4° VELOCIDAD HONDA CD100 SLEE REGENT,6.325336435059735,0,OTROS,HONDA,UNIVERSAL
1195/00020-040,ENGRANAJE SECUNDARIO 4ª  VELOCIDAD SUZUKI AX100 NSU,5.280280850136822,0,OTROS,SUZUKI,AX100
1751/00200-548,ENSANCHA PEDALIN HONDA XR250/TORNADO/XR125xJGO. HP,0,17496.421767,OTROS,HONDA,TORNADO
1809/00060-621,ESPARRAGO CILINDRO 8X1.25X130 x10UNID. .,0,8024.284521,MOTOR,,UNIVERSAL
1809/00040-621,ESPARRAGO CILINDRO 8X1.25X140 x10UNID. .,0,8302.583916,MOTOR,,UNIVERSAL
1809/00050-621,ESPARRAGO CILINDRO 8X1.25X150 x10UNID. .,0,8879.166945,MOTOR,,UNIVERSAL
1809/00017-621,ESPARRAGO CILINDRO GILERA REVOLUTION x10unid. .,0,10264.940136,MOTOR,GILERA,UNIVERSAL
1809/00018-621,ESPARRAGO CILINDRO YAMAHA YBR / CRYPTON x10unid. .,0,11395.759914,MOTOR,YAMAHA,CRYPTON
1811/00030-621,ESPARRAGO ESCAPE 6 a 7 x 40mm. x30 unid. .,0,7086.603249,OTROS,,UNIVERSAL
1811/00050-621,ESPARRAGO ESCAPE 6 a 7 x 50mm. x10 unid. .,0,2839.212486,OTROS,,UNIVERSAL
1809/00013-621,ESPARRAGO ESCAPE 7X40MM x30 unid. .,0,6336.189684,OTROS,,UNIVERSAL
1811/00016-621,ESPARRAGO ESCAPE 8x125x40MM x30UNID. .,0,7161.345675,OTROS,,UNIVERSAL
1811/00060-621,ESPARRAGO ESCAPE GIL.SMASH 6X1.00X35 x30UNID. .,0,4164.190074,OTROS,,SMASH
1451/02019-536,ESPEJO JGO. 10MM OVALADO UNIV.VARILLA LARGA125/150 AF,0,12513.318939,OTROS,,150
1451/02024-536,ESPEJO JGO. 10MM OVALADO UNIVERSAL CON TUERCA ALTA AF,0,14191.94601,TORNILLERÍA Y FIJACIONES,,UNIVERSAL
1451/02025-536,ESPEJO JGO. 10MM OVALADO UNIVERSAL ROSCA IZQUIERDA AF,0,11991.925341,OTROS,,UNIVERSAL
1451/02018-560,ESPEJO JGO. 10MM ROSCA DER NEG OVALADO MOTOS 110cc MDA,0,13673.992563,OTROS,,UNIVERSAL
1451/02001-560,ESPEJO JGO. 8 MM ROSCA DER. NEG UNIVERSAL OVALADO MDA,0,16632.287199,OTROS,,UNIVERSAL
1451/02020-536,ESPEJO JGO. 8MM OVALADO UNIVERSAL AF,0,11498.425389,OTROS,,UNIVERSAL
1451/00020-507,ESPEJO JGO. AXN8 NEGRO HB,0,9840.243204000002,OTROS,,UNIVERSAL
1451/00033-507,ESPEJO JGO. CRZ 10 NEGRO/AZUL 10 MM HB,0,10805.759316,OTROS,,UNIVERSAL
1451/00034-507,ESPEJO JGO. CRZ 10 NEGRO/NEGRO 10 MM HB,0,10805.759316,OTROS,,UNIVERSAL
1451/00035-507,ESPEJO JGO. CRZ 10 NEGRO/ROJO 10 MM HB,0,10805.759316,OTROS,,UNIVERSAL
1451/00032-022,ESPEJO JGO. CUBS 110 ROSCA LARGA NSU,7.021179847994488,0,OTROS,,NS 110
1451/00041-507,ESPEJO JGO. ENDURO LARGO HB,0,9991.394226000002,OTROS,,UNIVERSAL
1451/00355-507,ESPEJO JGO. FUTURA/BUSSINES NEGRO 10 MM DER/DER HB,0,8800.729542000001,OTROS,,UNIVERSAL
1451/00355-566,ESPEJO JGO. FUTURA/BUSSINES NEGRO 10 MM DER/DER VC,0,10582.766964,OTROS,GILERA,UNIVERSAL
1451/00046-507,ESPEJO JGO. GILERA SMASH 110CC HB,0,20269.359891,OTROS,GILERA,SMASH
1451/00052-507,ESPEJO JGO. HONDA BIZ HB,0,8951.498325,OTROS,HONDA,BIZ
1451/00090-507,ESPEJO JGO. HONDA CG 125 TODAY R10MM NEGRO HB,0,11327.554755,OTROS,HONDA,CG125
1451/00050-507,ESPEJO JGO. HONDA TITAN 2000 HB,0,9080.126649,OTROS,HONDA,TITAN
1451/00105-507,ESPEJO JGO. HONDA WAVE-YAMAHA YBR HB,0,9152.703054000001,OTROS,HONDA / YAMAHA,WAVE
1451/00103-536,ESPEJO JGO. HONDA XLR125/150 REDONDO ROSCA IZQ AF,0,15096.421494,OTROS,HONDA,150
1451/02023-536,ESPEJO JGO. HONDA XR125 150L TORNADO R.DER.(ZX338) AF,0,15096.421494,OTROS,HONDA,TORNADO
1451/02023-560,ESPEJO JGO. HONDA XR125 150L TORNADO R.DER.(ZX338) MDA,0,13673.992563,OTROS,HONDA,TORNADO
1451/01412-536,ESPEJO JGO. MOTOMEL SKUA/MOTARD-CORVEN ROSCA 10MM AF,0,12513.318939,OTROS,MOTOMEL,UNIVERSAL
1451/20020-560,ESPEJO JGO. OVALADO CONVEXO MDA,0,13673.992563,OTROS,,UNIVERSAL
1451/02100-560,ESPEJO JGO. OVALADO R10MM VIDRIO CURVO MDA,0,15120.257526,OTROS,,UNIVERSAL
1451/00101-507,ESPEJO JGO. RECTANGULAR NEGRO UNIVERSAL (IZQ=DER) HB,0,10042.153605,OTROS,,UNIVERSAL
1451/00510-507,ESPEJO JGO. TC CICLO C/ABRAZADERA NEGRO HB,0,9312.949404,OTROS,,UNIVERSAL
1451/00510-560,ESPEJO JGO. TC CICLO C/ABRAZADERA NEGRO MDA,0,11486.340756,OTROS,,UNIVERSAL
1451/01130-022,ESPEJO JGO. UNIV. 10 MM. NSU,25.15990737679089,0,OTROS,,UNIVERSAL
1451/00540-027,ESPEJO JGO. UNIVERSAL NUOVA MEYSTE,9.923118067626133,0,OTROS,,UNIVERSAL
1451/00069-536,ESPEJO JGO. UNIVERSAL ROSCA 10MM NEGRO AF,0,11498.425389,OTROS,,UNIVERSAL
1451/32100-022,ESPEJO JGO. UNIVERSAL ROSCA 10MM NEGRO/CROMADO NSU,14.08793039527944,0,OTROS,,UNIVERSAL
1451/20019-560,ESPEJO JGO. YAMAHA FZ16 R10MM IZQ MDA,0,13673.992563,OTROS,YAMAHA,FZ16
1451/00740-022,ESPEJO JGO. ZX-031 8MM NSU,12.64511757464171,0,OTROS,,UNIVERSAL
1451/32320-022,ESPEJO JGO. ZX-2654/3 CROMADO/NEGRO NSU,12.40412273758992,0,OTROS,,UNIVERSAL
1451/32800-022,ESPEJO JGO. ZX-2759 NEGRO C/ACRILICO REFLECTIVO NSU,12.34957394547632,0,OTROS,,UNIVERSAL
1451/32900-022,ESPEJO JGO. ZX-2899 NEGRO C/GIRO 9 LEDS NSU,18.28895848230364,0,OTROS,,UNIVERSAL
1451/30196-022,ESPEJO JGO.CROMADO C/LUZ POSIC.GIRO 10MM(196)ZX233 NSU,19.48936994338697,0,OTROS,,UNIVERSAL
1881/00304-667,ESTATOR BAJAJ ROUSER NS 200 PIETCARD,0,55846.931085,ELECTRICIDAD,BAJAJ,ROUSER
1881/00309-667,ESTATOR HONDA CG 125 8P PIETCARD,0,50146.885107,ELECTRICIDAD,HONDA,CG125
1881/00255-667,ESTATOR HONDA CG TITAN 125/150 8POLOS PIETCARD,0,51673.596678,ELECTRICIDAD,HONDA,TITAN
1881/00241-667,ESTATOR MONOFASICO YAMAHA NEW CRYPTON 110 PIETCARD,0,46455.475671,ELECTRICIDAD,YAMAHA,CRYPTON
1881/00308-667,ESTATOR SUZUKI GIXXER 150 PIETCARD,0,61310.772963,ELECTRICIDAD,SUZUKI,GIXXER 150
1881/02869-022,ESTATOR VOL. GILERA SMASH (VIEJA)/GLA NSU,12.05797744086213,0,ELECTRICIDAD,GILERA,SMASH
1881/00004-022,ESTATOR VOL. GILERA SMASH 8 BOB. NSU,12.644621554276,0,ELECTRICIDAD,GILERA,SMASH
1881/00003-022,ESTATOR VOL. GILERA SMASH 9 BOB. NSU,13.78691223958397,0,ELECTRICIDAD,GILERA,SMASH
1881/02895-623,ESTATOR VOL. GILERA SMASH 9 BOBINAS DZE,0,48793.543425,ELECTRICIDAD,GILERA,SMASH
1881/00235-667,ESTATOR VOL. GILERA VC 150 2017ADEL. MONO 6P PIETCARD,0,53831.149614,ELECTRICIDAD,GILERA,VC 150
1881/00011-022,ESTATOR VOL. GILERA VCR200/ZANELLA RX200 12BOB. NSU,15.45202338582115,0,ELECTRICIDAD,GILERA,UNIVERSAL
1881/02871-022,ESTATOR VOL. GILERA YL150CC NSU,12.78501972296333,0,ELECTRICIDAD,GILERA,UNIVERSAL
1881/02904-623,ESTATOR VOL. GUERRERO GLX125 07 DZE,0,42731.02706399999,ELECTRICIDAD,,UNIVERSAL
1881/00013-022,ESTATOR VOL. HONDA BIZ 125 8 BOBINAS NSU,13.33409927724392,0,ELECTRICIDAD,HONDA,BIZ
1881/00010-022,ESTATOR VOL. HONDA BIZ M/NUEVO NSU,10.65985194065881,0,ELECTRICIDAD,HONDA,BIZ
1881/00012-022,ESTATOR VOL. HONDA C100 6 BOBINAS 2CABLES AMAR NSU,11.8266877505436,0,ELECTRICIDAD,HONDA,UNIVERSAL
1881/02922-623,ESTATOR VOL. HONDA CBX 250 DZE,0,80135.66147400001,ELECTRICIDAD,HONDA,CB 250
1881/00017-022,ESTATOR VOL. HONDA CG 125 TITAN 2000 NSU,13.87403332798577,0,ELECTRICIDAD,HONDA,CG125 / TITAN
1881/02854-623,ESTATOR VOL. HONDA CG 125 TODAY (1991/1998) DZE,0,59054.65137,ELECTRICIDAD,HONDA,CG125
1881/02938-623,ESTATOR VOL. HONDA CG 150 NEW DZE,0,61695.521019,ELECTRICIDAD,HONDA,CG150
1881/02926-623,ESTATOR VOL. HONDA FALCON NX 400 DZE,0,111498.195006,ELECTRICIDAD,HONDA,UNIVERSAL
1881/00014-022,ESTATOR VOL. HONDA GLH 150 NSU,22.3849432303933,0,ELECTRICIDAD,HONDA,NS 150
1881/00192-022,ESTATOR VOL. HONDA NAVI NSU,17.09762707994362,0,ELECTRICIDAD,HONDA,UNIVERSAL
1881/02932-623,ESTATOR VOL. HONDA STORM 125 DZE,0,41726.98322099999,ELECTRICIDAD,HONDA,STORM 125
1881/05000-022,ESTATOR VOL. HONDA STORM NSU,14.14459000776146,0,ELECTRICIDAD,HONDA,UNIVERSAL
1881/10205-623,ESTATOR VOL. HONDA TITAN 125 CC (2000/2001) DZE,0,57424.206015,ELECTRICIDAD,HONDA,TITAN
1881/10206-623,ESTATOR VOL. HONDA TITAN 125 FAN (2003/2005) DZE,0,55751.655564,ELECTRICIDAD,HONDA,TITAN
1881/00150-022,ESTATOR VOL. HONDA TITAN 150 NSU,13.57758146153131,0,ELECTRICIDAD,HONDA,TITAN
1881/00018-022,ESTATOR VOL. HONDA TITAN 2004 NSU,17.4055876573247,0,ELECTRICIDAD,HONDA,TITAN
1881/00002-022,ESTATOR VOL. HONDA TWISTER CBX 250 NSU,23.83730891502079,0,ELECTRICIDAD,HONDA,TWISTER
1881/00195-022,ESTATOR VOL. HONDA WAVE 110S 12 BOBINAS NSU,18.03406529917145,0,ELECTRICIDAD,HONDA,WAVE110
1881/00019-038,ESTATOR VOL. HONDA WAVE NSU,11.76134693424225,0,ELECTRICIDAD,HONDA,WAVE
1881/00140-022,ESTATOR VOL. HONDA XL125 NSU,20.0783557994607,0,ELECTRICIDAD,HONDA,UNIVERSAL
1881/02928-623,ESTATOR VOL. HONDA XR 250 TORNADO DZE,0,80135.66147400001,ELECTRICIDAD,HONDA,XR 250
1881/02928-038,ESTATOR VOL. HONDA XR 250 TORNADO NSU,17.72914148976517,0,ELECTRICIDAD,HONDA,XR 250
1881/02863-623,ESTATOR VOL. JAWA DZE,0,62288.755947,ELECTRICIDAD,,UNIVERSAL
1881/00021-022,ESTATOR VOL. KAYAK 150 NSU,12.52364309459335,0,ELECTRICIDAD,,NS 150
1881/00269-667,ESTATOR VOL. KYMCO 125 ACTIVE C/ENECENDIDO ELECTRO PIETCARD,0,57021.865164,ELECTRICIDAD,,125
1881/00221-667,ESTATOR VOL. MONDIAL 150 MONO 8P AISLADO A MASA PIETCARD,0,53982.27123300001,ELECTRICIDAD,MONDIAL,150
1881/00190-022,ESTATOR VOL. MONDIAL HD 254 NSU,19.67425262511555,0,ELECTRICIDAD,MONDIAL,UNIVERSAL
1881/10117-623,ESTATOR VOL. MOTOMEL C110/C100/CUSTOM100/GUERRERMB DZE,0,35078.896314,ELECTRICIDAD,MOTOMEL,UNIVERSAL
1881/02859-623,ESTATOR VOL. MOTOMEL C110CC DZE,0,55926.426996,ELECTRICIDAD,MOTOMEL,UNIVERSAL
1881/10116-623,ESTATOR VOL. MOTOMEL CUSTOM/DAKAR 200CC DZE,0,36801.18684,ELECTRICIDAD,MOTOMEL,UNIVERSAL
1881/00090-022,ESTATOR VOL. MOTOMEL CUSTOM/ZANELLA 150 2AGUJ NSU,12.37119455305481,0,ELECTRICIDAD,MOTOMEL,NS 150
1881/00095-022,ESTATOR VOL. MOTOMEL DAKAR 200 NSU,12.78501972296333,0,ELECTRICIDAD,MOTOMEL,NS 200
1881/00238-667,ESTATOR VOL. MOTOMEL DAKAR 200MONO 8P AISLADOAMASA PIETCARD,0,58759.57266300001,ELECTRICIDAD,MOTOMEL,UNIVERSAL
1881/00030-591,ESTATOR VOL. MOTOPLAT 12V 5 CAB.JR T/ORIG.C/BAT. APOLO,0,158271.860142,ELECTRICIDAD,,UNIVERSAL
1881/00040-591,ESTATOR VOL. MOTOPLAT 12V 6 CABLES APOLO,0,158271.860142,ELECTRICIDAD,,UNIVERSAL
1881/02867-022,ESTATOR VOL. SUZUKI GN125/GN150/RX200 NSU,17.47230422777925,0,ELECTRICIDAD,SUZUKI,GN125
1881/02916-623,ESTATOR VOL. YAMAHA BANSHE DZE,0,115449.301539,ELECTRICIDAD,YAMAHA,UNIVERSAL
1881/00100-038,ESTATOR VOL. YAMAHA CRYPTON NSU,15.12514950553379,0,ELECTRICIDAD,YAMAHA,CRYPTON
1881/00100-022,ESTATOR VOL. YAMAHA CRYPTON NSU,15.1249260746331,0,ELECTRICIDAD,YAMAHA,CRYPTON
1881/05060-022,ESTATOR VOL. YAMAHA FZ 16 NSU,18.8617156389885,0,ELECTRICIDAD,YAMAHA,FZ16
1881/02939-623,ESTATOR VOL. YAMAHA NEW CRYPTON DZE,0,52803.318744,ELECTRICIDAD,YAMAHA,CRYPTON
1881/00105-022,ESTATOR VOL. YAMAHA NEW CRYPTON NSU,16.14160533330368,0,ELECTRICIDAD,YAMAHA,CRYPTON
1881/02868-623,ESTATOR VOL. YAMAHA YBR 125 (2002/2005) DZE,0,71441.213976,ELECTRICIDAD,YAMAHA,YBR125
1881/02883-623,ESTATOR VOL. YAMAHA YBR 125 AÑO 2006/XTZ DZE,0,48085.479981,ELECTRICIDAD,YAMAHA,YBR125
1881/02883-022,ESTATOR VOL. YAMAHA YBR 125 AÑO 2006/XTZ NSU,15.77833773041931,0,ELECTRICIDAD,YAMAHA,YBR125
1881/00130-022,ESTATOR VOL. YAMAHA YBR 125 BRASIL NSU,14.69486974299156,0,ELECTRICIDAD,YAMAHA,YBR125
1881/02894-623,ESTATOR VOL. ZANELLA CUSTOM 200 DZE,0,69481.62163800001,ELECTRICIDAD,ZANELLA,200
1881/00120-022,ESTATOR VOL. ZANELLA RX 150 8 BOBINAS 3 AGUJEROS NSU,12.52364309459335,0,ELECTRICIDAD,ZANELLA,NS 150
1881/10238-623,ESTATOR VOL. ZANELLA RX 150 DZE,0,33623.222391,ELECTRICIDAD,ZANELLA,150
1881/10238-667,ESTATOR VOL. ZANELLA RX 150 PIETCARD,0,54132.65777699999,ELECTRICIDAD,ZANELLA,150
1881/00200-022,ESTATOR VOL. ZANELLA RX 200 18 BOBINAS NSU,19.21689865170001,0,ELECTRICIDAD,ZANELLA,NS 200
1881/02943-623,ESTATOR VOL. ZANELLA RX150 LUZ ENCENDIDA DZE,0,54292.159251,ELECTRICIDAD,ZANELLA,RX150
1881/02943-022,ESTATOR VOL. ZANELLA RX150 LUZ ENCENDIDA NSU,13.70908129147991,0,ELECTRICIDAD,ZANELLA,RX150
1881/02951-623,ESTATOR VOL. ZANELLA ZB125/KELLER 110 DZE,0,47755.049067,ELECTRICIDAD,ZANELLA,ZB 110
1881/00185-022,ESTATOR VOL.C110 8 BOBINA DE LUZ ENCENDIDA NSU,13.15270162604828,0,ELECTRICIDAD,,UNIVERSAL
1537/00295-138,ESTETOSCOPIO PARA VERIFICAR MOTORES .,5.493375932426836,0,OTROS,,UNIVERSAL
1179/00004-038,ESTIRA CADENA C70/UNIV.L/PORTACORONA LH17 OVALADO NSU,0.4235030153532927,0,TRANSMISIÓN,,UNIVERSAL
1179/00012-038,ESTIRA CADENA CORVEN 110 DIAM.12MM xJGO. NSU,2.494248635187035,0,TRANSMISIÓN,CORVEN,NS 110
1179/00015-038,ESTIRA CADENA GILERA SMASH AGUJERO CHICO NSU,0.3034624806951142,0,TRANSMISIÓN,GILERA,SMASH
1179/00018-621,ESTIRA CADENA GILERA SMASH DIAM.12MM x10u. .,0,12911.964813,TRANSMISIÓN,GILERA,SMASH
1179/00020-038,ESTIRA CADENA GILERA SMASH DIAM.17 Y DIAM12 xJUEGO NSU,0.6050139007995416,0,TRANSMISIÓN,GILERA,SMASH
1179/00019-038,ESTIRA CADENA GILERA SMASH DIAM.17MM NSU,0.5565936321594429,0,TRANSMISIÓN,GILERA,SMASH
1179/00019-621,ESTIRA CADENA GILERA SMASH DIAM.17MM x10u .,0,12911.964813,TRANSMISIÓN,GILERA,SMASH
1179/00039-022,ESTIRA CADENA HONDA CBX 250 NSU,2.274809443219528,0,TRANSMISIÓN,HONDA,CB 250
1179/00008-038,ESTIRA CADENA HONDA CG125 DIAM. 15MM NSU,0.4598002041284181,0,TRANSMISIÓN,HONDA,CG125
1179/00011-621,ESTIRA CADENA HONDA CG125 DIAM.15MM x10UNID. .,0,11496.798423,TRANSMISIÓN,HONDA,CG125
1179/00031-038,ESTIRA CADENA HONDA DAX x JGO.(2PCS) NSU,0.6042630098051834,0,TRANSMISIÓN,HONDA,UNIVERSAL
1179/00035-038,ESTIRA CADENA HONDA GLH 150 NSU,0.4525317694576264,0,TRANSMISIÓN,HONDA,NS 150
1179/00033-038,ESTIRA CADENA HONDA TORNADO 250 x JGO. NSU,4.435800202153015,0,TRANSMISIÓN,HONDA,TORNADO
1179/00043-038,ESTIRA CADENA HONDA WAVE 110 S xJGO NSU,0.5297283654239273,0,TRANSMISIÓN,HONDA,WAVE110
1179/00032-022,ESTIRA CADENA HONDA XR 125L NSU,2.16585339345583,0,TRANSMISIÓN,HONDA,XR
1179/00047-621,ESTIRA CADENA MOTOMEL 150/YAMAHA YBR 125 x2unid. .,0,3239.779356,TRANSMISIÓN,MOTOMEL / YAMAHA,YBR125
1179/00047-022,ESTIRA CADENA MOTOMEL 150/YAMAHA YBR 125 x2unid. NSU,2.28395445996849,0,TRANSMISIÓN,MOTOMEL / YAMAHA,YBR125
1179/00045-038,ESTIRA CADENA MOTOMEL BIT/C110 NSU,1.439901673844719,0,TRANSMISIÓN,MOTOMEL,UNIVERSAL
1179/00045-022,ESTIRA CADENA MOTOMEL BIT/C110 NSU,1.439886463346558,0,TRANSMISIÓN,MOTOMEL,UNIVERSAL
1179/00042-038,ESTIRA CADENA MOTOMEL CUSTOM 150 x SET NSU,2.827062847047958,0,TRANSMISIÓN,MOTOMEL,NS 150
1179/00052-621,ESTIRA CADENA MOTOMEL SKUA x UNIDAD .,0,3998.621781,TRANSMISIÓN,MOTOMEL,UNIVERSAL
1179/00052-515,ESTIRA CADENA MOTOMEL SKUA x UNIDAD BUHO,0,3275.88624,TRANSMISIÓN,MOTOMEL,UNIVERSAL
1179/00052-038,ESTIRA CADENA MOTOMEL SKUA x UNIDAD NSU,2.202183161334915,0,TRANSMISIÓN,MOTOMEL,UNIVERSAL
1179/00052-022,ESTIRA CADENA MOTOMEL SKUA x UNIDAD NSU,2.204015700808668,0,TRANSMISIÓN,MOTOMEL,UNIVERSAL
1179/00013-038,ESTIRA CADENA REDONDO DIAM.18MM. x JGO. NSU,0.4961057891736031,0,TRANSMISIÓN,,UNIVERSAL
1179/00050-621,ESTIRA CADENA SUZUKI AX100 .,0,3239.710749,TRANSMISIÓN,SUZUKI,AX100
1179/00050-022,ESTIRA CADENA SUZUKI AX100 NSU,1.101114901337585,0,TRANSMISIÓN,SUZUKI,AX100
1179/00006-038,ESTIRA CADENA YAMAHA CRYPTON/V-80/SIGMA DIAM.LH20 NSU,0.3617836874220424,0,TRANSMISIÓN,YAMAHA,CRYPTON
1179/00056-621,ESTIRA CADENA YAMAHA FZ16 XJGO. .,0,7197.511364999999,TRANSMISIÓN,YAMAHA,FZ16
1179/00056-515,ESTIRA CADENA YAMAHA FZ16 XJGO. BUHO,0,5965.800093,TRANSMISIÓN,YAMAHA,FZ16
1179/00056-038,ESTIRA CADENA YAMAHA FZ16 XJGO. NSU,4.985186746931077,0,TRANSMISIÓN,YAMAHA,FZ16
1179/00058-022,ESTIRA CADENA YAMAHA XTZ 125 JGO NSU,2.555473521643067,0,TRANSMISIÓN,YAMAHA,XTZ125
1179/00059-038,ESTIRA CADENA YAMAHA XTZ 250xJGO. NSU,4.513314958797169,0,TRANSMISIÓN,YAMAHA,XTZ 250
1179/00057-621,ESTIRA CADENA YAMAHA XTZ x4UNID.EJE 15MM .,0,11268.444924,TRANSMISIÓN,YAMAHA,UNIVERSAL
1179/00009-038,ESTIRA CADENA YB 100/UNIVERSAL REDONDO DIAM RH 12 NSU,0.4234972857714843,0,TRANSMISIÓN,,100
1179/00100-038,ESTIRA CADENA ZANELLA RX 150 c/u NSU,1.7423923662323,0,TRANSMISIÓN,ZANELLA,NS 150
1179/00100-621,ESTIRA CADENA ZANELLA RX 150 x2u .,0,4094.75979,TRANSMISIÓN,ZANELLA,150
1179/00075-566,ESTIRA CADENA ZANELLA RX 150/HONDA STORM x 2UNID. VC,0,7292.933901000001,TRANSMISIÓN,GILERA / ZANELLA,STORM 150
1202/00100-022,ESTRELLA SELECTOR DE CAJA ZANELLA RX 150 X 2 NSU,2.661976335052414,0,OTROS,ZANELLA,NS 150
1331/00070-621,EVITA SOLDADURA 6X10 x50 unid. .,0,17703.105255,OTROS,,UNIVERSAL
1331/00075-621,EVITA SOLDADURA 7X9 x50 unid. .,0,17705.339883,OTROS,,UNIVERSAL
1331/00055-621,EVITA SOLDADURA ACELERADOR  5 X 5 x50 unid. .,0,15807.680064,OTROS,,UNIVERSAL
1331/00066-621,EVITA SOLDADURA ACELERADOR 6 X 6 x50 unid. .,0,16439.266305,OTROS,,UNIVERSAL
1331/00150-621,EVITA SOLDADURA DE PICO x50 unid. .,0,17702.448588,OTROS,,UNIVERSAL
1331/00089-621,EVITA SOLDADURA EMBRAGUE 8 X 9 x50 unid. .,0,18336.122442,OTROS,,UNIVERSAL
1537/00400-138,EXTRACTOR DE ARBOL DE LEVAS .,14.39893691539193,0,MOTOR,,UNIVERSAL
1537/00590-138,EXTRACTOR DE CANASTA DE EMBRAGUE .,7.971579588764192,0,HERRAMIENTAS,,UNIVERSAL
1537/00590-156,EXTRACTOR DE CANASTA DE EMBRAGUE NSU,7.971623839525451,0,HERRAMIENTAS,,UNIVERSAL
1537/00560-138,EXTRACTOR DE ESTATORES .,13.8907391419075,0,ELECTRICIDAD,,UNIVERSAL
1537/00580-138,EXTRACTOR DE RULEMANES .,22.13315745614662,0,HERRAMIENTAS,,UNIVERSAL
1537/00500-138,"EXTRACTOR DE RULEMANES 3"" EXTERNO .",7.356637909324265,0,HERRAMIENTAS,,UNIVERSAL
1537/00500-156,"EXTRACTOR DE RULEMANES 3"" EXTERNO NSU",7.35673639265442,0,HERRAMIENTAS,,UNIVERSAL
1537/00610-138,"EXTRACTOR DE RULEMANES 3"" INTERNO/EXTERNO .",6.025773599886705,0,HERRAMIENTAS,,UNIVERSAL
1537/00510-138,"EXTRACTOR DE RULEMANES 4"" .",8.082649350975037,0,HERRAMIENTAS,,UNIVERSAL
1537/00510-156,"EXTRACTOR DE RULEMANES 4"" NSU",8.082872918341371,0,HERRAMIENTAS,,UNIVERSAL
1537/00645-138,EXTRACTOR DE VALVULA DE CUBIERTAS 4 PUNTASx20UNID. .,18.75491783097267,0,MOTOR,,UNIVERSAL
1537/00380-156,EXTRACTOR EMBRAGUE DOBLE UNIVERSAL NSU,3.303303625236512,0,HERRAMIENTAS,,UNIVERSAL
1537/00515-156,EXTRACTOR RETENES SEGUROS ORING  CABEZAL DOBLE NSU,12.64959393213318,0,MOTOR,,UNIVERSAL
1539/00052-621,EXTRACTOR VOLANTE GILERA SMASH/TRIP/BIT/WAVEx1unid .,0,3896.956008,HERRAMIENTAS,GILERA,SMASH
1539/00056-515,EXTRACTOR VOLANTE GUERRERO C/ARR.ELECTRICO BUHO,0,8188.020027000001,HERRAMIENTAS,,UNIVERSAL
1539/00053-515,EXTRACTOR VOLANTE HONDA BIZ BUHO,0,6959.817513000001,HERRAMIENTAS,HONDA,BIZ
1539/00057-621,EXTRACTOR VOLANTE HONDA CG-MB100  x2UNID. .,0,7512.290082,HERRAMIENTAS,HONDA,CG
1539/00054-515,EXTRACTOR VOLANTE HONDA STORM BUHO,0,2643.819750000001,HERRAMIENTAS,HONDA,UNIVERSAL
1539/00058-621,EXTRACTOR VOLANTE HONDA TORNADO/TWISTER .,0,4163.690223,HERRAMIENTAS,HONDA,TWISTER
1539/00061-515,EXTRACTOR VOLANTE YAMAHA YBR 125 BRASIL BUHO,0,10200.224133,HERRAMIENTAS,YAMAHA,YBR125
1539/00062-515,EXTRACTOR VOLANTE YAMAHA YBR 125-CRYPTON CHINA BUHO,0,4946.251068,HERRAMIENTAS,YAMAHA,CRYPTON / YBR125
1539/00010-510,EXTRACTOR VOLANTE ZANELLA BD,0,1096.398666,HERRAMIENTAS,ZANELLA,UNIVERSAL
1539/00065-621,EXTRACTOR VOLANTE ZANELLA RX150 x3UNID. .,0,8848.480013999999,HERRAMIENTAS,ZANELLA,RX150
1539/00050-515,EXTRACTOR VOLANTE ZANELLA/GARELLI DOBLE BUHO,0,6549.704469,HERRAMIENTAS,ZANELLA,UNIVERSAL
1466/00040-022,FARO DECORATIVO 16 LED CRISTAL RECTANGULAR NSU,6.215330584015218,0,MOTOR,,UNIVERSAL
1466/00260-063,FARO DECORATIVO 2062-08 ROJO .,5.995318881926184,0,MOTOR,,UNIVERSAL
1466/00270-063,FARO DECORATIVO 2062-20 AZUL .,6.50867952013393,0,MOTOR,,UNIVERSAL
1466/00210-063,FARO DECORATIVO 4019 AZUL .,7.8079347364916,0,MOTOR,,UNIVERSAL
1466/00200-063,FARO DECORATIVO 4019 ROJO .,4.051882180139715,0,MOTOR,,UNIVERSAL
1466/00220-063,FARO DECORATIVO 4090 ROJO Y AMARILLO (FUEGO) .,5.005266222525529,0,MOTOR,,UNIVERSAL
1466/00090-077,FARO DECORATIVO CUSTOM NSU,6.600351062671028,0,MOTOR,,UNIVERSAL
1466/00055-038,FARO DECORATIVO FS389 NSU,3.648527392976485,0,MOTOR,,UNIVERSAL
1466/00070-038,FARO DECORATIVO MIC 145 AZUL NSU,6.031987498941022,0,MOTOR,,UNIVERSAL
1466/00071-038,FARO DECORATIVO MIC 145 ROJO NSU,6.031987498941022,0,MOTOR,,UNIVERSAL
1466/00057-038,FARO DECORATIVO MIC 95 AZUL NSU,6.031987498941022,0,MOTOR,,UNIVERSAL
1466/00058-038,FARO DECORATIVO MIC 95 ROJO NSU,6.031987498941022,0,MOTOR,,UNIVERSAL
1466/00080-038,FARO DECORATIVO UFO 150 14CM AZUL NSU,5.830310105359408,0,MOTOR,,NS 150
2009/00036-022,FAROL AUX. 156 12V.H3 55W.AMBAR X UNID. NSU,11.03846743920534,0,MOTOR,,UNIVERSAL
2009/00130-022,FAROL AUX. REDONDO 4X4 160MMDIAM.C/TORN.X UNID. NSU,14.07676122159783,0,MOTOR,,UNIVERSAL
1453/00176-022,FAROL AUXILIAR LED C/AUMENTO NSU,8.225042206787998,0,MOTOR,,UNIVERSAL
2010/00010-022,FAROL CAZADOR C/BAT.Y CABLE/ENC./GRANDE 12V NSU,12.61400425310466,0,MOTOR,,UNIVERSAL
2010/00030-022,FAROL CAZADOR C/BAT.Y CABLE/ENC./RESIST ALAGUA 12V NSU,14.08074893369822,0,MOTOR,,UNIVERSAL
1455/00112-038,FAROL DEL. GUERRERO REDONDO 200MM NSU,9.038814094157823,0,MOTOR,,UNIVERSAL
1455/00103-022,FAROL DEL. HONDA CG150 TITAN NSU,9.249199477416457,0,MOTOR,HONDA,CG150 / TITAN
1455/00103-566,FAROL DEL. HONDA CG150 TITAN VC,0,28989.221382,MOTOR,GILERA / HONDA,CG150 / TITAN
1455/00110-022,FAROL DEL. HONDA TITAN 2000 NSU,11.66986979142036,0,MOTOR,HONDA,TITAN
1455/00267-022,FAROL DEL. UNIVERSAL LED DOBLE C/LUPA NSU,8.832523123512,0,MOTOR,,UNIVERSAL
1455/00210-566,FAROL DEL. ZANELLA DUE 50 GRIS VC,0,11202.297975,MOTOR,GILERA / ZANELLA,DUE 50
1453/00020-566,FAROL DEPORT. C/LAMP.12V15W AZUL VIDRIO CRISTAL VC,0,6734.806155000001,LUBRICANTES,GILERA,UNIVERSAL
1453/00040-566,FAROL DEPORT. C/LAMP.12V15W NEGRO VIDRIO CRISTAL VC,0,6734.806155000001,LUBRICANTES,GILERA,UNIVERSAL
1453/00060-566,FAROL DEPORT. C/LAMP.CROMADO AMBAR VC,0,13181.453109,MOTOR,GILERA,UNIVERSAL
1453/00070-566,FAROL DEPORT. C/LAMP.CROMADO CRISTAL VC,0,13181.443308,MOTOR,GILERA,UNIVERSAL
1453/00140-022,FAROL DICRO 12V 55W AMARILLO JGO. NSU,7.003705849834256,0,MOTOR,,UNIVERSAL
1457/00050-566,FAROL GIRO DAELIM  VC,0,2813.416254,MOTOR,GILERA,UNIVERSAL
1457/00087-566,FAROL GIRO DEL. HONDA BIZ/MOTOMEL BIT DER.AMBAR VC,0,7966.086182999999,MOTOR,GILERA / HONDA,BIZ
1457/00085-566,FAROL GIRO DEL. HONDA BIZ/MOTOMEL BIT DER.CRISTAL VC,0,7966.086182999999,MOTOR,GILERA / HONDA,BIZ
1457/00088-566,FAROL GIRO DEL. HONDA BIZ/MOTOMEL BIT IZQ.AMBAR VC,0,7966.086182999999,MOTOR,GILERA / HONDA,BIZ
1457/00086-566,FAROL GIRO DEL. HONDA BIZ/MOTOMEL BIT IZQ.CRISTAL VC,0,7966.086182999999,MOTOR,GILERA / HONDA,BIZ
1457/00430-077,FAROL GIRO DEL. MOTOMEL FUSION DER/IZQ (2PCS) NSU,4.62024574386972,0,MOTOR,MOTOMEL,UNIVERSAL
1457/00790-038,FAROL GIRO DEL. UNIVERSAL FUME x JGO. NSU,2.92160910096,0,MOTOR,,UNIVERSAL
1457/00193-566,FAROL GIRO DEL. YAMAHA CRYPTON AMBAR DER/IZQ 2PCS VC,0,8199.644013,MOTOR,GILERA / YAMAHA,CRYPTON
1457/00268-536,FAROL GIRO FLECHA AMBAR C/LED AF,0,5765.252031,MOTOR,,UNIVERSAL
1457/00269-536,FAROL GIRO FLECHA CRISTAL C/LED AF,0,5765.252031,MOTOR,,UNIVERSAL
1457/00110-566,FAROL GIRO GARELLI  VC,0,2937.379302,MOTOR,GILERA,UNIVERSAL
1457/00093-038,FAROL GIRO HONDA NXR125 TRASERO DERECHO NSU,1.930904785426712,0,MOTOR,HONDA,XR
1457/00356-022,FAROL GIRO HONDA TITAN 2000 DEL/TRAS x 4unid. NSU,13.45496889940581,0,MOTOR,HONDA,TITAN
1457/00512-566,FAROL GIRO HONDA WAVE AMBAR DER./IZQ. VC,0,6298.916481,MOTOR,GILERA / HONDA,WAVE
1457/01030-038,FAROL GIRO METAL CROMADO 15LEDS(3002)xJGO. NSU,7.817085814032,0,MOTOR,,UNIVERSAL
1457/01000-038,FAROL GIRO METAL CROMADO 5 LEDS (3011)xJGO. NSU,7.817085814032,0,MOTOR,,UNIVERSAL
1457/00153-022,FAROL GIRO MINI TUNNING AMBAR NEGRO NSU,3.259418343380847,0,MOTOR,,UNIVERSAL
1457/00147-566,FAROL GIRO MINITUNING FLECHA AMBAR UNIVERSAL VC,0,3588.028488,MOTOR,GILERA,UNIVERSAL
1457/00142-566,FAROL GIRO MINITUNING FLECHA CRISTAL UNIVERSAL VC,0,3588.028488,MOTOR,GILERA,UNIVERSAL
1457/00148-566,FAROL GIRO MINITUNING GOTA AMBAR UNIVERSAL VC,0,3588.028488,MOTOR,GILERA,UNIVERSAL
1457/00144-566,FAROL GIRO MINITUNING GOTA CRISTAL UNIVERSAL VC,0,3588.028488,MOTOR,GILERA,UNIVERSAL
1457/00735-077,FAROL GIRO MOTOMEL S2/S3 4LED xJGO. NSU,32.14004281350644,0,MOTOR,MOTOMEL,UNIVERSAL
1457/00391-077,FAROL GIRO MOTOMEL SKUA 15 LEDS NSU,11.19206130707606,0,MOTOR,MOTOMEL,UNIVERSAL
1457/00745-038,FAROL GIRO MOTOMEL X3M AMBAR NSU,1.741759308204854,0,MOTOR,MOTOMEL,UNIVERSAL
1457/00740-038,FAROL GIRO MOTOMEL X3M CRISTAL NSU,1.613419148652918,0,MOTOR,MOTOMEL,UNIVERSAL
1457/00080-038,FAROL GIRO TRAS. YAMAHA V-80 M/NUEVO X JGO NSU,5.930270676729049,0,MOTOR,YAMAHA,80
1457/00180-038,FAROL GIRO TRAS. YAMAHA V80 TRAS.M/VIEJO X JGO NSU,2.640140425068411,0,MOTOR,YAMAHA,UNIVERSAL
1457/00620-022,FAROL GIRO UNIVERSAL 18LED CRISTAL REDONDO NSU,4.308562499243587,0,MOTOR,,UNIVERSAL
1457/00610-022,FAROL GIRO UNIVERSAL 9LED CRISTAL NSU,6.752879556595033,0,MOTOR,,UNIVERSAL
1457/00691-038,FAROL GIRO UNIVERSAL AMBAR OVALADO NEGRO NSU,1.650380807113251,0,MOTOR,,UNIVERSAL
1457/00645-022,FAROL GIRO UNIVERSAL CRISTAL REDONDO NEGRO NSU,1.430076063578723,0,MOTOR,,UNIVERSAL
1457/00392-022,FAROL GIRO UNIVERSAL TUNNING 18 LEDS x 4unid. NSU,16.65101830662306,0,MOTOR,,UNIVERSAL
1457/00380-038,FAROL GIRO UNIVERSAL TUNNING CROMADO NSU,4.662731906130472,0,MOTOR,,UNIVERSAL
1457/00310-038,FAROL GIRO UNIVERSAL TUNNING RECTANGULAR NSU,3.005908027784559,0,MOTOR,,UNIVERSAL
1457/00750-022,FAROL GIRO YAMAHA FZ16 AMBAR DEL./TRAS. x4unid. NSU,10.10060135996919,0,MOTOR,YAMAHA,FZ16
1457/00196-038,FAROL GIRO YAMAHA RX 125 AMBAR RECTANGULAR NSU,2.164181963826229,0,MOTOR,YAMAHA / ZANELLA,NS 125
1457/00190-020,FAROL GIRO YAMAHA XT250 TW.,13.91795141808609,0,MOTOR,YAMAHA,UNIVERSAL
1457/00508-566,FAROL GIRO YAMAHA YBR 125 AMBAR VC,0,5439.986244,MOTOR,GILERA / YAMAHA,YBR125
1457/00509-566,FAROL GIRO YAMAHA YBR 125 CRISTAL VC,0,5439.986244,MOTOR,GILERA / YAMAHA,YBR125
1457/00225-536,FAROL GIRO ZANELLA 2005 CRISTAL AF,0,6203.131308,MOTOR,ZANELLA,UNIVERSAL
1457/00228-536,FAROL GIRO ZANELLA 2005 NARANJA AF,0,6203.131308,MOTOR,ZANELLA,UNIVERSAL
1457/00228-566,FAROL GIRO ZANELLA 2005 NARANJA VC,0,4171.874057999999,MOTOR,GILERA / ZANELLA,UNIVERSAL
1457/00200-566,FAROL GIRO ZANELLA CARGO-JUKI-DADALT NARANJA VC,0,4171.874057999999,MOTOR,GILERA / ZANELLA,UNIVERSAL
1457/00351-566,FAROL GIRO ZANELLA RX150 NEGRO BRAZO FLEX.CRISTAL VC,0,5439.986244,MOTOR,GILERA / ZANELLA,RX150
1457/00353-022,FAROL GIRO ZANELLA RX150-HONDA STORM 7LED CRISTAL NSU,6.145311902908321,0,MOTOR,ZANELLA,RX150
1457/00167-022,FAROL GIRO ZANELLA RX150-HONDA STORM NEGRO AMBAR NSU,2.776427327856445,0,MOTOR,ZANELLA,RX150
1457/00350-566,FAROL GIRO ZANELLA RX150-HONDA STORM NEGRO AMBAR VC,0,5439.986244,MOTOR,GILERA / ZANELLA,RX150
1459/00030-566,FAROL TRAS. CICLOMOTOR ZANELLA V3 Y OTROS VC,0,4708.821843000001,MOTOR,GILERA / ZANELLA,UNIVERSAL
1459/00050-566,FAROL TRAS. DAELIM LIBERTY 50 VC,0,4898.824029,MOTOR,GILERA,50
1459/00008-566,"FAROL TRAS. HONDA C-100 BIZ,TRIP,SMASH C/GIROS AM VC",0,24316.437816,MOTOR,GILERA / HONDA,SMASH
1459/00009-566,"FAROL TRAS. HONDA C-100 BIZ,TRIP,SMASH C/GIROS CR VC",0,24316.437816,MOTOR,GILERA / HONDA,SMASH
1459/00013-038,FAROL TRAS. HONDA CB150 INVICTA NSU,14.239281429252,0,MOTOR,HONDA,CB
1459/00189-022,FAROL TRAS. HONDA CBX 250 TWISTER 2017 CRISTAL NSU,12.9890045934,0,MOTOR,HONDA,TWISTER
1459/00109-022,FAROL TRAS. HONDA CG150 18LED NSU,11.82562898728559,0,MOTOR,HONDA,CG150
1459/00103-566,FAROL TRAS. HONDA NEW WAVE ROJO/ROJO VC,0,24316.437816,MOTOR,GILERA / HONDA,WAVE
1459/00094-022,FAROL TRAS. HONDA STORM 125 25 LED NSU,12.35732393400071,0,MOTOR,HONDA,STORM 125
1459/00102-022,FAROL TRAS. HONDA WAVE M/VIEJO ROJO/AMBAR NSU,8.881562064375,0,MOTOR,HONDA,WAVE
1459/00102-566,FAROL TRAS. HONDA WAVE M/VIEJO ROJO/AMBAR VC,0,24316.437816,MOTOR,GILERA / HONDA,WAVE
1459/00100-566,FAROL TRAS. HONDA XR  VC,0,3979.823463,MOTOR,GILERA / HONDA,XR
1459/00130-534,FAROL TRAS. KAWASAKI KLR NEGRO FE,0,26.100063,MOTOR,KAWASAKI,UNIVERSAL
1001/60001-038,FAROL TRAS. LED PARA  CASCO NSU,6.359839453330994,0,MOTOR,,UNIVERSAL
1459/00133-566,FAROL TRAS. MONDIAL LD 110 ROJO-CRISTAL VC,0,20576.31741,MOTOR,GILERA / MONDIAL,VC 110
1459/00285-110,FAROL TRAS. UNIV.LED TIRA FLEX.C/GIRO AUTOADH48LED YAMASIDA,2.8677358757864,0,MOTOR,,UNIVERSAL
1459/00300-022,FAROL TRAS. UNIVERSAL 6LED C/PORTAPATENTE NSU,6.541554035808,0,MOTOR,,UNIVERSAL
1459/00270-022,FAROL TRAS. UNIVERSAL C/16 LED NSU,5.844373113944436,0,MOTOR,,UNIVERSAL
1459/00162-022,FAROL TRAS. YAMAHA FAZER 250 CON 15LED NSU,18.0776281883157,0,MOTOR,YAMAHA,FAZER 250
1459/00163-566,FAROL TRAS. YAMAHA FZ16 VC,0,6230.084058,MOTOR,GILERA / YAMAHA,FZ16
1459/00245-077,FAROL TRAS. YAMAHA NEW CRYPTON NSU,10.00677577080789,0,MOTOR,YAMAHA,CRYPTON
1459/00245-022,FAROL TRAS. YAMAHA NEW CRYPTON NSU,10.006511170788,0,MOTOR,YAMAHA,CRYPTON
1459/00258-038,FAROL TRAS. YAMAHA YBR 125 Z NSU,13.39458582062817,0,MOTOR,YAMAHA,YBR125
1459/00156-566,FAROL TRAS. YAMAHA YBR COMPLETO VC,0,15352.18839,MOTOR,GILERA / YAMAHA,YBR
1459/00165-566,FAROL TRAS. ZANELLA POCKET C/PORTAPATENTE VC,0,5321.982204,MOTOR,GILERA / ZANELLA,UNIVERSAL
1459/00170-566,FAROL TRAS. ZANELLA SOL  VC,0,9025.691895,MOTOR,GILERA / ZANELLA,SOL
1459/00180-566,FAROL TRAS. ZANELLA ZB 110 D ROJO Y CRISTAL VC,0,26061.290244,MOTOR,GILERA / ZANELLA,VC 110
1544/00111-038,FICHA 2 VIAS DESTELLADOR UNIV.PALA HEMBRA x10UNID. NSU,3.073386534881974,0,OTROS,,UNIVERSAL
1544/00112-038,FICHA 2 VIAS HEMBRA BULBO DE STOP 2.8MM x10UNID. NSU,3.339561792956657,0,ELECTRICIDAD,,UNIVERSAL
1544/00101-038,FICHA 2 VIAS HEMBRA UNIVERSAL x 10UNID. NSU,3.829713787753487,0,OTROS,,UNIVERSAL
1544/00118-038,FICHA 2 VIAS M REG.VOLT.TRIF.(2F) 10 PIEZAS NSU,5.845645680758516,0,OTROS,,UNIVERSAL
1544/00116-038,FICHA 2 VIAS M.ARRANQUE TERM.PALA HEMBRA 7.8MMx10U NSU,7.949815463981659,0,OTROS,,UNIVERSAL
1544/00117-038,FICHA 2 VIAS M.ARRANQUE TERM.PALA MACHO 7.8MMx10UN NSU,7.889215905981029,0,OTROS,,UNIVERSAL
1544/00113-038,FICHA 2 VIAS MACHO BULBO DE STOP 2.8MMx10UNID. NSU,2.02042125304905,0,ELECTRICIDAD,,UNIVERSAL
1544/00128-038,FICHA 2 VIAS MACHO REDONDA TERMPALA HEMBRA 2.2x10U NSU,3.215637514734192,0,OTROS,,UNIVERSAL
1544/00102-038,FICHA 2 VIAS MACHO UNIVERSAL x 10UNID. NSU,3.327537456161499,0,OTROS,,UNIVERSAL
1544/00114-038,FICHA 2 VIAS MOTOR ARRANQUE TERM.HEMBRA 6.3MMx10UN NSU,7.042198759887039,0,OTROS,,UNIVERSAL
1544/00115-038,FICHA 2 VIAS MOTOR ARRANQUE TERM.MACHO 6.3MMx10UN. NSU,7.042198759887039,0,OTROS,,UNIVERSAL
1544/00103-038,FICHA 3 VIAS HEMBRA UNIVERSAL x 10UNID. NSU,4.234938655311585,0,OTROS,,UNIVERSAL
1544/00104-038,FICHA 3 VIAS MACHO UNIVERSAL x10UNID. NSU,3.666274756694412,0,OTROS,,UNIVERSAL
1544/00105-038,FICHA 4 VIAS HEMBRA UNIVERSAL x10UNID. NSU,4.537434273548127,0,OTROS,,UNIVERSAL
1544/00123-038,FICHA 4 VIAS MACHO REG.VOLT.MONOF.TERM.PALA x10UN. NSU,8.590875557917787,0,OTROS,,UNIVERSAL
1544/00106-038,FICHA 4 VIAS MACHO UNIVERSAL x10UNID. NSU,5.584069112646563,0,OTROS,,UNIVERSAL
1544/00125-038,FICHA 6 VIAS HEMBRA REG.MONOF.TERM.PALA x 10UNID. NSU,6.05008081100607,0,OTROS,,UNIVERSAL
1544/00124-038,FICHA 6 VIAS MACHO CONEX.ACDI TERM.PALA H x10UNID. NSU,7.719898278407822,0,ELECTRICIDAD,,UNIVERSAL
1544/00127-038,FICHA 6 VIAS MACHO CONEXION LUCES TRAS.x10UNID. NSU,5.326565121674767,0,OTROS,,UNIVERSAL
1544/00126-038,FICHA 6 VIAS MACHO REG.MONOF.TERM.PALAx10UNID. NSU,7.477829622654991,0,OTROS,,UNIVERSAL
1544/00109-038,FICHA 9 VIAS HEMBRA UNIVERSAL x10UNID. NSU,7.714335693460009,0,OTROS,,UNIVERSAL
1544/00110-038,FICHA 9 VIAS MACHO UNIVERSAL x10UNID. NSU,11.67633086393051,0,OTROS,,UNIVERSAL
1544/00160-038,FICHA UNIVERSAL 2 VIAS CDI FORM x10 UNIDADES NSU,4.224517165466194,0,ELECTRICIDAD,,UNIVERSAL
1544/00150-038,FICHA UNIVERSAL 4 VIAS CDI FORM x10UNIDADES NSU,3.306143868625718,0,ELECTRICIDAD,,UNIVERSAL
1001/45000-151,FILM PROTECTOR ANTI LLUVIA PARA VISOR CASCO .,3.992927377567291,0,OTROS,,UNIVERSAL
1001/45010-151,FILM PROTECTOR ANTINIEBLA PARA VISOR CASCO .,3.992927377567291,0,OTROS,,UNIVERSAL
1485/00003-522,FILTRO ACEITE BAJAJ ROUSER 200 NS DE DION,0,4488.710985000001,LUBRICANTES,BAJAJ,ROUSER
1485/00003-022,FILTRO ACEITE BAJAJ ROUSER 200 NS NSU,1.742380147883606,0,LUBRICANTES,BAJAJ,ROUSER
1485/00022-022,FILTRO ACEITE HONDA CBX 250 TWISTER NSU,0.774399680775862,0,LUBRICANTES,HONDA,TWISTER
1485/00020-022,FILTRO ACEITE HONDA XR-250/600 NX-250 CARTUCHO NSU,0.7744077673000144,0,LUBRICANTES,HONDA,XR 250
1485/00030-522,FILTRO ACEITE HONDA XR-NX-TRX-ATC MH53 DE DION,0,3453.441156,LUBRICANTES,HONDA,XR
1485/00040-022,FILTRO ACEITE SUZUKI DR 250/350/650 MH68 NSU,1.982004761140824,0,LUBRICANTES,SUZUKI,NS 250
1485/00038-522,FILTRO ACEITE SUZUKI DR125/MOTARD200/CUATRI MH50 DE DION,0,3262.36086,LUBRICANTES,SUZUKI,UNIVERSAL
1485/00037-022,FILTRO ACEITE SUZUKI DR250/GN250/DR350-BETA MH69 NSU,1.502838774930954,0,LUBRICANTES,SUZUKI,UNIVERSAL
1485/00041-522,FILTRO ACEITE SUZUKI GN/GS 125 DE DION,0,2879.622009,LUBRICANTES,SUZUKI,125
1485/00051-022,FILTRO ACEITE YAMAHA FAZER 250/XTZ250 L1124 NSU,1.049143382361488,0,LUBRICANTES,YAMAHA,FAZER 250
1485/00046-022,FILTRO ACEITE YAMAHA FZ16 SOHC 2010> MH5002 NSU,1.173706005556927,0,LUBRICANTES,YAMAHA,FZ16
1487/00060-522,FILTRO ACEITE YAMAHA FZ16/BAJAJ ROUSER 135CC DE DION,0,4738.607082,LUBRICANTES,BAJAJ / YAMAHA,FZ16 / ROUSER
1485/00050-522,FILTRO ACEITE YAMAHA YBR 250 DE DION,0,4374.117693,LUBRICANTES,YAMAHA,YBR
1497/00015-022,FILTRO AIRE BENELLI TNT 150 NSU,3.245260542966842,0,FILTROS,BENELLI,NS 150
1497/00019-665,FILTRO AIRE CELULOSA BAJAJ DOMINAR 250/400/NS160 BMB,0,36380.890557,FILTROS,BAJAJ,DOMINAR
1497/00013-022,FILTRO AIRE CELULOSA BAJAJ ROUSER NS 160 NSU,3.572048017133618,0,FILTROS,BAJAJ,ROUSER
1497/00008-522,FILTRO AIRE CELULOSA BAJAJ ROUSER NS200 DE DION,0,7249.956515999999,FILTROS,BAJAJ,NS200 / ROUSER
1497/00009-022,FILTRO AIRE CELULOSA BAJAJ ROUSER NS200 NSU,2.867718740935707,0,FILTROS,BAJAJ,NS200 / ROUSER
1497/00065-522,FILTRO AIRE CELULOSA GILERA SMX200 ENDURO DE DION,0,9094.494915,FILTROS,GILERA,UNIVERSAL
1497/00067-522,FILTRO AIRE CELULOSA GILERA SMX200 MOTARD ENDURO DE DION,0,9355.622958,FILTROS,GILERA,UNIVERSAL
1497/00046-022,FILTRO AIRE CELULOSA H.TWISTER CBX250 2018 NSU,3.327486028989773,0,FILTROS,HONDA,TWISTER
1497/00011-022,FILTRO AIRE CELULOSA HONDA BIZ 125 NSU,1.984446217518997,0,FILTROS,HONDA,BIZ
1497/00187-522,FILTRO AIRE CELULOSA HONDA BROSS/SKUA DE DION,0,4647.516588,FILTROS,HONDA,UNIVERSAL
1497/00187-022,FILTRO AIRE CELULOSA HONDA BROSS/SKUA NSU,2.274755724733543,0,FILTROS,HONDA,UNIVERSAL
1497/00020-522,FILTRO AIRE CELULOSA HONDA C-90 DE DION,0,4390.740189,FILTROS,HONDA,C90
1497/00030-522,FILTRO AIRE CELULOSA HONDA C-90 DE LUXE C1014 DE DION,0,4188.212325,FILTROS,HONDA,C90
1497/00047-665,FILTRO AIRE CELULOSA HONDA CB1 125C BMB,0,15731.09505,FILTROS,HONDA,CB
1497/00256-022,FILTRO AIRE CELULOSA HONDA CB190 NSU,3.605832513423386,0,FILTROS,HONDA,CB
1497/00040-522,FILTRO AIRE CELULOSA HONDA CB250 NIGHTHAWK DE DION,0,22599.567243,FILTROS,HONDA,CB
1497/00045-522,FILTRO AIRE CELULOSA HONDA CB250 TWISTER DE DION,0,11880.242946,FILTROS,HONDA,TWISTER
1497/00045-022,FILTRO AIRE CELULOSA HONDA CB250 TWISTER NSU,3.081908502213478,0,FILTROS,HONDA,TWISTER
1497/00050-522,FILTRO AIRE CELULOSA HONDA CG 125 TITAN 2000 DE DION,0,8419.147209,FILTROS,HONDA,CG125 / TITAN
1497/00050-022,FILTRO AIRE CELULOSA HONDA CG 125 TITAN 2000 NSU,2.641487129647064,0,FILTROS,HONDA,CG125 / TITAN
1497/00411-022,FILTRO AIRE CELULOSA HONDA ELITE 125 JA2312 NSU,4.698713122990838,0,FILTROS,HONDA,NS 125
1497/00096-022,FILTRO AIRE CELULOSA HONDA ELITE 125cc. NSU,3.367230066729355,0,FILTROS,HONDA,UNIVERSAL
1497/00055-056,FILTRO AIRE CELULOSA HONDA ELITE 80/C 90 ECONO NSU,2.768480584620348,0,FILTROS,HONDA,C90
1497/00048-665,FILTRO AIRE CELULOSA HONDA GLH 150-CB1-TWISTER 125 BMB,0,15828.291567,FILTROS,HONDA,TWISTER
1497/00054-022,FILTRO AIRE CELULOSA HONDA INVICTA 150 NSU,2.530064426152038,0,FILTROS,HONDA,NS 150
1497/00255-522,FILTRO AIRE CELULOSA HONDA STORM 125 DE DION,0,7217.270181000001,FILTROS,HONDA,STORM 125
1497/00186-022,FILTRO AIRE CELULOSA HONDA TITAN 150 MOD.2016/2016 NSU,3.114578910364151,0,FILTROS,HONDA,TITAN
1497/00185-522,FILTRO AIRE CELULOSA HONDA TITAN CG150 DE DION,0,6326.584704,FILTROS,HONDA,CG150 / TITAN
1497/00185-022,FILTRO AIRE CELULOSA HONDA TITAN CG150 NSU,3.35175896115426,0,FILTROS,HONDA,CG150 / TITAN
1497/00052-022,FILTRO AIRE CELULOSA HONDA TITAN/CG 150 C1016 NSU,3.201124233385849,0,FILTROS,HONDA,CG150 / TITAN
1497/00058-022,FILTRO AIRE CELULOSA HONDA TORNADO NSU,3.626448432227326,0,FILTROS,HONDA,TORNADO
1497/00254-022,FILTRO AIRE CELULOSA HONDA WAVE NEW 110 NSU,3.811539427396546,0,FILTROS,HONDA,WAVE
1497/00253-022,FILTRO AIRE CELULOSA HONDA WAVE NSU,3.201124233385849,0,FILTROS,HONDA,WAVE
1497/00056-022,FILTRO AIRE CELULOSA HONDA XR 150L NSU,2.441297237079649,0,FILTROS,HONDA,XR
1497/00057-522,FILTRO AIRE CELULOSA HONDA XR 250 TORNADO DE DION,0,4829.746581,FILTROS,HONDA,XR 250
1497/00057-022,FILTRO AIRE CELULOSA HONDA XR 250 TORNADO NSU,2.910112939441682,0,FILTROS,HONDA,XR 250
1497/00063-522,FILTRO AIRE CELULOSA JAWA 350 RUTA 40 DE DION,0,14124.720951,FILTROS,,UNIVERSAL
1497/00072-022,FILTRO AIRE CELULOSA KTM DUKE 200 NSU,2.489265837430115,0,FILTROS,,NS 200
1497/00075-522,FILTRO AIRE CELULOSA MONDIAL HD254/CUSTOM 250/JAWA DE DION,0,16829.973369,FILTROS,MONDIAL,HD 250
1497/00075-022,FILTRO AIRE CELULOSA MONDIAL HD254/CUSTOM 250/JAWA NSU,5.183704759906769,0,FILTROS,MONDIAL,NS 250
1497/00078-522,FILTRO AIRE CELULOSA MOTOMEL CARGO 200CC. DE DION,0,8674.923906,FILTROS,MOTOMEL,UNIVERSAL
1497/00318-022,FILTRO AIRE CELULOSA MOTOMEL CUSTOM 200 C/MALLA NSU,3.99667993043232,0,FILTROS,MOTOMEL,NS 200
1497/00188-022,FILTRO AIRE CELULOSA MOTOMEL SKUA C/REJILLA NSU,2.962117005661011,0,FILTROS,MOTOMEL,UNIVERSAL
1497/00079-022,FILTRO AIRE CELULOSA MOTOMEL XMM 250 C/MALLA NSU,6.158925983741913,0,FILTROS,MOTOMEL,NS 250
1497/00192-022,FILTRO AIRE CELULOSA MOTOMEL XMM 250 NSU,2.524333536441994,0,FILTROS,MOTOMEL,NS 250
1497/00098-022,FILTRO AIRE CELULOSA SCOOTER NSU,2.58110560125,0,FILTROS,,UNIVERSAL
1497/00441-022,FILTRO AIRE CELULOSA SUZUKI GIXXER 150 JA2269 NSU,6.130275659445191,0,FILTROS,SUZUKI,GIXXER 150
1497/00386-022,FILTRO AIRE CELULOSA YAMAHA CRYPTON 110 NEW NSU,2.842965038995886,0,FILTROS,YAMAHA,CRYPTON
1497/00443-022,FILTRO AIRE CELULOSA YAMAHA FZ 16 NSU,4.387554893312073,0,FILTROS,YAMAHA,FZ16
1497/00444-022,FILTRO AIRE CELULOSA YAMAHA FZ-S 2.0 NSU,3.835659445693331,0,FILTROS,YAMAHA,FZ
1497/00442-022,FILTRO AIRE CELULOSA YAMAHA SZ 150 R NSU,4.056711314343167,0,FILTROS,YAMAHA,NS 150
1497/00446-022,FILTRO AIRE CELULOSA YAMAHA XT1200Z SUPER TENERE NSU,15.05333621342869,0,FILTROS,YAMAHA,UNIVERSAL
1497/00445-022,FILTRO AIRE CELULOSA YAMAHA YBR125 C/MALLA NSU,3.242875301087379,0,FILTROS,YAMAHA,YBR125
1497/00445-566,FILTRO AIRE CELULOSA YAMAHA YBR125 C/MALLA VC,0,4641.106734,FILTROS,GILERA / YAMAHA,YBR125
1497/00406-022,FILTRO AIRE CELULOSA ZANELLA RX 150/200 NSU,2.962117005661011,0,FILTROS,ZANELLA,NS 150
1497/00412-022,FILTRO AIRE CELULOSA ZANELLA STYLER 150 JA2404 NSU,3.746206801277161,0,FILTROS,ZANELLA,NS 150
1497/00010-665,FILTRO AIRE CORVEN TXR250L-GUERRERO GXR250 BMB,0,32082.240564,FILTROS,CORVEN,XR
1497/00107-522,FILTRO AIRE ESPUMA BAJAJ ROUSER 135-XCD125 DE DION,0,3189.451221,FILTROS,BAJAJ,ROUSER
1497/00105-522,FILTRO AIRE ESPUMA BAJAJ ROUSER 150/180/200/220 DE DION,0,4547.242557,FILTROS,BAJAJ,ROUSER
1497/00108-022,FILTRO AIRE ESPUMA BENELLI TNT 300 NSU,1.352554897437859,0,FILTROS,BENELLI,NS 300
1497/00500-665,FILTRO AIRE ESPUMA CANAM ATV-BOCA 80 ALTURA 150 BMB,0,21049.656705,FILTROS,,80
1497/00136-522,FILTRO AIRE ESPUMA GILERA SMASH 110CC DE DION,0,2733.812532,FILTROS,GILERA,SMASH
1497/00139-522,FILTRO AIRE ESPUMA GILERA SUPER 125/MOTOMEL VX 150 DE DION,0,7251.554079,FILTROS,GILERA,125
1497/00140-564,FILTRO AIRE ESPUMA HERCHEE 50 ELEGANT-PETER-ADLY50 PANTHER,0,10.183239,FILTROS,,50
1497/00150-522,FILTRO AIRE ESPUMA HERO PUCH 50  50 DE DION,0,1398.622302,FILTROS,HERO,50
1497/00012-665,FILTRO AIRE ESPUMA HONDA BIZ 125 BMB,0,13652.048124,FILTROS,HONDA,BIZ
1497/00160-522,FILTRO AIRE ESPUMA HONDA BIZ CS1919 DE DION,0,2857.520754,FILTROS,HONDA,BIZ
1497/00160-022,FILTRO AIRE ESPUMA HONDA BIZ CS1919 NSU,0.738720976935196,0,FILTROS,HONDA,BIZ
1497/00180-522,FILTRO AIRE ESPUMA HONDA CG 125 TITAN 2000 BRASIL  DE DION,0,3280.580919,FILTROS,HONDA,CG125 / TITAN
1497/00245-022,FILTRO AIRE ESPUMA HONDA CG 99/ZANELLA RX150 NSU,1.352554897437859,0,FILTROS,HONDA,RX150
1497/00190-522,FILTRO AIRE ESPUMA HONDA CG TODAY/ZANELLA RX150 DE DION,0,2642.692635,FILTROS,HONDA,RX150
1497/00044-665,FILTRO AIRE ESPUMA HONDA CG150 TITAN BMB,0,13644.403344,FILTROS,HONDA,CG150 / TITAN
1497/00195-522,FILTRO AIRE ESPUMA HONDA CR125/250/500(ESP.C/RET.) DE DION,0,12848.944383,FILTROS,HONDA,250
1497/00210-522,FILTRO AIRE ESPUMA HONDA DAX 70 DE DION,0,3499.290234,FILTROS,HONDA,70
1497/00225-522,FILTRO AIRE ESPUMA HONDA FALCON 400(BRASILERA) DE DION,0,3736.209807,FILTROS,HONDA,UNIVERSAL
1497/00250-522,FILTRO AIRE ESPUMA HONDA NX125/150 DE DION,0,2766.097026,FILTROS,HONDA,150
1497/00252-522,FILTRO AIRE ESPUMA HONDA NX400 FALCON(BRASIL)PANEL DE DION,0,10388.511144,FILTROS,HONDA,UNIVERSAL
1497/00076-665,FILTRO AIRE ESPUMA HONDA TRX 250/300 FOUR TRAX BMB,0,16784.692749,FILTROS,HONDA,250
1497/00285-522,FILTRO AIRE ESPUMA HONDA XLR125 (BRASIL) DE DION,0,2833.371090000001,FILTROS,HONDA,UNIVERSAL
1497/00300-522,FILTRO AIRE ESPUMA HONDA XR 250-XR600R DE DION,0,7928.068104,FILTROS,HONDA,XR 250
1497/00308-665,FILTRO AIRE ESPUMA KAWASAKI Z400/NINJA 400 BMB,0,36563.296968,FILTROS,KAWASAKI,UNIVERSAL
1497/00310-522,FILTRO AIRE ESPUMA KENIA JIALING-JUEGO DE DION,0,3257.225136,FILTROS,,UNIVERSAL
1497/00018-665,FILTRO AIRE ESPUMA LAVABLE BAJAJ ROUSER NS200 BMB,0,17979.64047,FILTROS,BAJAJ,NS200 / ROUSER
1497/00077-665,FILTRO AIRE ESPUMA LAVABLE HONDA XR 250 TORNADO BMB,0,14423.44563,FILTROS,HONDA,XR 250
1497/00053-665,FILTRO AIRE ESPUMA LAVABLE HONDA XR125L 2013 ADEL. BMB,0,16822.24038,FILTROS,HONDA,XR
1497/00189-665,FILTRO AIRE ESPUMA LAVABLE MOTOMEL SKUA C/REJILLA BMB,0,12857.579064,FILTROS,MOTOMEL,UNIVERSAL
1497/00315-522,FILTRO AIRE ESPUMA MOTOMEL C100 DE DION,0,1996.845939,FILTROS,MOTOMEL,UNIVERSAL
1497/00330-522,FILTRO AIRE ESPUMA SUZUKI AX-100 DE DION,0,2478.663098999999,FILTROS,SUZUKI,100
1497/00340-522,FILTRO AIRE ESPUMA SUZUKI DR 250/350 DE DION,0,5472.643176,FILTROS,SUZUKI,250
1497/00345-522,FILTRO AIRE ESPUMA SUZUKI EN Y GN 125CC. DE DION,0,4100.728599,FILTROS,SUZUKI,UNIVERSAL
1497/00345-022,FILTRO AIRE ESPUMA SUZUKI EN Y GN 125CC. NSU,1.210983128784943,0,FILTROS,SUZUKI,UNIVERSAL
1497/00385-022,FILTRO AIRE ESPUMA YAMAHA CRYPTON NSU,1.0285003894279,0,FILTROS,YAMAHA,CRYPTON
1497/00600-665,FILTRO AIRE ESPUMA YAMAHA FZ25 2018 ADEL. BMB,0,32487.894153,FILTROS,YAMAHA,FZ
1497/00460-522,FILTRO AIRE ESPUMA YAMAHA YBR 125 / XTZ125 2000 DE DION,0,6957.631890000001,FILTROS,YAMAHA,XTZ125 / YBR125
1497/00460-022,FILTRO AIRE ESPUMA YAMAHA YBR 125 / XTZ125 2000 NSU,1.986685711846505,0,FILTROS,YAMAHA,XTZ125 / YBR125
1497/00450-522,FILTRO AIRE ESPUMA YAMAHA YBR 125 00 - 08 DE DION,0,4423.034484000001,FILTROS,YAMAHA,YBR125
1497/00450-022,FILTRO AIRE ESPUMA YAMAHA YBR 125 00 - 08 NSU,1.306788380480003,0,FILTROS,YAMAHA,YBR125
1497/00470-522,FILTRO AIRE ESPUMA YAMAHA YBR 250/XTZ250/YS250 DE DION,0,7244.614971,FILTROS,YAMAHA,YBR
1497/00425-564,FILTRO AIRE ESPUMA ZANELLA BUSINESS 4 TIEMPOS PANTHER,0,543.8770920000001,FILTROS,ZANELLA,UNIVERSAL
1497/00100-522,FILTRO AIRE ESPUMA ZANELLA DUE x2UNID. DE DION,0,2187.053946,FILTROS,ZANELLA,DUE
1497/00407-522,FILTRO AIRE ESPUMA ZANELLA RX 150cc. DE DION,0,3845.569365,FILTROS,ZANELLA,UNIVERSAL
1497/00408-522,FILTRO AIRE ESPUMA ZANELLA STYLER 125cc. DE DION,0,5285.385270000001,FILTROS,ZANELLA,STYLER 125
1497/00068-665,FILTRO AIRE HERO X PULSAR 200 BMB,0,25359.744465,FILTROS,HERO,PULSAR
1497/00162-522,FILTRO AIRE HONDA NX125/150/CBX150/SAHARA350 DE DION,0,4383.546255,FILTROS,HONDA,CB 150
1497/00311-665,FILTRO AIRE HONDA TORNADO 250 ANKER BMB,0,22648.327218,FILTROS,HONDA,TORNADO
1497/00339-566,FILTRO AIRE INTERIOR C/MALLA METALICA CICLO VC,0,989.7637860000001,FILTROS,GILERA,UNIVERSAL
1497/00314-522,FILTRO AIRE KAWASAKI KE100 DE DION,0,4213.420497,FILTROS,KAWASAKI,UNIVERSAL
1497/00312-665,FILTRO AIRE KTM DUKE 125/200/250/390CC BMB,0,36487.496034,FILTROS,,125
1497/00312-522,FILTRO AIRE KTM DUKE 125/200/250/390CC DE DION,0,7745.818509000001,FILTROS,,125
2002/00200-049,FILTRO BOMBA INYECCION MARELLI NSU,1.792710339237562,0,FILTROS,,UNIVERSAL
1495/00010-522,FILTRO DE AIRE CONICO 28 X 45 SCOOTER DE DION,0,5467.634865,FILTROS,,UNIVERSAL
1495/00020-522,FILTRO DE AIRE CONICO 39 X 55 SUZUKI 550-HONDA DE DION,0,6378.902442,FILTROS,SUZUKI,UNIVERSAL
1495/00210-522,FILTRO DE AIRE CONICO 39 X 70 KAWASAKI 650 DE DION,0,7472.429415,FILTROS,KAWASAKI,70
1495/00030-522,FILTRO DE AIRE CONICO 43 X 70 OVALADO DE DION,0,10277.250192,FILTROS,,70
1495/00035-522,FILTRO DE AIRE CONICO 43 X 70 SUZ.1000/KAW.1000 DE DION,0,7353.78831,FILTROS,,70
1495/00319-022,FILTRO DE AIRE CONICO LAVABLE 36 X 55 CROMADO NSU,2.874995917259216,0,FILTROS,,UNIVERSAL
1495/00330-665,FILTRO DE AIRE CONICO LAVABLE 39 X 55 BMB,0,8228.076713999999,FILTROS,,UNIVERSAL
1495/00100-022,FILTRO DE AIRE CONICO LAVABLE 39 X 55 CROMADO NSU,3.508997625447006,0,FILTROS,,UNIVERSAL
1495/00335-665,FILTRO DE AIRE CONICO LAVABLE 39 X 70 BMB,0,7793.617985999999,FILTROS,,70
1495/00340-665,FILTRO DE AIRE CONICO LAVABLE 43 X 70 BMB,0,8331.193035,FILTROS,,70
1495/00150-022,FILTRO DE AIRE CONICO LAVABLE 43 X 70 CROMADO NSU,2.874995917259216,0,FILTROS,,70
1495/00200-665,FILTRO DE AIRE CONICO LAVABLE 55 X 55 BMB,0,8672.150223,FILTROS,,UNIVERSAL
1495/00200-522,FILTRO DE AIRE CONICO LAVABLE 55 X 55 DE DION,0,7107.930225,FILTROS,,UNIVERSAL
1495/00370-665,FILTRO DE AIRE CONICO LAVABLE 55 X 70 BMB,0,8405.465012999999,FILTROS,,70
1492/00040-665,FILTRO DE AIRE RECTO BOCA 35 X 100 BMB,0,9399.217805999999,FILTROS,,100
1492/00050-665,FILTRO DE AIRE RECTO BOCA 35 X 100 C/RESORTE BMB,0,10441.181718,FILTROS,,100
1492/00010-665,FILTRO DE AIRE RECTO BOCA 35 X 45 BMB,0,7432.509942,FILTROS,,UNIVERSAL
1492/00020-665,FILTRO DE AIRE RECTO BOCA 35 X 55 BMB,0,7629.519843,FILTROS,,UNIVERSAL
1492/00030-665,FILTRO DE AIRE RECTO BOCA 35 X 70 BMB,0,7728.000291,FILTROS,,70
1492/00083-665,FILTRO DE AIRE RECTO BOCA 35X150 VENTURI KARTING BMB,0,27250.416171,FILTROS,,UNIVERSAL
1492/00090-665,FILTRO DE AIRE RECTO BOCA 39 X 100  C/RESORTE BMB,0,10441.181718,FILTROS,,100
1492/00100-665,FILTRO DE AIRE RECTO BOCA 39 X 100 DESPLAZAC/RESOR BMB,0,9817.377471,FILTROS,,100
1492/00110-665,FILTRO DE AIRE RECTO BOCA 39 X 120 DESPLAZADA BMB,0,15301.703439,FILTROS,,UNIVERSAL
1492/00120-665,FILTRO DE AIRE RECTO BOCA 39 X 150 C/RESORTE BMB,0,11862.003285,FILTROS,,150
1492/00130-665,FILTRO DE AIRE RECTO BOCA 39 X 150 C/RESORTE DESPL BMB,0,11211.736338,FILTROS,,150
1492/00060-665,FILTRO DE AIRE RECTO BOCA 39 X 55 BMB,0,7629.519843,FILTROS,,UNIVERSAL
1492/00070-665,FILTRO DE AIRE RECTO BOCA 39 X 70 BMB,0,7793.617985999999,FILTROS,,70
1492/00080-665,FILTRO DE AIRE RECTO BOCA 39 X 70 C/RESORTE BMB,0,9275.744808,FILTROS,,70
1492/00084-665,FILTRO DE AIRE RECTO BOCA 39 X 70 VENTURI KARTING BMB,0,24807.761946,FILTROS,,70
1492/00150-665,FILTRO DE AIRE RECTO BOCA 42 X 100 DEPLAZADA C/RES BMB,0,9833.53932,FILTROS,,100
1492/00160-665,FILTRO DE AIRE RECTO BOCA 42 X 150 DESPLAZADAC/RES BMB,0,11211.736338,FILTROS,,150
1492/00140-665,FILTRO DE AIRE RECTO BOCA 42 X 55 DESPLAZADA C/RES BMB,0,8043.347466,FILTROS,,UNIVERSAL
1492/00200-665,FILTRO DE AIRE RECTO BOCA 43 X 100 C/RESORTE BMB,0,11206.218375,FILTROS,,100
1492/00210-665,FILTRO DE AIRE RECTO BOCA 43 X 150 C/RESORTE BMB,0,11952.113679,FILTROS,,150
1492/00170-665,FILTRO DE AIRE RECTO BOCA 43 X 55 BMB,0,8224.50915,FILTROS,,UNIVERSAL
1492/00180-665,FILTRO DE AIRE RECTO BOCA 43 X 70 BMB,0,8313.668846999999,FILTROS,,70
1492/00190-665,FILTRO DE AIRE RECTO BOCA 43 X 70 C/RESORTE BMB,0,10297.332441,FILTROS,,70
1492/00220-665,FILTRO DE AIRE RECTO BOCA 45 X 100 C/RESORTE BMB,0,11751.359796,FILTROS,,100
1492/00250-665,FILTRO DE AIRE RECTO BOCA 50 X 100 C/RESORTE BMB,0,11801.050866,FILTROS,,50
1492/00260-665,FILTRO DE AIRE RECTO BOCA 50 X 150 C/RESORTE BMB,0,13198.830282,FILTROS,,50
1492/00230-665,FILTRO DE AIRE RECTO BOCA 50 X 55 C/RESORTE BMB,0,9617.780106,FILTROS,,50
1492/00240-665,FILTRO DE AIRE RECTO BOCA 50 X 70 C/RESORTE BMB,0,11134.043811,FILTROS,,50
1492/00270-665,FILTRO DE AIRE RECTO BOCA 55 X 100 C/RESORTE BMB,0,10115.817921,FILTROS,,100
1492/00290-665,FILTRO DE AIRE RECTO BOCA 55 X 150 C/RESORTE BMB,0,11650.35069,FILTROS,,150
1492/00265-665,FILTRO DE AIRE RECTO BOCA 55 X 70 C/RESORTE BMB,0,10771.759647,FILTROS,,70
1499/00026-038,FILTRO DE NAFTA CHICO T10 NSU,0.242001395201397,0,FILTROS,,UNIVERSAL
1499/00020-566,FILTRO DE NAFTA CICLO/UNIVERSAL VC,0,828.831366,FILTROS,GILERA,UNIVERSAL
1499/00030-507,FILTRO DE NAFTA FILMAX HB,0,1232.338536,FILTROS,,UNIVERSAL
1499/00050-566,FILTRO DE NAFTA MAXIFIL C/MANGUERITA VC,0,1188.871101,FILTROS,GILERA,UNIVERSAL
1499/00065-536,FILTRO DE NAFTA MEDIANO LAVABLE AF,0,3739.640157,FILTROS,,UNIVERSAL
1499/00060-566,FILTRO DE NAFTA MEDIANO VC,0,1300.288869,FILTROS,GILERA,UNIVERSAL
1237/00050-566,FLAPPER KENIA JIALING 50 VC,0,6827.425605,OTROS,GILERA,50
1237/00070-038,FLAPPER SUZUKI AX 100 NSU,1.669775812665711,0,OTROS,SUZUKI,100
1237/00080-038,FLAPPER SUZUKI SD50 NSU,2.805149201635187,0,OTROS,SUZUKI,UNIVERSAL
1625/00015-035,FLECHA VERDE SIGNAL LUX,0.8433781913412981,0,OTROS,,UNIVERSAL
1502/00050-077,FLEXIBLE DE FRENO DEL. GILERA SMASH NSU,5.151034351756097,0,OTROS,GILERA,SMASH
1502/00040-022,FLEXIBLE DE FRENO DEL. HONDA STORM NSU,5.048097883278579,0,OTROS,HONDA,UNIVERSAL
1502/00090-022,FLEXIBLE DE FRENO DEL. YAMAHA YBR 125 NSU,6.037876603330993,0,OTROS,YAMAHA,YBR125
1502/00090-077,FLEXIBLE DE FRENO DEL. YAMAHA YBR 125 NSU,6.038037619145336,0,OTROS,YAMAHA,YBR125
1502/00065-077,FLEXIBLE DE FRENO MOTOMEL XMM 250cc. NSU,7.102668881794167,0,OTROS,MOTOMEL,UNIVERSAL
1502/00068-077,FLEXIBLE DE FRENO TRAS. MOTOMEL SKUA NSU,6.295515498631095,0,OTROS,MOTOMEL,UNIVERSAL
1502/00066-077,FLEXIBLE DE FRENO TRAS. MOTOMEL XMM 250cc. NSU,6.572691203731843,0,OTROS,MOTOMEL,UNIVERSAL
1239/00010-533,FLOTANTE CICLOMOTOR CARBURADOR IMP. CICLOMEJOR,0,65.823516,ALIMENTACIÓN / CARBURACIÓN,,UNIVERSAL
1779/00010-038,FLOTANTE TANQUE COMBUSTIBLE GILERA SMASH NSU,2.867733351732788,0,ALIMENTACIÓN / CARBURACIÓN,GILERA,SMASH
1779/00010-077,FLOTANTE TANQUE COMBUSTIBLE GILERA SMASH NSU,2.867758931002808,0,ALIMENTACIÓN / CARBURACIÓN,GILERA,SMASH
1779/00004-077,FLOTANTE TANQUE COMBUSTIBLE HONDA BIZ 125 NSU,2.826547616332397,0,ALIMENTACIÓN / CARBURACIÓN,HONDA,BIZ
1779/00003-077,FLOTANTE TANQUE COMBUSTIBLE HONDA DAX 110 NSU,5.123117554602471,0,ALIMENTACIÓN / CARBURACIÓN,HONDA,NS 110
1779/00009-038,FLOTANTE TANQUE COMBUSTIBLE HONDA WAVE 110S NSU,3.436384944513702,0,ALIMENTACIÓN / CARBURACIÓN,HONDA,WAVE110
1779/00008-077,FLOTANTE TANQUE COMBUSTIBLE HONDA WAVE NSU,2.826547616332397,0,ALIMENTACIÓN / CARBURACIÓN,HONDA,WAVE
1779/00022-077,FLOTANTE TANQUE COMBUSTIBLE MOTOMEL S2 NSU,3.003206842353173,0,ALIMENTACIÓN / CARBURACIÓN,MOTOMEL,UNIVERSAL
1779/00026-077,FLOTANTE TANQUE COMBUSTIBLE YAMAHA NEW CRYPTON NSU,3.003206842353173,0,ALIMENTACIÓN / CARBURACIÓN,YAMAHA,CRYPTON
1779/00024-077,FLOTANTE TANQUE COMBUSTIBLE YAMAHA YBR 125 NSU,3.003206842353173,0,ALIMENTACIÓN / CARBURACIÓN,YAMAHA,YBR125
1779/00027-077,FLOTANTE TANQUE COMBUSTIBLE ZANELLA RX 150 NSU,3.003206842353173,0,ALIMENTACIÓN / CARBURACIÓN,ZANELLA,NS 150
1002/00310-663,FORMADOR DE JUNTAS x50GR PIEZAS RECTIFICADAS 3518 LOCX,0,2306.86137,MOTOR,,UNIVERSAL
1504/00020-022,FRENO DEL. HIDRAUL CONJ.MOTOMEL BIT TUNNING C/ABS NSU,85.333012147708,0,OTROS,MOTOMEL,UNIVERSAL
1504/00010-038,FRENO DEL. HIDRAULICO CONJ UNIVERSAL CUBS NSU,105.3135837468467,0,OTROS,,UNIVERSAL
1504/00030-022,FRENO DEL. HIDRAULICO CONJ.HONDA WAVE NSU,87.22350668726764,0,OTROS,HONDA,WAVE
1506/00030-077,FRENO TRAS. HIDRAULICO CONJ. C/BOMBA/CAL MOTARD200 NSU,58.7939609075329,0,OTROS,,UNIVERSAL
1506/00010-038,FRENO TRAS. HIDRAULICO CONJ. UNIVERSAL CUBS NSU,137.7453435203262,0,OTROS,,UNIVERSAL
1767/00206-152,FUELLES 11 DIENTES AMARILLO xJGO. CIRCUIT,7.059712318011887,0,OTROS,,UNIVERSAL
1767/00202-152,FUELLES 11 DIENTES AZUL xJGO. CIRCUIT,7.059712318011887,0,OTROS,,UNIVERSAL
1767/00204-152,FUELLES 11 DIENTES GRIS xJGO. CIRCUIT,7.059712318011887,0,OTROS,,UNIVERSAL
1767/00207-152,FUELLES 11 DIENTES NARANJA xJGO. CIRCUIT,7.059712318011887,0,OTROS,,UNIVERSAL
1767/00200-152,FUELLES 11 DIENTES NEGRO xJGO. CIRCUIT,8.343296375832232,0,OTROS,,UNIVERSAL
1767/00201-152,FUELLES 11 DIENTES ROJO xJGO. CIRCUIT,8.343296375832232,0,OTROS,,UNIVERSAL
1767/00208-152,FUELLES 11 DIENTES VERDE xJGO. CIRCUIT,7.059712318011887,0,OTROS,,UNIVERSAL
1767/00252-152,FUELLES 13 DIENTES AZUL xJGO. CIRCUIT,8.47546082771845,0,OTROS,,UNIVERSAL
1767/00254-152,FUELLES 13 DIENTES GRIS xJGO. CIRCUIT,8.86962853368931,0,OTROS,,UNIVERSAL
1767/00250-152,FUELLES 13 DIENTES NEGRO xJGO. CIRCUIT,8.47546082771845,0,OTROS,,UNIVERSAL
1767/00251-152,FUELLES 13 DIENTES ROJO xJGO. CIRCUIT,8.475430028843148,0,OTROS,,UNIVERSAL
1767/00306-152,FUELLES 18 DIENTES AMARILLO xJGO. CIRCUIT,10.4385585878625,0,OTROS,,UNIVERSAL
1767/00302-152,FUELLES 18 DIENTES AZUL xJGO. CIRCUIT,11.52394216616646,0,OTROS,,UNIVERSAL
1767/00304-152,FUELLES 18 DIENTES GRIS xJGO. CIRCUIT,11.52394216616646,0,OTROS,,UNIVERSAL
1767/00307-152,FUELLES 18 DIENTES NARANJA xJGO. CIRCUIT,10.4385585878625,0,OTROS,,UNIVERSAL
1767/00300-152,FUELLES 18 DIENTES NEGRO xJGO. CIRCUIT,11.52345901418701,0,OTROS,,UNIVERSAL
1767/00301-152,FUELLES 18 DIENTES ROJO xJGO. CIRCUIT,11.52394216616646,0,OTROS,,UNIVERSAL
1767/00308-152,FUELLES 18 DIENTES VERDE xJGO. CIRCUIT,10.4385585878625,0,OTROS,,UNIVERSAL
1767/00406-152,FUELLES 24 DIENTES AMARILLO xJGO. CIRCUIT,15.76165718058804,0,OTROS,,UNIVERSAL
1767/00402-152,FUELLES 24 DIENTES AZUL xJGO. CIRCUIT,17.29818280274356,0,OTROS,,UNIVERSAL
1767/00404-152,FUELLES 24 DIENTES GRIS xJGO. CIRCUIT,19.45522427437512,0,OTROS,,UNIVERSAL
1767/00407-152,FUELLES 24 DIENTES NARANJA xJGO. CIRCUIT,15.76165718058804,0,OTROS,,UNIVERSAL
1767/00400-152,FUELLES 24 DIENTES NEGRO xJGO. CIRCUIT,19.45522427437512,0,OTROS,,UNIVERSAL
1767/00401-152,FUELLES 24 DIENTES ROJO xJGO. CIRCUIT,17.29818280274356,0,OTROS,,UNIVERSAL
1767/00408-152,FUELLES 24 DIENTES VERDE xJGO. CIRCUIT,15.76165718058804,0,OTROS,,UNIVERSAL
1767/00506-152,FUELLES 32 DIENTES AMARILLO xJGO. CIRCUIT,19.00459455019885,0,OTROS,,UNIVERSAL
1767/00502-152,FUELLES 32 DIENTES AZUL xJGO. CIRCUIT,19.00459455019885,0,OTROS,,UNIVERSAL
1767/00504-152,FUELLES 32 DIENTES GRIS xJGO. CIRCUIT,23.43793059132069,0,OTROS,,UNIVERSAL
1767/00500-152,FUELLES 32 DIENTES NEGRO xJGO. CIRCUIT,21.69153414091529,0,OTROS,,UNIVERSAL
1767/00501-152,FUELLES 32 DIENTES ROJO xJGO. CIRCUIT,23.43793059132069,0,OTROS,,UNIVERSAL
1776/00180-628,FUNDA DE TANQUE HONDA BROSS Y MOTOMEL SKUA NEGRO TSL,0,23550.029019,OTROS,HONDA / MOTOMEL,UNIVERSAL
1776/00060-628,FUNDA DE TANQUE HONDA CG 125 TITAN/CB1 NEGRO TSL,0,22290.237882,OTROS,HONDA,CG125 / TITAN
1776/00090-628,FUNDA DE TANQUE HONDA CG 150 TITAN NEGRO TSL,0,22290.237882,OTROS,HONDA,CG150 / TITAN
1776/00140-628,FUNDA DE TANQUE HONDA STORM 125 NEGRO TSL,0,22290.237882,OTROS,HONDA,STORM 125
1776/00185-628,FUNDA DE TANQUE UNIVERSAL NEGRO TSL,0,22290.237882,OTROS,,UNIVERSAL
1776/00210-628,FUNDA DE TANQUE YAMAHA XTZ 125CC NEGRO TSL,0,23550.029019,OTROS,YAMAHA,XTZ125
1776/00200-628,FUNDA DE TANQUE YAMAHA YBR 125CC NEGRO TSL,0,22290.237882,OTROS,YAMAHA,YBR125
1776/00187-628,FUNDA DE TANQUE ZANELLA RX 150 3 GENERACION TSL,0,22290.237882,OTROS,ZANELLA,150
1063/00080-628,FUNDA GILERA FUTURA/G110DL NEGRA TSL,0,14429.473245,OTROS,GILERA,FUTURA
1063/00120-628,FUNDA GILERA SMASH REVOLUTION 110CC NEGRO TSL,0,15839.405901,OTROS,GILERA,SMASH
1063/00103-628,FUNDA GILERA SMASH/TRIP/BIZ AZUL TSL,0,15839.709732,OTROS,GILERA,SMASH
1063/00106-628,FUNDA GILERA SMASH/TRIP/BIZ NEGRO TSL,0,15839.709732,OTROS,GILERA,SMASH
1063/00104-628,FUNDA GILERA SMASH/TRIP/BIZ ROJO TSL,0,15839.709732,OTROS,GILERA,SMASH
1063/00260-628,FUNDA HONDA CG 125/150cc NEGRO ZANELLA/HONDA/YAMA TSL,0,17316.024561,OTROS,HONDA,CG125
1063/00200-628,FUNDA HONDA DAX 70/GUERRERO DAY/OTRAS NEGRO TSL,0,13544.286129,OTROS,HONDA,70
1063/00141-628,FUNDA HONDA STORM 125/APIA/BRAVA-GILERA BLANCA TSL,0,17316.024561,OTROS,HONDA,STORM 125
1063/00140-628,FUNDA HONDA STORM 125/APIA/BRAVA-GILERA NEGRO TSL,0,17316.024561,OTROS,HONDA,STORM 125
1063/00275-628,FUNDA HONDA TORNADO CON GRIP PARA TAPIZAR NEGRO TSL,0,26281.342296,OTROS,HONDA,TORNADO
1063/00276-628,FUNDA HONDA WAVE 110S TSL,0,12662.833194,OTROS,HONDA,WAVE110
1063/00210-628,FUNDA HONDA WAVE BLANCA TSL,0,14429.473245,OTROS,HONDA,WAVE
1063/00206-628,FUNDA HONDA WAVE NEGRO TSL,0,14429.473245,OTROS,HONDA,WAVE
1063/00230-628,FUNDA SUZUKI AX 100 NEGRO TSL,0,17316.024561,OTROS,SUZUKI,100
1063/00294-628,FUNDA YAMAHA CRYPTON 110 NEGRO TSL,0,14429.473245,OTROS,YAMAHA,CRYPTON
1063/00278-628,FUNDA YAMAHA XTZ 125 CON GRIP PARA TAPIZAR NEGRO TSL,0,26281.3815,OTROS,YAMAHA,XTZ125
1063/00280-628,FUNDA YAMAHA YBR 125CC NEGRO TSL,0,17316.024561,OTROS,YAMAHA,YBR125
1063/00307-628,FUNDA ZANELLA 50/70 M/NUEVO NEGRO 3M TSL,0,12092.522805,OTROS,ZANELLA,50
1063/00309-628,FUNDA ZANELLA DUE 50 NEGRO TSL,0,12092.522805,OTROS,ZANELLA,DUE 50
1001/03000-095,GALOCHA IMPERMEABLE TALLE L TAMAÑO G ALBA,12.36614582145424,0,OTROS,,UNIVERSAL
1001/03010-095,GALOCHA IMPERMEABLE TALLE XL TAMAÑO GG ALBA,12.36614582145424,0,OTROS,,UNIVERSAL
5001/00010-137,GATO HIDRAULICO C/PLATAFORMA 800LBS .,899.0305316075977,0,OTROS,,UNIVERSAL
1061/00030-566,GOMA ANTIVIBRACION BAJO ASIENTO AGUJERO CENTRAL VC,0,377.612928,OTROS,GILERA,UNIVERSAL
1061/00040-566,GOMA ANTIVIBRACION BAJO ASIENTO AGUJERO LATERAL VC,0,377.612928,OTROS,GILERA,UNIVERSAL
1061/00020-566,GOMA ANTIVIBRACION BAJO ASIENTO GILERA SMASH VC,0,313.396776,OTROS,GILERA,SMASH
1527/00015-621,GOMA CACHAS ZANELLA RX150/CG/OTRAS x25unid. .,0,8951.684544000002,OTROS,ZANELLA,RX150
1527/00030-566,GOMA PATADA ARRANQUE GRANDE VC,0,377.622729,OTROS,GILERA,UNIVERSAL
1527/00050-566,GOMA PATADA CIEGA VC,0,377.622729,OTROS,GILERA,UNIVERSAL
1753/00090-566,GOMA PEDALIN  ZANELLA V3 CUADRADO XJGO. VC,0,1891.602801,OTROS,GILERA / ZANELLA,UNIVERSAL
1753/00005-022,GOMA PEDALIN DEL. MOTOMEL BIT/SMASH/WAVExJGO. NSU,1.452012024375001,0,OTROS,MOTOMEL,SMASH
1753/00085-022,GOMA PEDALIN DEL. YAMAHA NEW CRYPTON xJGO. NSU,1.887635816433191,0,OTROS,YAMAHA,CRYPTON
1753/00100-150,GOMA PEDALIN DEL. YAMAHA YBR xJGO. CROMOFORTE,2.377644162164497,0,OTROS,YAMAHA,YBR
1753/00100-022,GOMA PEDALIN DEL. YAMAHA YBR xJGO. NSU,1.513728910981178,0,OTROS,YAMAHA,YBR
1753/00030-566,GOMA PEDALIN DEL. ZANELLA NEW-FIRE JGO VC,0,1942.901235,OTROS,GILERA / ZANELLA,UNIVERSAL
1753/00015-022,GOMA PEDALIN DEL. ZANELLA RX 150 NSU,1.082479523392296,0,OTROS,ZANELLA,NS 150
1753/00040-566,GOMA PEDALIN DIAM. 16 JGO VC,0,1942.901235,OTROS,GILERA,UNIVERSAL
1753/00050-566,GOMA PEDALIN DIAM. 22 JGO VC,0,1942.901235,OTROS,GILERA,UNIVERSAL
1753/00060-566,GOMA PEDALIN HONDA C90/DAX XJGO. VC,0,3065.65479,OTROS,GILERA / HONDA,C90
1753/00070-022,GOMA PEDALIN HONDA CG 125 TITAN/TODAY XJGO. NSU,1.343122654155579,0,OTROS,HONDA,CG125 / TITAN
1753/00070-566,GOMA PEDALIN HONDA CG 125 TITAN/TODAY XJGO. VC,0,3065.65479,OTROS,GILERA / HONDA,CG125 / TITAN
1753/00075-022,GOMA PEDALIN SUZUKI AX 100 DELANTERO XJGO. NSU,1.778734700727883,0,OTROS,SUZUKI,100
1757/00005-038,GOMA PEDALIN TRAS. GILERA SMASH NSU,1.403593850576019,0,OTROS,GILERA,SMASH
1757/00050-077,GOMA PEDALIN TRAS. MOTOMEL CUSTOM 150 SET NSU,2.236785637905181,0,OTROS,MOTOMEL,NS 150
1753/00007-566,GOMA POSA PIE DEL. GILERA SMASH XJGO. VC,0,2750.84667,OTROS,GILERA,SMASH
1753/00023-536,GOMA POSA PIE DEL. HONDA WAVE 110S X JGO. AF,0,4192.240535999999,OTROS,HONDA,WAVE110
1753/00023-022,GOMA POSA PIE DEL. HONDA WAVE 110S X JGO. NSU,1.669816967713165,0,OTROS,HONDA,WAVE110
1753/00025-022,GOMA POSA PIE DEL. HONDA WAVE/BETA/BIZ/TRIPxJGO NSU,1.051987142451668,0,OTROS,HONDA,WAVE
1753/00025-566,GOMA POSA PIE DEL. HONDA WAVE/BETA/BIZ/TRIPxJGO VC,0,3000.919185,OTROS,GILERA / HONDA,WAVE
1753/00024-022,GOMA POSA PIE DEL. HONDA XR 150L NSU,1.32485176538558,0,OTROS,HONDA,XR
1753/00028-566,GOMA POSA PIE DEL. ZANELLA RX150/STORM xJGO. VC,0,3000.919185,OTROS,GILERA / ZANELLA,RX150
1527/00060-566,GOMA PUESTA EN MARCHA CICLO VC,0,282.131586,OTROS,GILERA,UNIVERSAL
1001/00115-123,GUANTE M-1TALLE S xPAR CUERO CABRA SPANDEX AMA/NEG NSU,39.52576267461219,0,OTROS,,UNIVERSAL
1001/00117-123,GUANTE M-2 TALLE S xPAR CROSS SPANDEX ROJO/NEGRO NSU,44.9481374147017,0,OTROS,,UNIVERSAL
1536/00030-128,GUANTE S-1 MEDIO DEDO NEGRO TALLE L x PAR .,9.139037178663605,0,OTROS,,UNIVERSAL
1536/00020-128,GUANTE S-1 MEDIO DEDO NEGRO TALLE M x PAR .,9.139037178663605,0,OTROS,,UNIVERSAL
1536/00590-128,GUANTE S-10 TACTIL SEMI IMPERM.NEGRO TALLE L x PAR .,4.147861827391892,0,OTROS,,UNIVERSAL
1536/00580-128,GUANTE S-10 TACTIL SEMI IMPERM.NEGRO TALLE M x PAR .,4.147861827391892,0,OTROS,,UNIVERSAL
1536/00600-128,GUANTE S-10 TACTIL SEMI IMPERM.NEGRO TALLE XLxPAR .,4.147861827391892,0,OTROS,,UNIVERSAL
1536/00605-128,GUANTE S-10 TACTIL SEMI IMPERM.NEGROTALLE XXL xPAR .,4.147861827391892,0,OTROS,,UNIVERSAL
1536/00550-128,GUANTE S-11 CROSS VERDE TALLE L x PAR .,11.301778125,0,OTROS,,UNIVERSAL
1536/00540-128,GUANTE S-11 CROSS VERDE TALLE M x PAR .,11.31323074065857,0,OTROS,,UNIVERSAL
1536/00680-128,GUANTE S-12 TACTIL TERMICO IMPER.AZUL TALLE XLxPAR .,5.541775720377732,0,OTROS,,UNIVERSAL
1536/00685-128,GUANTE S-12 TACTIL TERMICO IMPER.AZUL TALLEXXLxPAR .,5.541775720377732,0,OTROS,,UNIVERSAL
1536/00630-128,GUANTE S-12 TACTIL TERMICO IMPER.NEGRO TALLE LxPAR .,5.541775720377732,0,OTROS,,UNIVERSAL
1536/00610-128,GUANTE S-12 TACTIL TERMICO IMPER.NEGRO TALLE SxPAR .,7.678483251187707,0,OTROS,,UNIVERSAL
1536/00640-128,GUANTE S-12 TACTIL TERMICO IMPER.NEGRO TALLEXLxPAR .,5.541775720377732,0,OTROS,,UNIVERSAL
1536/00645-128,GUANTE S-12 TACTIL TERMICO IMPER.NEGROTALLEXXLxPAR .,5.541775720377732,0,OTROS,,UNIVERSAL
1536/00670-128,GUANTE S-12 TACTIL TERMICO IMPERM.AZUL TALLE LxPAR .,5.541775720377732,0,OTROS,,UNIVERSAL
1536/00660-128,GUANTE S-12 TACTIL TERMICO IMPERM.AZUL TALLE MxPAR .,5.541775720377732,0,OTROS,,UNIVERSAL
1536/00650-128,GUANTE S-12 TACTIL TERMICO IMPERM.AZUL TALLE SxPAR .,4.987682311002732,0,OTROS,,UNIVERSAL
1536/00070-128,GUANTE S-2 MEDIO DEDO ROJO/NEGRO TALLE L x PAR .,9.134719056443526,0,OTROS,,UNIVERSAL
1536/00060-128,GUANTE S-2 MEDIO DEDO ROJO/NEGRO TALLE M x PAR .,9.139037178663605,0,OTROS,,UNIVERSAL
1536/00100-128,GUANTE S-3 MEDIO DEDO NEGRO TALLE M x PAR .,9.732760608309741,0,OTROS,,UNIVERSAL
1536/00180-128,GUANTE S-4 TERMICO IMPERMEABLE GRIS TALLE M x PAR .,4.343852169668484,0,OTROS,,UNIVERSAL
1536/00140-128,GUANTE S-4 TERMICO IMPERMEABLE NEGRO TALLE M x PAR .,4.345009983456516,0,OTROS,,UNIVERSAL
1536/00230-128,GUANTE S-5 MODEL 1 TACTIL TALLE L x PAR .,3.83326320571106,0,OTROS,,UNIVERSAL
1536/00220-128,GUANTE S-5 MODEL 1 TACTIL TALLE M x PAR .,3.83326320571106,0,OTROS,,UNIVERSAL
1536/00240-128,GUANTE S-5 MODEL 1 TACTIL TALLE XL x PAR .,3.83326320571106,0,OTROS,,UNIVERSAL
1536/00250-128,GUANTE S-5 MODEL 1 TACTIL TALLE XXL x PAR .,3.83326320571106,0,OTROS,,UNIVERSAL
1536/00270-128,GUANTE S-5 MODEL 2 TACTIL TERMICO TALLE L x PAR .,3.83326320571106,0,OTROS,,UNIVERSAL
1536/00260-128,GUANTE S-5 MODEL 2 TACTIL TERMICO TALLE M x PAR .,3.83326320571106,0,OTROS,,UNIVERSAL
1536/00280-128,GUANTE S-5 MODEL 2 TACTIL TERMICO TALLE XL xPAR .,3.83326320571106,0,OTROS,,UNIVERSAL
1536/00290-128,GUANTE S-5 MODEL 2 TACTIL TERMICO TALLE XXL xPAR .,3.83326320571106,0,OTROS,,UNIVERSAL
1536/00350-128,GUANTE S-7 C/PROTECCION NEGRO TALLE L x PAR .,10.16134609887714,0,OTROS,,UNIVERSAL
1536/00470-128,GUANTE S-8 MEDIO DEDO C/PROTEC. AZUL TALLE L x PAR .,7.65939582013836,0,OTROS,,UNIVERSAL
1536/00460-128,GUANTE S-8 MEDIO DEDO C/PROTEC. AZUL TALLE M x PAR .,7.65939582013836,0,OTROS,,UNIVERSAL
1536/00450-128,GUANTE S-8 MEDIO DEDO C/PROTEC. AZUL TALLE S x PAR .,7.65939582013836,0,OTROS,,UNIVERSAL
1536/00430-128,GUANTE S-8 MEDIO DEDO C/PROTEC. ROJO TALLE L x PAR .,7.65939582013836,0,OTROS,,UNIVERSAL
1536/00420-128,GUANTE S-8 MEDIO DEDO C/PROTEC. ROJO TALLE M x PAR .,7.65939582013836,0,OTROS,,UNIVERSAL
1536/00410-128,GUANTE S-8 MEDIO DEDO C/PROTEC. ROJO TALLE S x PAR .,7.65939582013836,0,OTROS,,UNIVERSAL
1536/00710-022,GUANTE U-1 MEDIO DEDO NEGRO/NARANJA TALLE XL x PAR NSU,5.680337507429122,0,OTROS,,UNIVERSAL
1269/00050-077,GUANTERA PORTA HERRAMIENTAS MOTOMEL FUSSION NSU,9.296557887642448,0,HERRAMIENTAS,MOTOMEL,UNIVERSAL
1269/00040-022,GUANTERA PORTA HERRAMIENTAS ZANELLA RX 150 NSU,6.957026763599979,0,HERRAMIENTAS,ZANELLA,NS 150
1535/00006-022,GUARDABARRO CORTASPRAY BAJAJ PULSAR 200 NS NEGRO NSU,10.163949406875,0,CARROCERÍA,BAJAJ,PULSAR 200
1531/00009-022,GUARDABARRO DEL. BAJAJ PULSAR 200 NS NEGRO NSU,12.94240860648812,0,CARROCERÍA,BAJAJ,PULSAR 200
1531/01006-152,GUARDABARRO DEL. COOL AMARILLO CIRCUIT,28.01233443831455,0,CARROCERÍA,,UNIVERSAL
1531/01002-152,GUARDABARRO DEL. COOL AZUL CIRCUIT,28.01233443831455,0,CARROCERÍA,,UNIVERSAL
1531/01005-152,GUARDABARRO DEL. COOL BLANCO CIRCUIT,34.54886081705164,0,CARROCERÍA,,UNIVERSAL
1531/01007-152,GUARDABARRO DEL. COOL NARANJA CIRCUIT,28.01233443831455,0,CARROCERÍA,,UNIVERSAL
1531/01000-152,GUARDABARRO DEL. COOL NEGRO CIRCUIT,28.01233443831455,0,CARROCERÍA,,UNIVERSAL
1531/01001-152,GUARDABARRO DEL. COOL ROJO CIRCUIT,28.01233443831455,0,CARROCERÍA,,UNIVERSAL
1531/01003-152,GUARDABARRO DEL. COOL ROJO FLUO CIRCUIT,28.01233443831455,0,CARROCERÍA,,UNIVERSAL
1531/01008-152,GUARDABARRO DEL. COOL VERDE CIRCUIT,28.01233443831455,0,CARROCERÍA,,UNIVERSAL
1531/00019-022,GUARDABARRO DEL. CUSTOM 200 NEGRO NSU,13.04356276671982,0,CARROCERÍA,,NS 200
1531/01100-152,GUARDABARRO DEL. DRAGON NEGRO CIRCUIT,27.58787066590714,0,CARROCERÍA,,UNIVERSAL
1531/00035-022,GUARDABARRO DEL. GILERA SMASH NEGRO NSU,18.92457050737267,0,CARROCERÍA,GILERA,SMASH
1531/00035-566,GUARDABARRO DEL. GILERA SMASH NEGRO VC,0,12124.219239,CARROCERÍA,GILERA,SMASH
1531/00042-022,GUARDABARRO DEL. GILERA SMASH TUNNING NEGRO NSU,9.07459295341793,0,CARROCERÍA,GILERA,SMASH
1531/00026-038,GUARDABARRO DEL. GUERRERO G100 BORDO NSU,13.70672904014694,0,CARROCERÍA,,UNIVERSAL
1531/00276-150,GUARDABARRO DEL. HONDA BIZ 100 NEGRO 00/05 CROMOFORTE,16.46588570793915,0,CARROCERÍA,HONDA,BIZ
1531/00266-022,GUARDABARRO DEL. HONDA BIZ 125 NEGRO NSU,16.83684377540875,0,CARROCERÍA,HONDA,BIZ
1531/00256-022,GUARDABARRO DEL. HONDA CB125F TWISTER NEGRO NSU,19.88013113547707,0,CARROCERÍA,HONDA,TWISTER
1531/00221-022,GUARDABARRO DEL. HONDA CB190R NEGRO NSU,17.75930311350117,0,CARROCERÍA,HONDA,CB
1531/00257-022,GUARDABARRO DEL. HONDA CBX 250 2017 NEGRO 2PZAS. NSU,18.01698074354639,0,CARROCERÍA,HONDA,CB 250
1531/00274-022,GUARDABARRO DEL. HONDA CBX 250 NEGRO NSU,14.8948442276231,0,CARROCERÍA,HONDA,CB 250
1531/00275-022,GUARDABARRO DEL. HONDA CBX 250 ROJO NSU,17.58694517113352,0,CARROCERÍA,HONDA,CB 250
1531/00282-038,GUARDABARRO DEL. HONDA CG 150 2015 NSU,12.85722615576668,0,CARROCERÍA,HONDA,CG150
1531/00292-038,GUARDABARRO DEL. HONDA CG 150 NEW 2015 AZUL NSU,12.85722615576668,0,CARROCERÍA,HONDA,CG150
1531/00293-038,GUARDABARRO DEL. HONDA CG 150 NEW 2015 ROJO NSU,12.85722615576668,0,CARROCERÍA,HONDA,CG150
1531/00308-022,GUARDABARRO DEL. HONDA CG/TITAN 150 BORDO NSU,12.82594380698776,0,CARROCERÍA,HONDA,TITAN
1531/00310-022,GUARDABARRO DEL. HONDA CG/TITAN 150 NEGRO NSU,11.54488402433956,0,CARROCERÍA,HONDA,TITAN
1531/01202-152,GUARDABARRO DEL. HONDA CRF 230 AZUL CIRCUIT,23.74630506967635,0,CARROCERÍA,HONDA,UNIVERSAL
1531/01205-152,GUARDABARRO DEL. HONDA CRF 230 BLANCO CIRCUIT,23.74630506967635,0,CARROCERÍA,HONDA,UNIVERSAL
1531/01200-152,GUARDABARRO DEL. HONDA CRF 230 NEGRO CIRCUIT,29.28737662254108,0,CARROCERÍA,HONDA,UNIVERSAL
1531/01201-152,GUARDABARRO DEL. HONDA CRF 230 ROJO CIRCUIT,23.74630506967635,0,CARROCERÍA,HONDA,UNIVERSAL
1531/00729-022,GUARDABARRO DEL. HONDA CRF 250/450  BLANCO NSU,10.8728963004467,0,CARROCERÍA,HONDA,NS 250
1531/00267-022,GUARDABARRO DEL. HONDA CRF 250/450 NEGRO NSU,12.35770842730408,0,CARROCERÍA,HONDA,NS 250
1531/00295-077,GUARDABARRO DEL. HONDA DAX110/MAX110 CROMADO NSU,19.82089150224404,0,CARROCERÍA,HONDA,UNIVERSAL
1531/00474-022,GUARDABARRO DEL. HONDA GLH 150 AZUL (2PZ) NSU,19.50145731203865,0,CARROCERÍA,HONDA,NS 150
1531/00470-022,GUARDABARRO DEL. HONDA GLH 150 NEGRO (2PZ) NSU,19.50145731203865,0,CARROCERÍA,HONDA,NS 150
1531/00472-022,GUARDABARRO DEL. HONDA GLH 150 ROJO (2PZ) NSU,19.50145731203865,0,CARROCERÍA,HONDA,NS 150
1531/00270-022,GUARDABARRO DEL. HONDA NXR BROSS/MOTOMEL SKUANEGRO NSU,9.399351046793404,0,CARROCERÍA,HONDA / MOTOMEL,XR
1531/00271-022,GUARDABARRO DEL. HONDA NXR ROJO NSU,9.668208156882935,0,CARROCERÍA,HONDA,XR
1531/00286-022,GUARDABARRO DEL. HONDA STORM 125 NEGRO NSU,31.84707884594822,0,CARROCERÍA,HONDA,STORM 125
1531/00286-566,GUARDABARRO DEL. HONDA STORM 125 NEGRO VC,0,14224.446126,CARROCERÍA,GILERA / HONDA,STORM 125
1531/00288-022,GUARDABARRO DEL. HONDA STORM 125 ROJO LUC. NSU,16.64997503443279,0,CARROCERÍA,HONDA,STORM 125
1531/00354-150,GUARDABARRO DEL. HONDA TITAN 150 04/08 AZUL CROMOFORTE,11.97878213270188,0,CARROCERÍA,HONDA,TITAN
1531/00352-150,GUARDABARRO DEL. HONDA TITAN 150 04/08 ROJO CROMOFORTE,11.96014847160656,0,CARROCERÍA,HONDA,TITAN
1531/00356-150,GUARDABARRO DEL. HONDA TITAN 150 2014/2015 NEGRO CROMOFORTE,12.47922903069031,0,CARROCERÍA,HONDA,TITAN
1531/00278-150,GUARDABARRO DEL. HONDA TITAN 150 NEGRO 04/08 INYEC CROMOFORTE,7.320366858873366,0,CARROCERÍA,HONDA,TITAN
1531/00279-150,GUARDABARRO DEL. HONDA TITAN 150 NEGRO04/08PINTADO CROMOFORTE,11.97878213270188,0,CARROCERÍA,HONDA,TITAN
1531/00315-022,GUARDABARRO DEL. HONDA TITAN KS/ES MOD. 02/03 GRIS NSU,21.05019744029777,0,CARROCERÍA,HONDA,TITAN
1531/00456-022,GUARDABARRO DEL. HONDA WAVE 110S BLANCO 2PZAS. NSU,16.74613286633889,0,CARROCERÍA,HONDA,WAVE110
1531/00458-022,GUARDABARRO DEL. HONDA WAVE 110S NEGRO 2PZAS. NSU,16.28049589413436,0,CARROCERÍA,HONDA,WAVE110
1531/00457-022,GUARDABARRO DEL. HONDA WAVE 110S ROJO 2PZAS. NSU,15.07639259185078,0,CARROCERÍA,HONDA,WAVE110
1531/00455-038,GUARDABARRO DEL. HONDA WAVE 2014 2PZAS NSU,12.8281247130621,0,CARROCERÍA,HONDA,WAVE
1531/00452-022,GUARDABARRO DEL. HONDA WAVE BORDO C/EMBELLECEDOR NSU,16.44817223571513,0,CARROCERÍA,HONDA,WAVE
1531/00445-022,GUARDABARRO DEL. HONDA WAVE GRIS PLATA C/EMBELLECE NSU,16.44817223571513,0,CARROCERÍA,HONDA,WAVE
1531/00450-022,GUARDABARRO DEL. HONDA WAVE NEGRO C/EMBELLECEDOR NSU,16.64947059637381,0,CARROCERÍA,HONDA,WAVE
1531/00281-566,GUARDABARRO DEL. HONDA WAVE/FUTURA NEGRO VC,0,14004.884124,CARROCERÍA,GILERA / HONDA,WAVE
1531/00733-022,GUARDABARRO DEL. HONDA XR 150L/CROSS BLANCO NSU,9.803967687720222,0,CARROCERÍA,HONDA,XR
1531/00730-150,GUARDABARRO DEL. HONDA XR 150L/CROSS NEGRO CROMOFORTE,14.37453855924225,0,CARROCERÍA,HONDA,XR
1531/00730-022,GUARDABARRO DEL. HONDA XR 150L/CROSS NEGRO NSU,9.803967687720222,0,CARROCERÍA,HONDA,XR
1531/00731-022,GUARDABARRO DEL. HONDA XR 150L/CROSS ROJO NSU,9.806223893107166,0,CARROCERÍA,HONDA,XR
1531/00460-022,GUARDABARRO DEL. HONDA XR250 TORNADO BLANCO NSU,17.64974660477182,0,CARROCERÍA,HONDA,TORNADO
1531/00462-022,GUARDABARRO DEL. HONDA XR250 TORNADO ROJO NSU,17.65392888892078,0,CARROCERÍA,HONDA,TORNADO
1531/00056-022,GUARDABARRO DEL. MOTOMEL MOTARD BLANCO NSU,12.41447087030705,0,CARROCERÍA,MOTOMEL,UNIVERSAL
1531/00059-038,GUARDABARRO DEL. MOTOMEL SKUA 150 V6 AZUL NSU,13.97524582148552,0,CARROCERÍA,MOTOMEL,SKUA150
1531/00058-038,GUARDABARRO DEL. MOTOMEL SKUA 150 V6 BLANCO NSU,13.97524582148552,0,CARROCERÍA,MOTOMEL,SKUA150
1531/00057-038,GUARDABARRO DEL. MOTOMEL SKUA 150 V6 NEGRO NSU,13.97524582148552,0,CARROCERÍA,MOTOMEL,SKUA150
1531/00061-038,GUARDABARRO DEL. MOTOMEL SKUA 150 V6 ROJO NSU,13.97524582148552,0,CARROCERÍA,MOTOMEL,SKUA150
1531/00020-038,GUARDABARRO DEL. SUZUKI AX100 CROMADO NSU,15.11988500305481,0,CARROCERÍA,SUZUKI,AX100
1531/00490-022,GUARDABARRO DEL. SUZUKI GIXXER 150 NEGRO NSU,18.17441971762733,0,CARROCERÍA,SUZUKI,GIXXER 150
1531/01300-152,GUARDABARRO DEL. TRACKER NEGRO CIRCUIT,20.65956332162098,0,CARROCERÍA,,UNIVERSAL
1531/00525-022,GUARDABARRO DEL. YAMAHA CRYPTON NEGRO 2 PARTES NSU,16.97699793146553,0,CARROCERÍA,YAMAHA,CRYPTON
1531/00532-022,GUARDABARRO DEL. YAMAHA CRYPTON NEGRO NSU,12.58038319092201,0,CARROCERÍA,YAMAHA,CRYPTON
1531/00544-022,GUARDABARRO DEL. YAMAHA FZ16 AZUL NSU,13.77897855508404,0,CARROCERÍA,YAMAHA,FZ16
1531/00542-022,GUARDABARRO DEL. YAMAHA FZ16 BORDO NSU,13.77897855508404,0,CARROCERÍA,YAMAHA,FZ16
1531/00540-022,GUARDABARRO DEL. YAMAHA FZ16 NEGRO NSU,12.94671968211207,0,CARROCERÍA,YAMAHA,FZ16
1531/00540-566,GUARDABARRO DEL. YAMAHA FZ16 NEGRO VC,0,15096.029454,CARROCERÍA,GILERA / YAMAHA,FZ16
1531/00601-022,GUARDABARRO DEL. YAMAHA YBR 125 AZUL NSU,16.28631044345369,0,CARROCERÍA,YAMAHA,YBR125
1531/00604-022,GUARDABARRO DEL. YAMAHA YBR 125 GRIS NSU,16.33463324776944,0,CARROCERÍA,YAMAHA,YBR125
1531/00610-022,GUARDABARRO DEL. YAMAHA YBR 125 MOD.2012 NEGRO NSU,15.98414996820328,0,CARROCERÍA,YAMAHA,YBR125
1531/00605-022,GUARDABARRO DEL. YAMAHA YBR 125 NEGRO NSU,16.90393689817083,0,CARROCERÍA,YAMAHA,YBR125
1531/00550-566,GUARDABARRO DEL. YAMAHA YBR 125 NEGRO VC,0,12930.429897,CARROCERÍA,GILERA / YAMAHA,YBR125
1531/00607-022,GUARDABARRO DEL. YAMAHA YBR 125 ROJO NSU,18.92443624181574,0,CARROCERÍA,YAMAHA,YBR125
1531/00620-038,GUARDABARRO DEL. YAMAHA YBR 125 Z NEGRO NSU,14.03599639822552,0,CARROCERÍA,YAMAHA,YBR125
1531/00039-566,GUARDABARRO DEL. ZANELLA BUSSINES/CG TODAY VC,0,4822.346826000001,CARROCERÍA,GILERA / ZANELLA,CG
1531/00510-022,GUARDABARRO DEL. ZANELLA CUSTOM 150 NEGRO NSU,11.737236441154,0,CARROCERÍA,ZANELLA,NS 150
1531/00153-022,GUARDABARRO DEL. ZANELLA RX 150 GRIS NSU,14.77417219053688,0,CARROCERÍA,ZANELLA,NS 150
1531/00155-022,GUARDABARRO DEL. ZANELLA RX 150 NEGRO NSU,9.099058380936528,0,CARROCERÍA,ZANELLA,NS 150
1531/00155-566,GUARDABARRO DEL. ZANELLA RX 150 NEGRO VC,0,11221.380522,CARROCERÍA,GILERA / ZANELLA,VC 150
1531/00160-022,GUARDABARRO DEL. ZANELLA RX 150 NEW NEGRO NSU,12.94696611485802,0,CARROCERÍA,ZANELLA,NS 150
1531/00157-022,GUARDABARRO DEL. ZANELLA RX 150 ROJO NSU,9.10121246926838,0,CARROCERÍA,ZANELLA,NS 150
1531/00060-566,GUARDABARRO DEL. ZANELLA SOL FIRE BLANCO VC,0,3809.560491,CARROCERÍA,GILERA / ZANELLA,SOL
1531/00080-566,GUARDABARRO DEL. ZANELLA SOL FIRE GRIS VC,0,3809.55069,CARROCERÍA,GILERA / ZANELLA,SOL
1531/00110-566,GUARDABARRO DEL. ZANELLA SOL FIRE ROJO  VC,0,3809.55069,CARROCERÍA,GILERA / ZANELLA,SOL
1535/00007-022,GUARDABARRO INTERIOR GILERA SMASH TUNNING NEGRO NSU,14.52024438163345,0,CARROCERÍA,GILERA,SMASH
1535/00008-077,GUARDABARRO INTERIOR MOTOMEL FUSION NSU,7.259861772632996,0,CARROCERÍA,MOTOMEL,UNIVERSAL
1535/01006-152,GUARDABARRO TRAS. ADAPTABLE AMARILLO CIRCUIT,26.01145340700636,0,CARROCERÍA,,UNIVERSAL
1535/01002-152,GUARDABARRO TRAS. ADAPTABLE AZUL CIRCUIT,26.01145340700636,0,CARROCERÍA,,UNIVERSAL
1535/01005-152,GUARDABARRO TRAS. ADAPTABLE BLANCO CIRCUIT,26.01145340700636,0,CARROCERÍA,,UNIVERSAL
1535/01007-152,GUARDABARRO TRAS. ADAPTABLE NARANJA CIRCUIT,26.01145340700636,0,CARROCERÍA,,UNIVERSAL
1535/01000-152,GUARDABARRO TRAS. ADAPTABLE NEGRO CIRCUIT,26.01145340700636,0,CARROCERÍA,,UNIVERSAL
1535/01001-152,GUARDABARRO TRAS. ADAPTABLE ROJO CIRCUIT,26.01145340700636,0,CARROCERÍA,,UNIVERSAL
1535/01008-152,GUARDABARRO TRAS. ADAPTABLE VERDE CIRCUIT,26.01145340700636,0,CARROCERÍA,,UNIVERSAL
1535/00003-022,GUARDABARRO TRAS. APPIA BERACA NSU,22.98956555994959,0,CARROCERÍA,APPIA,UNIVERSAL
1535/00004-022,GUARDABARRO TRAS. BETA TR200/MOTARD 200/250 15LED NSU,33.88084860394392,0,CARROCERÍA,BETA,NS 200
1535/00052-022,GUARDABARRO TRAS. GILERA REVOLUTION NEGRO NSU,13.28599940774028,0,CARROCERÍA,GILERA,UNIVERSAL
1535/00015-022,GUARDABARRO TRAS. GILERA SMASH 2025 .NEG/NEG NSU,13.96123601741503,0,CARROCERÍA,GILERA,SMASH
1535/00015-566,GUARDABARRO TRAS. GILERA SMASH 2025 .NEG/NEG VC,0,9617.456673,CARROCERÍA,GILERA,SMASH
1535/00028-022,GUARDABARRO TRAS. GILERA SMASH NEGRO NSU,7.690584686492185,0,CARROCERÍA,GILERA,SMASH
1535/00026-057,GUARDABARRO TRAS. HERO PUCH ROJA C/SOP. REGENT,12.09995041599869,0,CARROCERÍA,HERO,UNIVERSAL
1535/00061-150,GUARDABARRO TRAS. HONDA BROSS 125/150 NEGRO CROMOFORTE,10.86565077675,0,CARROCERÍA,HONDA,125
1535/00057-038,GUARDABARRO TRAS. HONDA CB190R NSU,19.15394474019613,0,CARROCERÍA,HONDA,CB
1535/00068-022,GUARDABARRO TRAS. HONDA CBX 250 NSU,18.11756220401459,0,CARROCERÍA,HONDA,CB 250
1535/00063-150,GUARDABARRO TRAS. HONDA CG 125 200/2004 NEGRO CROMOFORTE,12.0638841548382,0,CARROCERÍA,HONDA,CG125
1535/00053-022,GUARDABARRO TRAS. HONDA CG150 NEGRO NSU,10.46484003340788,0,CARROCERÍA,HONDA,CG150
1535/00055-077,GUARDABARRO TRAS. HONDA DAX M/NUEVO NSU,5.829673971248246,0,CARROCERÍA,HONDA,UNIVERSAL
1535/00027-566,GUARDABARRO TRAS. HONDA NEW WAVE VC,0,5059.619235000001,CARROCERÍA,GILERA / HONDA,WAVE
1535/00056-022,GUARDABARRO TRAS. HONDA STORM 125 NSU,8.433598650059318,0,CARROCERÍA,HONDA,STORM 125
1535/00056-566,GUARDABARRO TRAS. HONDA STORM 125 VC,0,8341.983936,CARROCERÍA,GILERA / HONDA,STORM 125
1535/00062-150,GUARDABARRO TRAS. HONDA TITAN 150 NEGRO CROMOFORTE,11.54754597592461,0,CARROCERÍA,HONDA,TITAN
1535/00066-038,GUARDABARRO TRAS. HONDA TITAN 2015 NSU,7.731788002126009,0,CARROCERÍA,HONDA,TITAN
1535/00034-038,GUARDABARRO TRAS. HONDA WAVE 110S NEGRO NSU,7.945665742371369,0,CARROCERÍA,HONDA,WAVE110
1535/00034-022,GUARDABARRO TRAS. HONDA WAVE 110S NEGRO NSU,7.949783457673361,0,CARROCERÍA,HONDA,WAVE110
1535/00033-038,GUARDABARRO TRAS. HONDA WAVE 2014 NSU,9.171759816695022,0,CARROCERÍA,HONDA,WAVE
1535/00024-022,GUARDABARRO TRAS. HONDA WAVE M/NUEVO NSU,5.717167184670639,0,CARROCERÍA,HONDA,WAVE
1535/00027-022,GUARDABARRO TRAS. HONDA WAVE M/VIEJO NSU,4.078109828288728,0,CARROCERÍA,HONDA,WAVE
1535/00075-022,GUARDABARRO TRAS. MOTOMEL FUSION NSU,4.666401128583641,0,CARROCERÍA,MOTOMEL,UNIVERSAL
1535/00081-038,GUARDABARRO TRAS. MOTOMEL SKUA 150 V6 NSU,4.404348821979045,0,CARROCERÍA,MOTOMEL,SKUA150
1535/00081-022,GUARDABARRO TRAS. MOTOMEL SKUA 150 V6 NSU,4.404489346822528,0,CARROCERÍA,MOTOMEL,SKUA150
1535/00082-022,GUARDABARRO TRAS. MOTOMEL SKUA NSU,4.174401526729945,0,CARROCERÍA,MOTOMEL,UNIVERSAL
1535/00029-038,GUARDABARRO TRAS. SUZUKI AX100 NSU,5.012478900075532,0,CARROCERÍA,SUZUKI,AX100
1535/00078-022,GUARDABARRO TRAS. SUZUKI GIXXER 150 NEGRO NSU,20.32791093937683,0,CARROCERÍA,SUZUKI,GIXXER 150
1535/00085-022,GUARDABARRO TRAS. YAMAHA CRYPTON COLIN NSU,5.882913002949142,0,CARROCERÍA,YAMAHA,CRYPTON
1535/00086-022,GUARDABARRO TRAS. YAMAHA CRYPTON M/N NSU,11.19299114000001,0,CARROCERÍA,YAMAHA,CRYPTON
1535/00087-022,GUARDABARRO TRAS. YAMAHA FZ16 INF.C/CUBRECADENAS NSU,11.73694857809257,0,TRANSMISIÓN,YAMAHA,FZ16
1535/00087-566,GUARDABARRO TRAS. YAMAHA FZ16 INF.C/CUBRECADENAS VC,0,8457.38091,TRANSMISIÓN,GILERA / YAMAHA,FZ16
1535/00084-022,GUARDABARRO TRAS. YAMAHA FZ16 PORTAPATENTE NSU,9.68009993599806,0,CARROCERÍA,YAMAHA,FZ16
1535/00084-566,GUARDABARRO TRAS. YAMAHA FZ16 PORTAPATENTE VC,0,12671.693298,CARROCERÍA,GILERA / YAMAHA,FZ16
1535/00088-038,GUARDABARRO TRAS. YAMAHA FZ16S NSU,9.546896707099917,0,CARROCERÍA,YAMAHA,FZ16
1535/00083-022,GUARDABARRO TRAS. YAMAHA XTZ 125 NSU,5.211861272799053,0,CARROCERÍA,YAMAHA,XTZ125
1535/00090-566,GUARDABARRO TRAS. YAMAHA YBR 125 NEGRO VC,0,11621.643561,CARROCERÍA,GILERA / YAMAHA,YBR125
1535/00095-038,GUARDABARRO TRAS. YAMAHA YBR Z NSU,14.68918780780792,0,CARROCERÍA,YAMAHA,YBR
1535/00105-566,GUARDABARRO TRAS. ZANELLA RX 150 NEGRO VC,0,5059.629035999999,CARROCERÍA,GILERA / ZANELLA,VC 150
1535/00210-022,GUARDABARRO TRAS. ZANELLA ZR 150 NEGRO NSU,5.475634410437278,0,CARROCERÍA,ZANELLA,NS 150
1148/00100-621,GUIA CABLE DELANTERO 100MM GRANDEx10UNID. .,0,2715.347448,OTROS,,UNIVERSAL
1148/00010-566,GUIA CABLE DELANTERO SMASH VC,0,536.104899,OTROS,GILERA,SMASH
1165/00056-022,GUIA CADENA DIST. GILERA VC 200R SET NSU,2.674102867417145,0,TRANSMISIÓN,GILERA,VC 200
1165/00056-038,GUIA CADENA DIST. GILERA VC 200R SET NSU,2.928258993085098,0,TRANSMISIÓN,GILERA,VC 200
1165/00009-038,GUIA CADENA DIST. HONDA BIZ 125 SET NSU,2.637863922191649,0,TRANSMISIÓN,HONDA,BIZ
1165/00009-022,GUIA CADENA DIST. HONDA BIZ 125 SET NSU,2.637820810357704,0,TRANSMISIÓN,HONDA,BIZ
1165/00054-022,GUIA CADENA DIST. HONDA CB190R SET NSU,2.468432524367409,0,TRANSMISIÓN,HONDA,CB
1165/00054-038,GUIA CADENA DIST. HONDA CB190R SET NSU,2.468393619694519,0,TRANSMISIÓN,HONDA,CB
1165/00400-022,GUIA CADENA DIST. ZANELLA STYLER 125/150 SET NSU,3.133880585746079,0,TRANSMISIÓN,ZANELLA,NS 125
1165/00400-038,GUIA CADENA DIST. ZANELLA STYLER 125/150 SET NSU,3.133872735419655,0,TRANSMISIÓN,ZANELLA,NS 125
1165/00030-022,GUIA CADENA DISTRIB. BAJAJ PULSAR 135 SET NSU,2.913667234644012,0,TRANSMISIÓN,BAJAJ,PULSAR
1165/00035-022,GUIA CADENA DISTRIB. BAJAJ PULSAR 180 SET NSU,2.734513894919673,0,TRANSMISIÓN,BAJAJ,PULSAR
1165/00040-022,GUIA CADENA DISTRIB. BAJAJ PULSAR 220 SET NSU,2.838647563320122,0,TRANSMISIÓN,BAJAJ,PULSAR
1165/00006-022,GUIA CADENA DISTRIB. HONDA CBF125/TITAN 150 SET NSU,2.734588019225693,0,TRANSMISIÓN,HONDA,TITAN
1165/00099-022,GUIA CADENA DISTRIB. HONDA TORNADO/CBX 250 3PZAS. NSU,8.651561416480009,0,TRANSMISIÓN,HONDA,TORNADO
1165/00104-022,GUIA CADENA DISTRIB. HONDA WAVE-ZANELLA SEXYx2UNID NSU,0.8031615619049836,0,TRANSMISIÓN,HONDA,WAVE
1165/00135-022,GUIA CADENA DISTRIB. SUZUKI GIXXER 150 NSU,2.952620633059559,0,TRANSMISIÓN,SUZUKI,GIXXER 150
1165/00130-022,GUIA CADENA DISTRIB. SUZUKI GN125/GS SET NSU,2.594150929134407,0,TRANSMISIÓN,SUZUKI,GN125
1165/00214-022,GUIA CADENA DISTRIB. YAMAHA FZ16 SET NSU,2.77330784958641,0,TRANSMISIÓN,YAMAHA,FZ16
1165/00215-022,GUIA CADENA DISTRIB. YAMAHA NEW CRYPTON NSU,3.944636738951798,0,TRANSMISIÓN,YAMAHA,CRYPTON
1165/00220-022,GUIA CADENA DISTRIB. YAMAHA YBR 125 NSU,3.932549709465523,0,TRANSMISIÓN,YAMAHA,YBR125
1181/00007-077,GUIA CADENA MOTOMEL SKUA 150 NSU,3.025028868503226,0,TRANSMISIÓN,MOTOMEL,SKUA150
1861/00010-019,GUIA DE ARRANQUE YAMAHA AXIS 90 AXIS  TERCOM,1.738092446503373,0,OTROS,YAMAHA,90
1861/00020-019,GUIA DE ARRANQUE YAMAHA JOG 50  TERCOM,2.661903276683134,0,OTROS,YAMAHA,50
1839/05002-674,GUIA DE VALVULA BAJAJ PULSAR 130 CC x2 UNID.BRONCE NUBO,0,7261.551098999999,MOTOR,BAJAJ,PULSAR
1839/05001-674,GUIA DE VALVULA BAJAJ ROUSER 180CC x2 UNID.BRONCE NUBO,0,8753.772951,MOTOR,BAJAJ,ROUSER
1839/05022-674,GUIA DE VALVULA BAJAJ ROUSER DOMINAR 400 X2 UNID.B NUBO,0,7776.485838000001,MOTOR,BAJAJ,DOMINAR / ROUSER
1839/05006-674,GUIA DE VALVULA BAJAJ ROUSER NS200 x2 UNID.BRONCE NUBO,0,8392.98834,MOTOR,BAJAJ,NS200 / ROUSER
1839/05004-674,GUIA DE VALVULA HIMCO AGILITY 125 x2 UNID. BRONCE NUBO,0,15192.167463,MOTOR,,125
1839/05010-674,GUIA DE VALVULA HONDA 185/200 x2 UNID.BRONCE NUBO,0,20429.037783,MOTOR,HONDA,200
1839/05000-674,GUIA DE VALVULA HONDA CBF125/150 x2 UNID. BRONCE NUBO,0,8845.755336000002,MOTOR,HONDA,CB 150
1839/50121-674,GUIA DE VALVULA HONDA CG 150 +0.05 X2 UNID.BRONCE NUBO,0,8640.541998,MOTOR,HONDA,CG150
1839/50122-674,GUIA DE VALVULA HONDA CG 150 +0.10 X2 UNID.BRONCE NUBO,0,8640.541998,MOTOR,HONDA,CG150
1839/05012-674,GUIA DE VALVULA HONDA CG 150 x2 UNID.BRONCE NUBO,0,7776.485838000001,MOTOR,HONDA,CG150
1839/05018-674,GUIA DE VALVULA HONDA CG/TITAN/TODAY CDI x 2UNID.B NUBO,0,22320.611181,MOTOR,HONDA,TITAN
1839/05005-674,GUIA DE VALVULA HONDA NEW WAVE 110 x2 UNID.BRONCE NUBO,0,8112.767949,MOTOR,HONDA,WAVE110
1839/00030-022,GUIA DE VALVULA HONDA STORM xJGO. NSU,1.972291973094463,0,MOTOR,HONDA,UNIVERSAL
1839/05015-674,GUIA DE VALVULA HONDA TWISTER 250/TORNADO250 x2 U NUBO,0,16351.606161,MOTOR,HONDA,TWISTER
1839/05017-674,GUIA DE VALVULA HONDA WAVE/DAX/L31 X2 UNID.BRONC NUBO,0,13370.651613,MOTOR,HONDA,WAVE
1839/05016-674,GUIA DE VALVULA HONDA WAVE/DAX/L33 X2 UNID.BRONC NUBO,0,13776.961869,MOTOR,HONDA,WAVE
1839/05009-674,GUIA DE VALVULA HONDA XL125 x2 UNID.BRONCE NUBO,0,20429.037783,MOTOR,HONDA,UNIVERSAL
1839/05023-674,GUIA DE VALVULA HONDA XL125/CG/CB125 x2 UNID.BRONC NUBO,0,26783.33971500001,MOTOR,HONDA,CG
1839/05019-674,GUIA DE VALVULA MOTOMEL SKUA/MOTARD 2 UNID. BRONCE NUBO,0,21315.263805,MOTOR,MOTOMEL,UNIVERSAL
1839/05003-674,GUIA DE VALVULA YAMAHA FZ160CC x2 UNID.BRONCE NUBO,0,8998.984170000002,MOTOR,YAMAHA,FZ16
1839/05013-674,GUIA DE VALVULA YAMAHA YBR125/XTZ125 AD.x2 UNID.BR NUBO,0,7370.126577,MOTOR,YAMAHA,XTZ125 / YBR125
1839/05014-674,GUIA DE VALVULA YAMAHA YBR125/XTZ125 ES x2 UNID.BR NUBO,0,6809.666193000001,MOTOR,YAMAHA,XTZ125 / YBR125
1839/00048-077,GUIA DE VALVULAS HONDA CG 150 NEW SET NSU,1.854953219376755,0,MOTOR,HONDA,CG150
1165/00213-038,GUIA TENSOR CADENA MOTOMEL SKUA 250/XMM250 NSU,2.749107955610962,0,TRANSMISIÓN,MOTOMEL,NS 250
1201/00004-022,HORQUILLA DE CAMBIO GILERA SMASH(JGO) NSU,4.355976651309757,0,OTROS,GILERA,SMASH
1769/00036-077,HORQUILLA MOTOMEL BIT A DISCO NSU,133.0976905170598,0,FRENOS,MOTOMEL,UNIVERSAL
1769/00035-077,HORQUILLA MOTOMEL BIT A TAMBOR NSU,133.0996533701793,0,OTROS,MOTOMEL,UNIVERSAL
1769/00034-077,HORQUILLA MOTOMEL CUSTOM 150 A DISCO NSU,193.6047911672849,0,FRENOS,MOTOMEL,NS 150
1769/00038-077,HORQUILLA MOTOMEL ECO 110 CROMO A TAMBOR NSU,133.0986985473345,0,OTROS,MOTOMEL,NS 110
1769/00037-077,HORQUILLA MOTOMEL ECO 110 PLATA A DISCO NSU,133.0990782521059,0,FRENOS,MOTOMEL,NS 110
1769/00032-077,HORQUILLA MOTOMEL INVERTIDA MOTARD 200 NSU,379.7768664226877,0,OTROS,MOTOMEL,NS 200
1769/00024-077,HORQUILLA MOTOMEL SKUA 150 NSU,118.52113017492,0,OTROS,MOTOMEL,SKUA150
1769/00026-022,HORQUILLA SUZUKI AX 100 NEGRO NSU,103.4966776265442,0,OTROS,SUZUKI,100
1769/00027-022,HORQUILLA SUZUKI AX 100 ROJO NSU,94.08918777654421,0,OTROS,SUZUKI,100
1769/00025-022,HORQUILLA SUZUKI AX100 AZUL NSU,103.4966776265442,0,OTROS,SUZUKI,AX100
1769/00075-077,HORQUILLA ZANELLA RX 150 A DISCO NSU,181.5033777413929,0,FRENOS,ZANELLA,NS 150
1543/00019-077,HORQUILLON HONDA CG 150 NEW NSU,26.81403230020163,0,OTROS,HONDA,CG150
1543/00016-077,HORQUILLON MOTOMEL CUSTOM 200 NSU,43.55949069447795,0,OTROS,MOTOMEL,NS 200
1543/00020-077,HORQUILLON ZANELLA RX 150 NSU,23.31654982626229,0,OTROS,ZANELLA,NS 150
1554/00010-038,INDICADOR DE CAMBIOS GILERA SMASH NSU,3.339563235192891,0,OTROS,GILERA,SMASH
1001/00155-128,INFLA Y SELLA NEUMATICOS x 235ML .,2.681348252479706,0,OTROS,,UNIVERSAL
1001/00157-128,INFLA Y SELLA NEUMATICOS x 450ML .,3.872052779176312,0,OTROS,,UNIVERSAL
1001/00190-022,INFLADOR DE PIE 2 CILINDROS EXTRALARGO 100PSI NSU,15.05233405272903,0,MOTOR,,UNIVERSAL
1130/00005-621,INSERTO BUJIA 10 MM. x10UNID. .,0,9222.946821,MOTOR,,UNIVERSAL
1130/00007-621,INSERTO BUJIA 12 MM x10UNID. .,0,9494.209098,MOTOR,,UNIVERSAL
1130/00010-621,INSERTO BUJIA 14 MM.CORTO x5unid. .,0,9775.5174,MOTOR,,UNIVERSAL
1547/00040-536,INSTALACION COMP. GARELLI VOL.MOTOPLAT AF,0,17595.980325,OTROS,,UNIVERSAL
1719/00020-025,JAULA DE MUÑON 15X21X10 ADLY/AT100/SUZUKI FA   NSU,0.6783694147745223,0,OTROS,SUZUKI,UNIVERSAL
1719/00030-025,JAULA DE MUÑON 16X21X10 HERO PUCH 50  NSU,1.668422074175176,0,OTROS,HERO,50
1719/00040-025,JAULA DE MUÑON 16X21X12 NSU,0.6967037232819419,0,OTROS,,UNIVERSAL
1719/00050-025,JAULA DE MUÑON 16X22X12 CICLO NSU,1.016402716620951,0,OTROS,,UNIVERSAL
1719/00070-020,JAULA DE MUÑON 18X24X11 YAMAHA GT 80   TW.,1.448410372086142,0,OTROS,YAMAHA,80
1719/00080-025,JAULA DE MUÑON 18X24X11.5  YAMAHA AXIS 90  NSU,0.8800468083561371,0,OTROS,YAMAHA,90
1719/00080-020,JAULA DE MUÑON 18X24X11.5  YAMAHA AXIS 90  TW.,2.574983941813953,0,OTROS,YAMAHA,90
1719/00090-025,JAULA DE MUÑON 20X26X12 HONDA MB 100/ZAN 125/175  NSU,1.173395744474849,0,OTROS,HONDA,NS 100
1719/00090-020,JAULA DE MUÑON 20X26X12 HONDA MB 100/ZAN 125/175  TW.,1.045055584922913,0,OTROS,HONDA,100
1719/00100-025,JAULA DE MUÑON 20X26X17 ZANELLA 200 NSU,1.815008541134617,0,OTROS,ZANELLA,NS 200
1719/00100-020,JAULA DE MUÑON 20X26X17 ZANELLA 200 TW.,1.045055584922913,0,OTROS,ZANELLA,200
1719/00110-025,JAULA DE MUÑON 20X26X20 ZANELLA 200  NSU,1.063389893430332,0,OTROS,ZANELLA,NS 200
1719/00110-020,JAULA DE MUÑON 20X26X20 ZANELLA 200  TW.,1.448410372086142,0,OTROS,ZANELLA,200
1719/00130-025,JAULA DE MUÑON 22X28X14 KAWASAKI 110  NSU,0.9717183508932346,0,OTROS,KAWASAKI,NS 110
1719/00130-020,JAULA DE MUÑON 22X28X14 KAWASAKI 110  TW.,1.045055584922913,0,OTROS,KAWASAKI,110
1719/00120-025,JAULA DE MUÑON 22X28X16 YAMAHA 125 RX-SUZUKI AX100 NSU,0.9717183508932346,0,OTROS,SUZUKI / YAMAHA,AX100
1719/00120-020,JAULA DE MUÑON 22X28X16 YAMAHA 125 RX-SUZUKI AX100 TW.,1.448410372086142,0,OTROS,SUZUKI / YAMAHA,AX100
1719/00140-025,JAULA DE MUÑON 22X29X16 NSU,1.063389893430332,0,OTROS,,UNIVERSAL
1721/00010-020,JAULA DE PERNO 10X14X12.5 HONDANC50-MONDIAL-KENIA  TW.,1.998058259368095,0,TORNILLERÍA Y FIJACIONES,HONDA,UNIVERSAL
1537/00360-156,JUEGO SONDA GALGA MILIMETRICAS NSU,3.833210282464599,0,OTROS,,UNIVERSAL
1560/00200-627,JUNTA ADMISION HONDA/MOTOMEL/GILERA X10U.17HO1110 JUNTAS ALFA,0,2500.783956,MOTOR,HONDA,UNIVERSAL
1560/00100-627,JUNTA ADMISION MOTOS 125CC/150CC./200CC.X10unid. JUNTAS ALFA,0,2954.041002,MOTOR,,UNIVERSAL
1561/00540-627,JUNTA BASE CIL BAJAJ ROUSER 135cc x5unid. 06BA1010 JUNTAS ALFA,0,2664.588069,MOTOR,BAJAJ,ROUSER
1561/00530-627,JUNTA BASE CIL BAJAJ ROUSER 200cc x5unid. 06BA1310 JUNTAS ALFA,0,4125.319308,MOTOR,BAJAJ,ROUSER
1561/00160-627,JUNTA BASE CIL BAJAJ ROUSER 200NS 06BA1410 JUNTAS ALFA,0,4125.319308,MOTOR,BAJAJ,ROUSER
1561/00154-627,JUNTA BASE CIL COMPT.MOTOS 125/150/200cc. 96HO2110 JUNTAS ALFA,0,1414.793952,MOTOR,,125
1561/00012-627,JUNTA BASE CIL GILERA FX125 X5unid.(06GI1410) JUNTAS ALFA,0,1170.445221,MOTOR,GILERA,UNIVERSAL
1561/00022-627,JUNTA BASE CIL GILERA VC125 x5UNID. 06GI1310 JUNTAS ALFA,0,1626.309333,MOTOR,GILERA,UNIVERSAL
1561/00014-627,JUNTA BASE CIL GILERA VC150-ZANRX150x5unid06HO2110 JUNTAS ALFA,0,1626.309333,MOTOR,GILERA,RX150
1561/00120-627,JUNTA BASE CIL GILERA/HONDA/MOTOMEL/ZAN. 96HO1010 JUNTAS ALFA,0,1300.141854,MOTOR,HONDA,UNIVERSAL
1561/00021-627,JUNTA BASE CIL HONDA BIZ 125 x5UNID. 06HO1210 JUNTAS ALFA,0,1626.309333,MOTOR,HONDA,BIZ
1561/00121-627,JUNTA BASE CIL HONDA CB1 125cc. 06HO2610 JUNTAS ALFA,0,1626.309333,MOTOR,HONDA,CB
1561/00023-627,JUNTA BASE CIL HONDA CB190 x 5UNIDADES 06HO2710 JUNTAS ALFA,0,2664.588069,MOTOR,HONDA,CB
1561/00018-627,JUNTA BASE CIL HONDA CG150 x5unid.06HO2210 JUNTAS ALFA,0,1626.309333,MOTOR,HONDA,CG150
1561/00039-627,JUNTA BASE CIL HONDA NIGHTW250-GIL.VC 06MO1710x5u JUNTAS ALFA,0,3527.77194,MOTOR,HONDA,UNIVERSAL
1561/00025-627,JUNTA BASE CIL HONDA TITAN-STORM x5unid.06HO1910 JUNTAS ALFA,0,1626.309333,MOTOR,HONDA,TITAN
1561/00019-627,JUNTA BASE CIL HONDA TWIS250/TORNADOx5UNID06HO5610 JUNTAS ALFA,0,3527.77194,MOTOR,HONDA,TORNADO
1561/00170-627,JUNTA BASE CIL HONDA WAVE NF110 06HO1310 x5unid. JUNTAS ALFA,0,1626.309333,MOTOR,HONDA,WAVE
1561/00013-627,JUNTA BASE CIL HONDA-BETA-ZANx5unid.06HO1010 JUNTAS ALFA,0,1170.445221,MOTOR,HONDA,UNIVERSAL
1561/00028-627,JUNTA BASE CIL JAWA 300 E/300-9 x5unid.06JW1310 JUNTAS ALFA,0,4927.403745,MOTOR,,300
1561/00029-627,JUNTA BASE CIL JAWA 350 x5unid. 06JW1510 JUNTAS ALFA,0,4927.403745,MOTOR,,UNIVERSAL
1561/00032-627,JUNTA BASE CIL MOTOMEL CUSTOM x5unid.06MO1110 JUNTAS ALFA,0,1626.309333,MOTOR,MOTOMEL,UNIVERSAL
1561/00033-627,JUNTA BASE CIL MOTOMEL DAKAR 200 x5unid.06MO1410 JUNTAS ALFA,0,1626.309333,MOTOR,MOTOMEL,200
1561/00100-627,JUNTA BASE CIL MOTOMEL XPLORA x5UNID. 06MO1810 JUNTAS ALFA,0,1626.309333,MOTOR,MOTOMEL,UNIVERSAL
1561/00115-627,JUNTA BASE CIL SUZUKI AX100 x5UNID.06SU1310 JUNTAS ALFA,0,1919.947293,MOTOR,SUZUKI,AX100
1561/00110-627,JUNTA BASE CIL SUZUKI EN125 x5UNID. 06SU1510 JUNTAS ALFA,0,1626.309333,MOTOR,SUZUKI,EN125
1561/00600-627,JUNTA BASE CIL YAM.BANSHEE350 CUATRICICLO06YA2410 JUNTAS ALFA,0,3405.249639,MOTOR,,UNIVERSAL
1561/00034-627,JUNTA BASE CIL YAMAHA BLASTER 200x5UNID.06YA1110 JUNTAS ALFA,0,1919.947293,MOTOR,YAMAHA,UNIVERSAL
1561/00036-627,JUNTA BASE CIL YAMAHA CRYPTON 110 x5unid.06YA1210 JUNTAS ALFA,0,1626.309333,MOTOR,YAMAHA,CRYPTON
1561/00153-627,JUNTA BASE CIL YAMAHA FZ 16 x5Unid.06YA3310 JUNTAS ALFA,0,2664.588069,MOTOR,YAMAHA,FZ16
1561/00038-627,JUNTA BASE CIL YAMAHA YBR125 x5unid.06YA2910 JUNTAS ALFA,0,1626.309333,MOTOR,YAMAHA,YBR125
1561/00042-627,JUNTA BASE CIL YAMAHA YBR250/YS250 x5UNID.06YA3210 JUNTAS ALFA,0,4125.319308,MOTOR,YAMAHA,YBR
1561/00080-627,JUNTA BASE CIL ZANELLA ZB110/VENTO3V x5U 06ZA1710 JUNTAS ALFA,0,1170.445221,MOTOR,ZANELLA,ZB110
1564/00099-627,JUNTA CAB.CIL APPIA 150/JAWA 150 D64 C/ORING JUNTAS ALFA,0,3423.048255,MOTOR,APPIA,150
1564/00098-627,JUNTA CAB.CIL APPIA 250/MONDIAL 250 D73 C/ORING JUNTAS ALFA,0,10269.134964,MOTOR,APPIA,250
1564/00010-627,JUNTA CAB.CIL BETA BK150/GMX 150 02BE1320 JUNTAS ALFA,0,2957.010705000001,MOTOR,BETA,150
1564/00015-627,JUNTA CAB.CIL BETA TR/MOTARD/CHRONO C/ORIN02BE1020 JUNTAS ALFA,0,6761.700099000001,MOTOR,BETA,UNIVERSAL
1564/00400-627,JUNTA CAB.CIL GILERA FRX300 CUATRI C/ORING02GI3420 JUNTAS ALFA,0,9712.144134,MOTOR,GILERA,UNIVERSAL
1564/00060-627,JUNTA CAB.CIL GILERA FX125 02GI1420 JUNTAS ALFA,0,2957.010705000001,MOTOR,GILERA,UNIVERSAL
1564/00029-627,JUNTA CAB.CIL GILERA SMASH P83mmD50.5 C/OR02GI3020 JUNTAS ALFA,0,2957.010705000001,MOTOR,GILERA,SMASH
1564/00028-627,JUNTA CAB.CIL GILERA SMASH P83mmD53.5 C/OR02GI2020 JUNTAS ALFA,0,2957.010705000001,MOTOR,GILERA,SMASH
1564/00025-627,JUNTA CAB.CIL GILERA SMASH P83mmD53.5 S/OR02GI2000 JUNTAS ALFA,0,2186.887329,MOTOR,GILERA,SMASH
1564/00020-627,JUNTA CAB.CIL GILERA SMASH-ZANELLA ZB110 02GI1020 JUNTAS ALFA,0,2957.010705000001,MOTOR,GILERA,SMASH / ZB110
1564/00094-627,JUNTA CAB.CIL GILERA SMX400 C/ORING 02GI3320 JUNTAS ALFA,0,9550.437435,MOTOR,GILERA,UNIVERSAL
1564/00031-627,JUNTA CAB.CIL GILERA SUPER 125 C/ORING 02GI1720 JUNTAS ALFA,0,3696.260931,MOTOR,GILERA,125
1564/00032-627,JUNTA CAB.CIL GILERA SUPER125C/ORINGS/RPM 02GI1820 JUNTAS ALFA,0,3696.260931,MOTOR,GILERA,UNIVERSAL
1564/00050-627,JUNTA CAB.CIL GILERA VC125-MOTOMEL CG125 02GI1320 JUNTAS ALFA,0,3090.392514,MOTOR,GILERA / HONDA,CG125
1564/00052-627,JUNTA CAB.CIL GILERA VC200 C/ORING 01GE2120 JUNTAS ALFA,0,7059.895524,MOTOR,GILERA,UNIVERSAL
1564/00033-627,JUNTA CAB.CIL GILERA YL150 SERIE3 C/ORING 02GI1920 JUNTAS ALFA,0,3090.392514,MOTOR,GILERA,UNIVERSAL
1564/00040-627,JUNTA CAB.CIL GILERA YL150-ZANELLA CUSTOM 02GI1220 JUNTAS ALFA,0,3090.392514,MOTOR,GILERA,UNIVERSAL
1564/00030-627,JUNTA CAB.CIL GILERA YL150-ZANELRX150DAKAR02GI1120 JUNTAS ALFA,0,3090.392514,MOTOR,GILERA,RX150
1564/00049-627,JUNTA CAB.CIL GILERA YL275 C/ORING 02GI3520 JUNTAS ALFA,0,4400.472581999999,MOTOR,GILERA,UNIVERSAL
1564/00213-627,JUNTA CAB.CIL GUERRERO G50 D:42 PASO:75 02GE1220 JUNTAS ALFA,0,2957.010705000001,MOTOR,,UNIVERSAL
1564/00480-627,JUNTA CAB.CIL GUERRERO GXL125CAD C/ORING .02GE1120 JUNTAS ALFA,0,2957.010705000001,MOTOR,,UNIVERSAL
1564/00073-627,JUNTA CAB.CIL GUERRERO TRIP110 C/ORING 02GE2020 JUNTAS ALFA,0,2957.010705000001,MOTOR,,UNIVERSAL
1564/00074-627,JUNTA CAB.CIL HONDA BIZ 125 C/ORING 02HO1220 JUNTAS ALFA,0,4002.120738000001,MOTOR,HONDA,BIZ
1564/00080-627,JUNTA CAB.CIL HONDA BIZ/WAVE 02HO1120 JUNTAS ALFA,0,3423.557907,MOTOR,HONDA,WAVE
1564/00071-627,JUNTA CAB.CIL HONDA CB 250 TWISTER 2017/... JUNTAS ALFA,0,10999.701504,MOTOR,HONDA,TWISTER 250
1564/00101-627,JUNTA CAB.CIL HONDA CB1 125CC 02HO2620 JUNTAS ALFA,0,4002.120738000001,MOTOR,HONDA,CB
1564/00585-627,JUNTA CAB.CIL HONDA CB190 C/ORING 02HO2720 JUNTAS ALFA,0,7059.895524,MOTOR,HONDA,CB
1564/00082-627,JUNTA CAB.CIL HONDA CG125/TITAN C/ORINGS 02HO2020 JUNTAS ALFA,0,3090.392514,MOTOR,HONDA,CG125 / TITAN
1564/00584-627,JUNTA CAB.CIL HONDA CR125 1992/99 C/ORING 02HO2320 JUNTAS ALFA,0,5881.158657,MOTOR,HONDA,UNIVERSAL
1564/00586-627,JUNTA CAB.CIL HONDA CR125 2000/02 C/ORING 02HO2420 JUNTAS ALFA,0,5881.158657,MOTOR,HONDA,UNIVERSAL
1564/00070-627,JUNTA CAB.CIL HONDA ECONO C90 02HO1020 JUNTAS ALFA,0,2957.010705000001,MOTOR,HONDA,C90
1564/00084-627,JUNTA CAB.CIL HONDA ELITE 125 2014AD 02HO1520 JUNTAS ALFA,0,3696.260931,MOTOR,HONDA,125
1564/00230-627,JUNTA CAB.CIL HONDA NEW WAVE 110S C/ORING 02HO1320 JUNTAS ALFA,0,3090.392514,MOTOR,HONDA,WAVE110
1564/00085-627,JUNTA CAB.CIL HONDA NIGHTH.250/MOTOMEL 02MO1720 JUNTAS ALFA,0,4400.472581999999,MOTOR,HONDA,250
1564/00092-627,JUNTA CAB.CIL HONDA NX400 D2004 C/ORING 02HO5720 JUNTAS ALFA,0,12764.03832,MOTOR,HONDA,UNIVERSAL
1564/00091-627,JUNTA CAB.CIL HONDA NX400 DESDE2004 02HO5700 JUNTAS ALFA,0,11178.804978,MOTOR,HONDA,UNIVERSAL
1564/00100-627,JUNTA CAB.CIL HONDA TITAN 150 02HO2120 JUNTAS ALFA,0,3423.557907,MOTOR,HONDA,TITAN
1564/00090-627,JUNTA CAB.CIL HONDA TITAN-STORM-FAN 02HO1920 JUNTAS ALFA,0,3090.392514,MOTOR,HONDA,TITAN
1564/00081-627,JUNTA CAB.CIL HONDA TWISTER 250/TORNADO 02HO5620 JUNTAS ALFA,0,8217.207405,MOTOR,HONDA,TWISTER
1564/00095-627,JUNTA CAB.CIL HONDA XR 125 C/ORING JUNTAS ALFA,0,3423.557907,MOTOR,HONDA,XR 125
1564/00083-627,JUNTA CAB.CIL HONDA XR 250 87-99 C/ORINGS 02HO5420 JUNTAS ALFA,0,11790.50499,MOTOR,HONDA,XR 250
1564/00582-627,JUNTA CAB.CIL HONDA XR 600 C/ORING 02HO5920 JUNTAS ALFA,0,14072.089581,MOTOR,HONDA,XR
1564/00580-627,JUNTA CAB.CIL HONDA XRE 300 C/ORING 02HO5820 JUNTAS ALFA,0,9240.372999,MOTOR,HONDA,XRE
1564/00102-627,JUNTA CAB.CIL JAWA 300 C/ORING 02JW1320 JUNTAS ALFA,0,6538.678344,MOTOR,,300
1564/00178-627,JUNTA CAB.CIL JAWA 350 C/ORING 02JW1520 JUNTAS ALFA,0,6540.138693000001,MOTOR,,UNIVERSAL
1564/00570-627,JUNTA CAB.CIL KAYAK 150 C/ORING 02KK1020 JUNTAS ALFA,0,3090.392514,MOTOR,,150
1564/00221-627,JUNTA CAB.CIL KELLER 260 K2 RACING/NAKED 02KE2220 JUNTAS ALFA,0,3090.392514,MOTOR,KELLER,UNIVERSAL
1564/00105-627,JUNTA CAB.CIL MONDIAL RV125CC 02MD1100 JUNTAS ALFA,0,2186.887329,MOTOR,MONDIAL,UNIVERSAL
1564/00106-627,JUNTA CAB.CIL MONDIAL RV125CC C/ORING 02MD1120 JUNTAS ALFA,0,2957.010705000001,MOTOR,MONDIAL,UNIVERSAL
1564/00110-627,JUNTA CAB.CIL MOTOMEL 110/BIT/ECO 02MO1020 JUNTAS ALFA,0,2957.010705000001,MOTOR,MOTOMEL,110
1564/00121-627,JUNTA CAB.CIL MOTOMEL CG 125 02GI1370 JUNTAS ALFA,0,3090.392514,MOTOR,HONDA / MOTOMEL,CG125
1564/00120-627,JUNTA CAB.CIL MOTOMEL CUSTOM 200 02MO1120 JUNTAS ALFA,0,3090.392514,MOTOR,MOTOMEL,200
1564/00140-627,JUNTA CAB.CIL MOTOMEL DAKAR 200 02MO1420 JUNTAS ALFA,0,3090.392514,MOTOR,MOTOMEL,200
1564/00130-627,JUNTA CAB.CIL MOTOMEL ECO DAX 70 02MO1220 JUNTAS ALFA,0,2957.010705000001,MOTOR,MOTOMEL,70
1564/00490-627,JUNTA CAB.CIL MOTOMEL MOTARD 250 C/ORING 02BE1420 JUNTAS ALFA,0,8217.207405,MOTOR,MOTOMEL,250
1564/00145-627,JUNTA CAB.CIL MOTOMEL PITBULL/PANTHER 200 02MO1320 JUNTAS ALFA,0,5881.158657,MOTOR,MOTOMEL,200
1564/00227-627,JUNTA CAB.CIL MOTOMEL SIRIUS 250 C/ORING 02MO2420 JUNTAS ALFA,0,7614.063666,MOTOR,MOTOMEL,250
1564/00065-627,JUNTA CAB.CIL MOTOMEL SR 200 C/ORING 02GI3220 JUNTAS ALFA,0,7614.063666,MOTOR,MOTOMEL,200
1564/00147-627,JUNTA CAB.CIL MOTOMEL VX 150 C/ORING 02MO1620 JUNTAS ALFA,0,3696.260931,MOTOR,MOTOMEL,150
1564/00122-627,JUNTA CAB.CIL MOTOMEL XPLORA 250 C/ORING 02MO1820 JUNTAS ALFA,0,3223.147059,MOTOR,MOTOMEL,250
1564/00148-627,JUNTA CAB.CIL SUZUKI EN125/GN125 C/ORING 02SU1520 JUNTAS ALFA,0,3090.392514,MOTOR,SUZUKI,EN125 / GN125
1564/00149-627,JUNTA CAB.CIL SUZUKI GIXXER 160 C/ORING 02SU1720 JUNTAS ALFA,0,5881.158657,MOTOR,SUZUKI,160
1564/00600-627,JUNTA CAB.CIL YAMAHA BANSHEE 350 C/ORING 02YA2420 JUNTAS ALFA,0,12279.427875,MOTOR,YAMAHA,UNIVERSAL
1564/00150-627,JUNTA CAB.CIL YAMAHA CRYPTON 110 02YA1220 JUNTAS ALFA,0,2414.897793,MOTOR,YAMAHA,CRYPTON
1564/00154-627,JUNTA CAB.CIL YAMAHA FZ/FI/FAZER 02YA3620 JUNTAS ALFA,0,5582.179152000001,MOTOR,YAMAHA,FZ
1564/00153-627,JUNTA CAB.CIL YAMAHA FZ16 C/ORING 02YA3320 JUNTAS ALFA,0,5581.189251,MOTOR,YAMAHA,FZ16
1564/00374-627,JUNTA CAB.CIL YAMAHA XT 225 C/ORING 02YA3520 JUNTAS ALFA,0,10269.134964,MOTOR,YAMAHA,UNIVERSAL
1564/00160-627,JUNTA CAB.CIL YAMAHA YBR 125 02YA2920 JUNTAS ALFA,0,2414.897793,MOTOR,YAMAHA,YBR125
1564/00170-627,JUNTA CAB.CIL YAMAHA YBR 250/YS250 C/ORING02YA3220 JUNTAS ALFA,0,10269.134964,MOTOR,YAMAHA,YBR
1564/00175-627,JUNTA CAB.CIL ZANELLA CUSTOM 150 C/ORING 02GI1270 JUNTAS ALFA,0,3090.392514,MOTOR,ZANELLA,150
1564/00620-627,JUNTA CAB.CIL ZANELLA STYLER 150 C/ORING 02ZA1920 JUNTAS ALFA,0,3696.260931,MOTOR,ZANELLA,STYLER 150
1564/00180-627,JUNTA CAB.CIL ZANELLA ZTT 200 C/ORING 02GI1170 JUNTAS ALFA,0,3090.392514,MOTOR,ZANELLA,200
1564/00036-627,JUNTA CAB.CIL ZANELLA.ZB/VENTO 110 3VC/OR02ZA1720 JUNTAS ALFA,0,2957.010705000001,MOTOR,ZANELLA,VC 110
1564/00210-627,JUNTA CAB.CIL. MONDIAL RD 250R 01MD1320 JUNTAS ALFA,0,14098.385664,MOTOR,MONDIAL,UNIVERSAL
1564/00016-627,JUNTA CAB.CIL.BENELLI TNT 150 DIAM.57.5MM 02BN1020 JUNTAS ALFA,0,4000.062528,MOTOR,BENELLI,150
1564/00069-627,JUNTA CAB.CIL.HERO HUNK 200R D71MM 02HE1120 JUNTAS ALFA,0,5880.992039999999,MOTOR,HERO,UNIVERSAL
1563/00536-627,JUNTA CAB.CILINDRO BAJAJ DOMINAR D400 02BA1700 JUNTAS ALFA,0,16418.517588,MOTOR,BAJAJ,DOMINAR
1563/00540-627,JUNTA CAB.CILINDRO BAJAJ ROUSER 135 02BA1000 JUNTAS ALFA,0,2490.404697,MOTOR,BAJAJ,ROUSER
1563/00550-627,JUNTA CAB.CILINDRO BAJAJ ROUSER 150 02BA1100 JUNTAS ALFA,0,4710.546819,MOTOR,BAJAJ,ROUSER
1563/00532-627,JUNTA CAB.CILINDRO BAJAJ ROUSER 150NS 02BA1500 JUNTAS ALFA,0,2603.067192,MOTOR,BAJAJ,ROUSER
1563/00560-627,JUNTA CAB.CILINDRO BAJAJ ROUSER 180 02BA1200 JUNTAS ALFA,0,4710.546819,MOTOR,BAJAJ,ROUSER
1563/00530-627,JUNTA CAB.CILINDRO BAJAJ ROUSER 200/220 02BA1300 JUNTAS ALFA,0,4710.546819,MOTOR,BAJAJ,ROUSER
1563/00590-627,JUNTA CAB.CILINDRO BAJAJ ROUSER 200NS 02BA1400 JUNTAS ALFA,0,7353.288459,MOTOR,BAJAJ,ROUSER
1563/00006-627,JUNTA CAB.CILINDRO BAJAJ ROUSER N250FI250 02BA2200 JUNTAS ALFA,0,12759.980706,MOTOR,BAJAJ,ROUSER
1563/00011-627,JUNTA CAB.CILINDRO BAJAJ ROUSER NS125 DIAM.53.5 JUNTAS ALFA,0,2755.070901000001,MOTOR,BAJAJ,ROUSER
1563/00534-627,JUNTA CAB.CILINDRO BAJAJ ROUSER NS160 02BA1600 JUNTAS ALFA,0,2603.067192,MOTOR,BAJAJ,ROUSER
1563/00009-627,JUNTA CAB.CILINDRO BENELLI TNT 150 DIAM.57.5mm S/O JUNTAS ALFA,0,3223.147059,MOTOR,BENELLI,150
1563/00005-627,JUNTA CAB.CILINDRO BETA BK150-G.GMX150 02BE1300 JUNTAS ALFA,0,2186.887329,MOTOR,BETA,UNIVERSAL
1563/00098-627,JUNTA CAB.CILINDRO BETA CHRONO250 02BE1400 JUNTAS ALFA,0,7353.288459,MOTOR,BETA,UNIVERSAL
1563/00007-627,JUNTA CAB.CILINDRO BETA TR/MOTARD/CHRONO 02BE1000 JUNTAS ALFA,0,6020.617085999999,MOTOR,BETA,UNIVERSAL
1563/00008-627,JUNTA CAB.CILINDRO CORVEN TOURING250/MOT 02MO2500 JUNTAS ALFA,0,11862.591345,MOTOR,CORVEN,UNIVERSAL
1563/00411-627,JUNTA CAB.CILINDRO CUATRICICLO GFORCE250 02MO2100 JUNTAS ALFA,0,9245.587131,MOTOR,,UNIVERSAL
1563/00039-627,JUNTA CAB.CILINDRO GILERA FX125 02GI1400 JUNTAS ALFA,0,2186.887329,MOTOR,GILERA,UNIVERSAL
1563/00026-627,JUNTA CAB.CILINDRO GILERA SMASH P83 D50.5 02GI3000 JUNTAS ALFA,0,2186.887329,MOTOR,GILERA,SMASH
1563/00036-627,JUNTA CAB.CILINDRO GILERA SMASH-ZAN.ZB110 02GI1000 JUNTAS ALFA,0,2186.887329,MOTOR,GILERA,SMASH / ZB110
1563/00037-627,JUNTA CAB.CILINDRO GUERRERO 110 TRIP JUNTAS ALFA,0,2186.887329,MOTOR,,110
1563/00480-627,JUNTA CAB.CILINDRO GUERRERO GXL125CADENERO02GE1100 JUNTAS ALFA,0,2186.887329,MOTOR,,UNIVERSAL
1563/00213-627,JUNTA CAB.CILINDRO GUERREROG50 D42 PASO75 02GE1200 JUNTAS ALFA,0,2186.887329,MOTOR,,UNIVERSAL
1563/00041-627,JUNTA CAB.CILINDRO HERO DASH 110 D51MM 02HE1000 JUNTAS ALFA,0,2349.113481,MOTOR,HERO,110
1563/00073-627,JUNTA CAB.CILINDRO HONDA BIZ125 S/ORING  02HO1200 JUNTAS ALFA,0,2957.010705000001,MOTOR,HONDA,BIZ
1563/00072-627,JUNTA CAB.CILINDRO HONDA BIZ-WAVE 02HO1100 JUNTAS ALFA,0,2957.010705000001,MOTOR,HONDA,WAVE
1563/00078-627,JUNTA CAB.CILINDRO HONDA CB TWISTER 250 2017/... JUNTAS ALFA,0,9712.144134,MOTOR,HONDA,TWISTER 250
1563/01000-627,JUNTA CAB.CILINDRO HONDA CG190 POTENC.92HO2200-190 JUNTAS ALFA,0,4264.816941,MOTOR,HONDA,CG
1563/01005-627,JUNTA CAB.CILINDRO HONDA CG190 POTENC.92HO2240-190 JUNTAS ALFA,0,4721.1417,MOTOR,HONDA,CG
1563/01010-627,JUNTA CAB.CILINDRO HONDA CG230 POTENC.92HO2200-230 JUNTAS ALFA,0,5060.589534,MOTOR,HONDA,CG
1563/01015-627,JUNTA CAB.CILINDRO HONDA CG230 POTENC.92HO2240-230 JUNTAS ALFA,0,5247.396594,MOTOR,HONDA,CG
1563/00075-627,JUNTA CAB.CILINDRO HONDA ECONO C90 02HO1000 JUNTAS ALFA,0,2186.887329,MOTOR,HONDA,C90
1563/00120-524,JUNTA CAB.CILINDRO HONDA NS 50 DENVER,0,84.612033,MOTOR,HONDA,NS 50
1563/00076-627,JUNTA CAB.CILINDRO HONDA TWISTER250/TORNAD02HO5600 JUNTAS ALFA,0,7353.288459,MOTOR,HONDA,TWISTER
1563/01020-627,JUNTA CAB.CILINDRO HONDA TWISTER290POTENC.92HO5600 JUNTAS ALFA,0,9658.150425,MOTOR,HONDA,TWISTER
1563/00607-627,JUNTA CAB.CILINDRO HONDA XR 600 02HO5900 JUNTAS ALFA,0,12299.96097,MOTOR,HONDA,XR
1563/00093-627,JUNTA CAB.CILINDRO HONDA XR200/NX200 02HO5200 JUNTAS ALFA,0,3090.392514,MOTOR,HONDA,XR
1563/00600-627,JUNTA CAB.CILINDRO HONDA XR250 1987 al 99 02HO5400 JUNTAS ALFA,0,11028.908484,MOTOR,HONDA,XR
1563/00605-627,JUNTA CAB.CILINDRO HONDA XR300 02HO5800 JUNTAS ALFA,0,8204.064263999999,MOTOR,HONDA,XR
1563/00177-627,JUNTA CAB.CILINDRO JAWA 300 S/ORING 02JW1300 JUNTAS ALFA,0,5450.767343999999,MOTOR,,300
1563/00178-627,JUNTA CAB.CILINDRO JAWA 350 S/ORING 02JW1500 JUNTAS ALFA,0,5450.767343999999,MOTOR,,UNIVERSAL
1563/00570-627,JUNTA CAB.CILINDRO KAYAK 150 02KK1000 JUNTAS ALFA,0,2349.113481,MOTOR,,150
1563/00212-627,JUNTA CAB.CILINDRO KELLER 260 RACING/NAKED02KE2200 JUNTAS ALFA,0,2349.113481,MOTOR,KELLER,UNIVERSAL
1563/00205-627,JUNTA CAB.CILINDRO KTM DUKE 200 02KT1100 JUNTAS ALFA,0,7353.288459,MOTOR,,200
1563/00221-627,JUNTA CAB.CILINDRO MONDIAL RD 250 01MD1300 JUNTAS ALFA,0,12764.03832,MOTOR,MONDIAL,250
1563/00219-627,"JUNTA CAB.CILINDRO MOTOMEL C110,BIT,ECO 02MO1000 JUNTAS ALFA",0,2186.887329,MOTOR,MOTOMEL,UNIVERSAL
1563/00216-627,JUNTA CAB.CILINDRO MOTOMEL CUSTOM 200 02MO1100 JUNTAS ALFA,0,2349.113481,MOTOR,MOTOMEL,200
1563/00214-627,JUNTA CAB.CILINDRO MOTOMEL DAKAR 200 02MO1400 JUNTAS ALFA,0,2186.887329,MOTOR,MOTOMEL,200
1563/00217-627,"JUNTA CAB.CILINDRO MOTOMEL ECO 70,MAX 70 02MO1200 JUNTAS ALFA",0,2186.887329,MOTOR,MOTOMEL,70
1563/00227-627,JUNTA CAB.CILINDRO MOTOMEL SIRIUS 250 S/ORING JUNTAS ALFA,0,6726.984957000001,MOTOR,MOTOMEL,250
1563/00250-524,JUNTA CAB.CILINDRO SUZUKI AX100 DENVER,0,340.182909,MOTOR,SUZUKI,AX100
1563/00252-627,JUNTA CAB.CILINDRO SUZUKI AX100/115 02SU1300 JUNTAS ALFA,0,1919.947293,MOTOR,SUZUKI,AX100
1563/00255-627,JUNTA CAB.CILINDRO SUZUKI EN125/GN125 02SU1500 JUNTAS ALFA,0,2490.786936,MOTOR,SUZUKI,EN125 / GN125
1563/00280-524,JUNTA CAB.CILINDRO SUZUKI TVS DENVER,0,78.731433,MOTOR,SUZUKI / TVS,UNIVERSAL
1563/00282-627,JUNTA CAB.CILINDRO TVS RTR 160 DIAM.62.5MM JUNTAS ALFA,0,7346.584575000001,MOTOR,TVS,160
1563/00284-627,"JUNTA CAB.CILINDRO TVS RTR 200 DIAM.66,5MM JUNTAS ALFA",0,7346.584575000001,MOTOR,TVS,200
1563/00301-627,JUNTA CAB.CILINDRO YAMAHA CRYPTON 110 02YA1200 JUNTAS ALFA,0,2033.766306,MOTOR,YAMAHA,CRYPTON
1563/00315-627,JUNTA CAB.CILINDRO YAMAHA FZ/FI/FAZER 02YA3600 JUNTAS ALFA,0,5008.291398,MOTOR,YAMAHA,FZ
1563/00153-627,JUNTA CAB.CILINDRO YAMAHA FZ16 02YA3300 JUNTAS ALFA,0,5008.291398,MOTOR,YAMAHA,FZ16
1563/01030-627,JUNTA CAB.CILINDRO YAMAHA FZ200 POTENCIADA92YA3300 JUNTAS ALFA,0,4819.945581000001,MOTOR,YAMAHA,FZ
1563/00370-524,JUNTA CAB.CILINDRO YAMAHA V-80 DENVER,0,103.361346,MOTOR,YAMAHA,80
1563/00374-627,JUNTA CAB.CILINDRO YAMAHA XT225 S/ORING 02YA3500 JUNTAS ALFA,0,9245.587131,MOTOR,YAMAHA,UNIVERSAL
1563/00376-627,JUNTA CAB.CILINDRO YAMAHA YBR125 02YA2900 JUNTAS ALFA,0,2033.766306,MOTOR,YAMAHA,YBR125
1563/00378-627,JUNTA CAB.CILINDRO YAMAHA YBR250/YS250 02YA3200 JUNTAS ALFA,0,8533.995327,MOTOR,YAMAHA,YBR
1563/00468-627,JUNTA CAB.CILINDRO ZANELLA 200 Z MAX JUNTAS ALFA,0,8533.995327,MOTOR,ZANELLA,200
1563/00406-627,JUNTA CAB.CILINDRO ZANELLA CECCATO 150 JUNTAS ALFA,0,8204.064263999999,MOTOR,ZANELLA,150
1563/00620-627,JUNTA CAB.CILINDRO ZANELLA RX 200 02ZA2620 JUNTAS ALFA,0,3090.392514,MOTOR,ZANELLA,200
1563/00466-627,JUNTA CAB.CILINDRO ZANELLA ZB110/VENTO 3V 02ZA1700 JUNTAS ALFA,0,2186.887329,MOTOR,ZANELLA,ZB110
1563/00640-627,JUNTA CAB.CILINDRO ZANELLA ZR250 REFRIG.AGUA JUNTAS ALFA,0,8533.995327,MOTOR,ZANELLA,UNIVERSAL
1565/00026-627,JUNTA CARTER GILERA SMASH x5UNID. 13HO1010 JUNTAS ALFA,0,4835.803599,MOTOR,GILERA,SMASH
1565/00027-627,JUNTA CARTER GILERA VC150 x5UNID. 12GI1110 JUNTAS ALFA,0,6478.539408000001,MOTOR,GILERA,UNIVERSAL
1565/00050-627,JUNTA CARTER GILERA YL150 x5UNID. 12GI1210 JUNTAS ALFA,0,6478.539408000001,MOTOR,GILERA,UNIVERSAL
1565/00250-627,JUNTA CARTER HONDA CBX TWISTER 250cc x5u. 12HO5610 JUNTAS ALFA,0,7932.351141,MOTOR,HONDA,TWISTER
1565/00085-627,JUNTA CARTER HONDA ELITE 125 2014ADx5UNID.12HO1510 JUNTAS ALFA,0,6478.539408000001,MOTOR,HONDA,125
1565/00100-627,JUNTA CARTER HONDA TITAN 150 x5UNID. 12HO2110 JUNTAS ALFA,0,6478.539408000001,MOTOR,HONDA,TITAN
1565/00090-627,JUNTA CARTER HONDA TITAN 2000 x5UNID. 12HO1910 JUNTAS ALFA,0,6478.539408000001,MOTOR,HONDA,TITAN
1565/00140-627,JUNTA CARTER MOTOMEL PITBULL 200 x5UNID.12MO1310 JUNTAS ALFA,0,6478.539408000001,MOTOR,MOTOMEL,200
1565/00008-627,JUNTA CARTER MOTOMEL SIRIUS 200 x 5unid. 12MO2310 JUNTAS ALFA,0,6478.539408000001,MOTOR,MOTOMEL,200
1565/00570-627,JUNTA CARTER SUZUKI AX100/115x5U. 12SU1310 JUNTAS ALFA,0,6478.539408000001,MOTOR,SUZUKI,AX100
1565/00040-524,JUNTA CARTER ZANELLA  50 V3 x20unid. DENVER,0,448.376148,MOTOR,ZANELLA,50
1567/00100-627,JUNTA EMBRAGUE GILERA YL150/ZAN.CUSTOMx10 11GI1210 JUNTAS ALFA,0,6205.434543,MOTOR,GILERA,UNIVERSAL
1567/00110-627,JUNTA EMBRAGUE GILERA/HONDA/ZAN.110 x10u. 11HO1010 JUNTAS ALFA,0,4693.669497000001,MOTOR,HONDA,110
1567/00124-627,JUNTA EMBRAGUE HONDA ELITE 125 2014ADx10U.11HO1510 JUNTAS ALFA,0,5119.170111,MOTOR,HONDA,125
1567/00120-627,JUNTA EMBRAGUE HONDA TITAN 2000 x10u. 11HO1910 JUNTAS ALFA,0,5119.170111,MOTOR,HONDA,TITAN
1567/00164-627,JUNTA EMBRAGUE HONDA TWITER 250 2017AD X 10UNID JUNTAS ALFA,0,10858.469094,MOTOR,HONDA,250
1567/00030-524,JUNTA EMBRAGUE JUKI DRIBBLING x20unid. DENVER,0,856.1957580000001,MOTOR,,UNIVERSAL
1259/00010-533,JUNTA FILTRO DE AIRE CICLOMEJOR,0,5.312142,MOTOR,,UNIVERSAL
1572/00006-627,JUNTA MOTOR APPIA BERZA 150CC. C/ORING 01AP1120 JUNTAS ALFA,0,7059.895524,MOTOR,APPIA,UNIVERSAL
1571/00255-627,JUNTA MOTOR BAJAJ BOXER 150 01BA1800 JUNTAS ALFA,0,4681.9377,MOTOR,BAJAJ,BOXER 150
1571/00012-627,JUNTA MOTOR BAJAJ DOMINAR 400D.90MM 01BA1700 JUNTAS ALFA,0,20755.518894,MOTOR,BAJAJ,DOMINAR
1571/00014-627,JUNTA MOTOR BAJAJ N250 FI250CC 01 BA 22 00 JUNTAS ALFA,0,12759.980706,MOTOR,BAJAJ,UNIVERSAL
1571/00540-627,JUNTA MOTOR BAJAJ ROUSER 135cc. 01BA1000 JUNTAS ALFA,0,4537.37295,MOTOR,BAJAJ,ROUSER
1571/00256-627,JUNTA MOTOR BAJAJ ROUSER 150 S/ORING 01BA1500 JUNTAS ALFA,0,4681.9377,MOTOR,BAJAJ,ROUSER
1571/00550-627,JUNTA MOTOR BAJAJ ROUSER 150cc. 01BA1100 JUNTAS ALFA,0,7353.288459,MOTOR,BAJAJ,ROUSER
1571/00551-038,JUNTA MOTOR BAJAJ ROUSER 150cc. 58.5MM FS-20-207 NSU,3.796013447709254,0,MOTOR,BAJAJ,ROUSER
1571/00257-627,JUNTA MOTOR BAJAJ ROUSER 160NS S/ORING 01BA1600 JUNTAS ALFA,0,4681.9377,MOTOR,BAJAJ,ROUSER
1571/00560-627,JUNTA MOTOR BAJAJ ROUSER 180cc. 01BA1200 JUNTAS ALFA,0,7353.288459,MOTOR,BAJAJ,ROUSER
1571/00530-627,JUNTA MOTOR BAJAJ ROUSER 200/220 01BA1300 JUNTAS ALFA,0,7353.288459,MOTOR,BAJAJ,ROUSER
1571/00600-627,JUNTA MOTOR BAJAJ ROUSER 200NS 01BA1400 JUNTAS ALFA,0,12774.309768,MOTOR,BAJAJ,ROUSER
1571/00011-627,JUNTA MOTOR BAJAJ ROUSER NS125 DIAM.53.5 01BA2100 JUNTAS ALFA,0,4954.581918000001,MOTOR,BAJAJ,ROUSER
1572/00004-627,JUNTA MOTOR BAJAJ ROUSER NS200 01BA1420 JUNTAS ALFA,0,14168.570625,MOTOR,BAJAJ,NS200 / ROUSER
1571/00009-627,JUNTA MOTOR BENELLI TNT 150 DIAM.57.5 01BN1000 JUNTAS ALFA,0,5119.170111,MOTOR,BENELLI,150
1572/00014-627,JUNTA MOTOR BENELLI TNT150 C/ORING 01BN1020 JUNTAS ALFA,0,5881.158657,MOTOR,BENELLI,TNT150
1571/00005-627,JUNTA MOTOR BETA 150-GUERRERO GMX150 01BE1300 JUNTAS ALFA,0,4710.546819,MOTOR,BETA,150
1572/00010-627,JUNTA MOTOR BETA BK150-G.GMX150 C/ORING 01BE1320 JUNTAS ALFA,0,5881.158657,MOTOR,BETA,UNIVERSAL
1571/00098-627,JUNTA MOTOR BETA CHRONO 250 01BE1400 JUNTAS ALFA,0,10858.812129,MOTOR,BETA,250
1572/00490-627,JUNTA MOTOR BETA CHRONO/MOTARD250 C/ORING 01BE1420 JUNTAS ALFA,0,12558.697569,MOTOR,BETA,UNIVERSAL
1571/00007-627,JUNTA MOTOR BETA TR/MOTARD/CHRONO 200CC 01BE1000 JUNTAS ALFA,0,7353.288459,MOTOR,BETA,UNIVERSAL
1572/00015-627,JUNTA MOTOR BETA TR/MOTARD/CHRONO 200CC 01BE1020 JUNTAS ALFA,0,8654.18499,MOTOR,BETA,UNIVERSAL
1571/00008-627,JUNTA MOTOR CORVEN TOURING 250/MOTOMEL 01MO2500 JUNTAS ALFA,0,23699.50407,MOTOR,CORVEN,250
1572/00013-627,JUNTA MOTOR CORVEN TRX250 C/ORING 01JW1220 JUNTAS ALFA,0,11745.91044,MOTOR,CORVEN,UNIVERSAL
1571/00411-627,JUNTA MOTOR CUATRICICLO GFORCE 250 01MO2100 JUNTAS ALFA,0,12764.03832,MOTOR,,250
1572/00150-627,JUNTA MOTOR CUSTOM 200 C/ORING 01MO1120 JUNTAS ALFA,0,6206.434244999999,MOTOR,,200
1571/00020-056,JUNTA MOTOR DAELIM NSU,1.283401595519367,0,MOTOR,,UNIVERSAL
1571/00025-524,JUNTA MOTOR DEI IMT/IMX DENVER,0,77.72193,MOTOR,,UNIVERSAL
1571/00030-524,JUNTA MOTOR DEI ZADINA RIZATTO DENVER,0,79.535115,MOTOR,,UNIVERSAL
1571/00580-627,JUNTA MOTOR GILERA FR X300 CANNIBAL 01GI3400 JUNTAS ALFA,0,12357.022392,MOTOR,GILERA,UNIVERSAL
1571/00059-627,JUNTA MOTOR GILERA FX 125 01GI1400 JUNTAS ALFA,0,3527.144676,MOTOR,GILERA,125
1572/00060-627,JUNTA MOTOR GILERA FX125 C/ORING 01GI1420 JUNTAS ALFA,0,4400.472581999999,MOTOR,GILERA,UNIVERSAL
1572/00016-627,JUNTA MOTOR GILERA G1-HONDA NX250 C/ORING 01GI3120 JUNTAS ALFA,0,11178.804978,MOTOR,GILERA,UNIVERSAL
1571/00057-627,JUNTA MOTOR GILERA MOTARD 200 01GI1600 JUNTAS ALFA,0,5119.170111,MOTOR,GILERA,200
1572/00080-627,JUNTA MOTOR GILERA MOTARD 200 C/ORING 01GI1620 JUNTAS ALFA,0,6206.434244999999,MOTOR,GILERA,200
1572/00074-627,JUNTA MOTOR GILERA MOTARD 200 C/ORING 01GI1670 JUNTAS ALFA,0,6206.434244999999,MOTOR,GILERA,200
1572/00065-627,JUNTA MOTOR GILERA QM125T/SUPER125C/ORING 01GI1820 JUNTAS ALFA,0,7059.895524,MOTOR,GILERA,UNIVERSAL
1571/00058-627,JUNTA MOTOR GILERA SAHEL 200/ZANELLA/MONDI01GI1500 JUNTAS ALFA,0,5119.170111,MOTOR,GILERA,SAHEL 200
1572/00017-627,JUNTA MOTOR GILERA SAHEL MATERIAL FAF 01GI1570 JUNTAS ALFA,0,6206.434244999999,MOTOR,GILERA,UNIVERSAL
1572/00070-627,JUNTA MOTOR GILERA SAHEL/ZAN.ZT200-MOTARD01GI1520 JUNTAS ALFA,0,6206.434244999999,MOTOR,GILERA,UNIVERSAL
1572/00029-627,JUNTA MOTOR GILERA SMASH 110 P83mmC/ORING01GI3020 JUNTAS ALFA,0,4402.295568,MOTOR,GILERA,SMASH
1572/00028-627,"JUNTA MOTOR GILERA SMASH C/OR P83/D53,50mm01GI2020 JUNTAS ALFA",0,4402.295568,MOTOR,GILERA,SMASH
1571/00054-627,"JUNTA MOTOR GILERA SMASH P83mm/Diam50,50mm01GI3000 JUNTAS ALFA",0,3527.144676,MOTOR,GILERA,SMASH
1571/00052-627,"JUNTA MOTOR GILERA SMASH P83mm/Diam53,50mm01GI2000 JUNTAS ALFA",0,3527.144676,MOTOR,GILERA,SMASH
1572/00020-627,JUNTA MOTOR GILERA SMASH-ZAN.ZB/LD 01GI1020 C/O JUNTAS ALFA,0,4402.295568,MOTOR,GILERA,SMASH
1571/00064-627,JUNTA MOTOR GILERA SMASH-ZANELLA ZB 01GI1000 JUNTAS ALFA,0,3527.144676,MOTOR,GILERA / ZANELLA,SMASH
1571/00055-627,JUNTA MOTOR GILERA SMX/MOTARD 200 01GI1650 JUNTAS ALFA,0,5119.170111,MOTOR,GILERA,200
1572/00094-627,JUNTA MOTOR GILERA SMX400 C/ORINGS 01GI3320 JUNTAS ALFA,0,14193.661185,MOTOR,GILERA,UNIVERSAL
1572/00064-627,JUNTA MOTOR GILERA SUPER125C/RPMC/ORING01GI1720 JUNTAS ALFA,0,7059.895524,MOTOR,GILERA,UNIVERSAL
1571/00072-627,JUNTA MOTOR GILERA VC 125 01GI1350 JUNTAS ALFA,0,5119.170111,MOTOR,GILERA,VC 125
1571/00061-627,JUNTA MOTOR GILERA VC 125-MOTOMEL CG125 01GI1300 JUNTAS ALFA,0,5119.170111,MOTOR,GILERA / HONDA,CG125
1571/00328-627,JUNTA MOTOR GILERA VC 150/MOTOMEL 150 01GI1150 JUNTAS ALFA,0,5119.170111,MOTOR,GILERA,VC 150
1572/00052-627,JUNTA MOTOR GILERA VC125 MATERIAL FAF 01GI1370 JUNTAS ALFA,0,6206.434244999999,MOTOR,GILERA,UNIVERSAL
1572/00050-627,JUNTA MOTOR GILERA VC125/MOTOMEL CG 01GI1320C/ORI JUNTAS ALFA,0,6206.434244999999,MOTOR,GILERA / HONDA,CG
1572/00032-627,JUNTA MOTOR GILERA VC150 01GI1170 JUNTAS ALFA,0,6206.434244999999,MOTOR,GILERA,UNIVERSAL
1572/00030-627,JUNTA MOTOR GILERA VC150-ZAN.RX150 C/ORING01GI1120 JUNTAS ALFA,0,6206.434244999999,MOTOR,GILERA,RX150
1571/00063-627,JUNTA MOTOR GILERA VC150-ZAN.RX150-DAKAR 01GI1100 JUNTAS ALFA,0,5119.170111,MOTOR,GILERA,RX150
1572/00034-627,JUNTA MOTOR GILERA VCR200 C/ORING 01GI3220 JUNTAS ALFA,0,11745.91044,MOTOR,GILERA,UNIVERSAL
1572/00048-627,JUNTA MOTOR GILERA YL 275 C/ORING 01GI3520 JUNTAS ALFA,0,8533.995327,MOTOR,GILERA,UNIVERSAL
1571/00397-627,JUNTA MOTOR GILERA YL150 01GI1250 JUNTAS ALFA,0,5119.170111,MOTOR,GILERA,UNIVERSAL
1572/00045-627,JUNTA MOTOR GILERA YL150 C/ORING 01GI1920 JUNTAS ALFA,0,6478.539408000001,MOTOR,GILERA,UNIVERSAL
1572/00047-627,JUNTA MOTOR GILERA YL150 C/ORING MAT.FAF 01GI1270 JUNTAS ALFA,0,6198.583644,MOTOR,GILERA,UNIVERSAL
1571/00062-627,JUNTA MOTOR GILERA YL150-ZAN.CUSTOM 01GI1200 JUNTAS ALFA,0,5119.170111,MOTOR,GILERA,UNIVERSAL
1572/00040-627,JUNTA MOTOR GILERA YL150-ZAN.CUSTOMC/ORING01GI1220 JUNTAS ALFA,0,6206.434244999999,MOTOR,GILERA,UNIVERSAL
1571/00213-627,JUNTA MOTOR GUERRERO G50 D:42 PASO:75mm 01GE1200 JUNTAS ALFA,0,3527.144676,MOTOR,,UNIVERSAL
1571/00071-056,JUNTA MOTOR GUERRERO M80 NSU,1.668422074175176,0,MOTOR,,UNIVERSAL
1572/00073-627,JUNTA MOTOR GUERRERO TRIP 110 C/ORING 01GE2020 JUNTAS ALFA,0,4402.295568,MOTOR,,110
1571/00073-627,"JUNTA MOTOR GUERRERO TRIP 110 D54,5 P83 01GE2000 JUNTAS ALFA",0,3527.144676,MOTOR,,110
1571/00013-627,JUNTA MOTOR HERO DASH 110 D.51MM 01HE1000 JUNTAS ALFA,0,7911.122175,MOTOR,HERO,110
1571/00077-627,JUNTA MOTOR HERO HUNK 200R D.71MM 01HE1100 JUNTAS ALFA,0,7917.973074,MOTOR,HERO,UNIVERSAL
1572/00082-627,JUNTA MOTOR HERO HUNK 200R D.71MM 01HE1120 JUNTAS ALFA,0,8533.995327,MOTOR,HERO,UNIVERSAL
1572/00103-627,JUNTA MOTOR HONDA BIZ 125 C/ORING 01HO1220 JUNTAS ALFA,0,7059.895524,MOTOR,HONDA,BIZ
1572/00102-627,JUNTA MOTOR HONDA BIZ 125 S/ORING 01HO1200 JUNTAS ALFA,0,5877.326466,MOTOR,HONDA,BIZ
1571/00083-627,JUNTA MOTOR HONDA BIZ-WAVE 01HO1100 JUNTAS ALFA,0,4340.921706000001,MOTOR,HONDA,WAVE
1572/00100-627,JUNTA MOTOR HONDA BIZ-WAVE C/ORING 01HO1120 JUNTAS ALFA,0,5297.822739000001,MOTOR,HONDA,WAVE
1571/00089-627,JUNTA MOTOR HONDA CB TWISTER 250 2017...01HO6000 JUNTAS ALFA,0,11400.925041,MOTOR,HONDA,TWISTER 250
1571/00121-627,JUNTA MOTOR HONDA CB1 125cc. 01HO2600 JUNTAS ALFA,0,5735.192364,MOTOR,HONDA,CB
1572/00121-627,JUNTA MOTOR HONDA CB1 125cc. c/ORING 01HO2620 JUNTAS ALFA,0,6478.539408000001,MOTOR,HONDA,CB
1571/00101-627,JUNTA MOTOR HONDA CB190 01HO2700 JUNTAS ALFA,0,9710.281944,MOTOR,HONDA,CB
1572/00101-627,JUNTA MOTOR HONDA CB190 C/ORING 01HO2720 JUNTAS ALFA,0,11179.000998,MOTOR,HONDA,CB
1571/00088-627,JUNTA MOTOR HONDA CG125 01HO2000 JUNTAS ALFA,0,5119.170111,MOTOR,HONDA,CG125
1572/00105-627,JUNTA MOTOR HONDA CG125 TODAY/TITAN C/OR 01HO2020 JUNTAS ALFA,0,6206.434244999999,MOTOR,HONDA,CG125 / TITAN
1572/00086-627,JUNTA MOTOR HONDA CR125 1992/99 01HO2320 JUNTAS ALFA,0,11178.804978,MOTOR,HONDA,UNIVERSAL
1572/00088-627,JUNTA MOTOR HONDA CR125 2000/02 01HO2420 JUNTAS ALFA,0,11178.804978,MOTOR,HONDA,UNIVERSAL
1571/00105-055,JUNTA MOTOR HONDA DIO 50 NSU,1.50042482294653,0,MOTOR,HONDA,50
1571/00105-056,JUNTA MOTOR HONDA DIO 50 NSU,1.500418204845791,0,MOTOR,HONDA,50
1571/00081-627,JUNTA MOTOR HONDA ECONO C90 01HO1000 JUNTAS ALFA,0,3527.144676,MOTOR,HONDA,C90
1572/00087-627,JUNTA MOTOR HONDA ELITE 125 2015AD 01HO1520 JUNTAS ALFA,0,7059.895524,MOTOR,HONDA,125
1571/00112-056,JUNTA MOTOR HONDA ELITE 50 NSU,1.5034132976084,0,MOTOR,HONDA,50
1571/00114-056,JUNTA MOTOR HONDA ELITE 80 NSU,1.668422074175176,0,MOTOR,HONDA,80
1571/00156-627,JUNTA MOTOR HONDA FAN 125 01HO2900 JUNTAS ALFA,0,5119.170111,MOTOR,HONDA,FAN 125
1571/00610-627,JUNTA MOTOR HONDA NEW WAVE 110S 01HO1300 JUNTAS ALFA,0,4570.902171,MOTOR,HONDA,WAVE110
1572/00260-627,JUNTA MOTOR HONDA NEW WAVE 110S C/ORING 01HO1320 JUNTAS ALFA,0,5281.396263000001,MOTOR,HONDA,WAVE110
1571/00126-627,JUNTA MOTOR HONDA NIGHTHAWK 250 C/ORING 01MO1720 JUNTAS ALFA,0,8533.995327,MOTOR,HONDA,250
1571/00145-056,JUNTA MOTOR HONDA NX125 NSU,5.394668711699314,0,MOTOR,HONDA,UNIVERSAL
1572/00092-627,JUNTA MOTOR HONDA NX150-CBX150 C/ORING 01HO4020 JUNTAS ALFA,0,6206.434244999999,MOTOR,HONDA,CB
1571/00092-627,JUNTA MOTOR HONDA NX150-CBX150 S/ORING 01HO4000 JUNTAS ALFA,0,4710.546819,MOTOR,HONDA,CB
1571/00154-627,JUNTA MOTOR HONDA NX400 D2004 01HO5700 JUNTAS ALFA,0,15575.16114,MOTOR,HONDA,UNIVERSAL
1572/00108-627,JUNTA MOTOR HONDA NX400 D2004 C/ORING 01HO5720 JUNTAS ALFA,0,17061.963039,MOTOR,HONDA,UNIVERSAL
1571/00152-627,JUNTA MOTOR HONDA NX400 H2003 01HO3700 JUNTAS ALFA,0,15575.16114,MOTOR,HONDA,UNIVERSAL
1572/00107-627,JUNTA MOTOR HONDA NX400 H2003 C/ORING 01HO3720 JUNTAS ALFA,0,17061.963039,MOTOR,HONDA,UNIVERSAL
1572/00130-627,JUNTA MOTOR HONDA STORM/V MEN 125 C/ORING 01HO2920 JUNTAS ALFA,0,6206.434244999999,MOTOR,HONDA,STORM 125
1571/00159-627,JUNTA MOTOR HONDA TITAN 150/ CB INVICTA 01HO2100 JUNTAS ALFA,0,5877.326466,MOTOR,HONDA,TITAN
1572/00120-627,JUNTA MOTOR HONDA TITAN 150/INVICTA C/OR 01HO2120 JUNTAS ALFA,0,6478.539408000001,MOTOR,HONDA,TITAN
1571/00158-627,JUNTA MOTOR HONDA TITAN 2000 125CC 01HO1900 JUNTAS ALFA,0,5119.170111,MOTOR,HONDA,TITAN
1572/00110-627,JUNTA MOTOR HONDA TITAN 2000/FAN C/ORING 01HO1920 JUNTAS ALFA,0,6206.434244999999,MOTOR,HONDA,TITAN
1572/00104-627,JUNTA MOTOR HONDA TWISTER/TORNADO C/ORING 01HO5620 JUNTAS ALFA,0,13551.881904,MOTOR,HONDA,TWISTER
1571/00086-627,JUNTA MOTOR HONDA TWISTER250/TORNADO 01HO5600 JUNTAS ALFA,0,12037.137354,MOTOR,HONDA,TORNADO
1572/00091-627,JUNTA MOTOR HONDA XR125 C/ORING 01HO1820 JUNTAS ALFA,0,6478.539408000001,MOTOR,HONDA,XR
1572/00109-627,JUNTA MOTOR HONDA XR250 (87al 95) C/ORING 01HO5420 JUNTAS ALFA,0,15141.780522,MOTOR,HONDA,XR
1571/00195-627,JUNTA MOTOR HONDA XR250 96/99 01HO5500 JUNTAS ALFA,0,13732.837767,MOTOR,HONDA,XR
1572/00083-627,JUNTA MOTOR HONDA XR250 AÑO 87-95 C/ORING 01HO5420 JUNTAS ALFA,0,16030.358784,MOTOR,HONDA,XR
1572/00084-627,JUNTA MOTOR HONDA XR250 AÑO 96-99 C/ORING 01HO5520 JUNTAS ALFA,0,15141.780522,MOTOR,HONDA,XR
1572/00089-627,JUNTA MOTOR HONDA XR600 01HO5920 JUNTAS ALFA,0,18786.890034,MOTOR,HONDA,XR
1571/00590-627,JUNTA MOTOR HONDA XRE300 01HO5800 JUNTAS ALFA,0,13152.128517,MOTOR,HONDA,XRE
1571/00185-627,JUNTA MOTOR JAWA 250/CORVEN/GILERA 250 01JW1200 JUNTAS ALFA,0,10269.134964,MOTOR,GILERA,250
1572/00188-627,JUNTA MOTOR JAWA 300 C/BALANC.C/ORING 01JW1420 JUNTAS ALFA,0,11178.804978,MOTOR,,300
1571/00181-627,JUNTA MOTOR JAWA 300 S/BALANC.S/ORING 01JW1300 JUNTAS ALFA,0,9712.144134,MOTOR,,300
1571/00184-627,JUNTA MOTOR JAWA 350 C/BALANC.S/ORING 01JW1600 JUNTAS ALFA,0,9712.144134,MOTOR,,UNIVERSAL
1572/00183-627,JUNTA MOTOR JAWA 350 S/BALANC.C/ORING 01JW1520 JUNTAS ALFA,0,11178.804978,MOTOR,,UNIVERSAL
1571/00183-627,JUNTA MOTOR JAWA 350 S/BALANC.S/ORING 01JW1500 JUNTAS ALFA,0,9712.144134,MOTOR,,UNIVERSAL
1571/00190-056,JUNTA MOTOR JUKI DRIBBLING NSU,1.338404521041625,0,MOTOR,,UNIVERSAL
1571/00205-084,JUNTA MOTOR KAWASAKI GTO110 NSU,1.338404521041625,0,MOTOR,KAWASAKI,UNIVERSAL
1571/00204-056,JUNTA MOTOR KAWASAKI KE 100 NSU,1.54008191462324,0,MOTOR,KAWASAKI,100
1572/00570-627,JUNTA MOTOR KAYAK 150 C/ORING 01KK1020 JUNTAS ALFA,0,6206.434244999999,MOTOR,,150
1571/00570-627,JUNTA MOTOR KAYAK 150CC 01KK1000 JUNTAS ALFA,0,4835.803599,MOTOR,,UNIVERSAL
1572/00221-627,JUNTA MOTOR KELLER 260 K2 RACING C/ORING 01KE2220 JUNTAS ALFA,0,6160.251933,MOTOR,KELLER,UNIVERSAL
1571/00221-627,JUNTA MOTOR KELLER 260 K2 RACING/NAKED 01KE2200 JUNTAS ALFA,0,5154.071472000001,MOTOR,KELLER,UNIVERSAL
1571/00230-524,JUNTA MOTOR KINETIC 60 DENVER,0,79.535115,MOTOR,,UNIVERSAL
1571/00232-627,JUNTA MOTOR KTM DUKE 200 01KT1100 JUNTAS ALFA,0,12774.309768,MOTOR,,200
1571/00096-627,JUNTA MOTOR MONDIAL EX 150K 01MD1200 JUNTAS ALFA,0,5735.192364,MOTOR,MONDIAL,UNIVERSAL
1572/00096-627,JUNTA MOTOR MONDIAL EX150K C/ORING 01MD1220 JUNTAS ALFA,0,7059.895524,MOTOR,MONDIAL,UNIVERSAL
1571/00248-627,JUNTA MOTOR MONDIAL FD200 01MD1400 JUNTAS ALFA,0,5119.170111,MOTOR,MONDIAL,UNIVERSAL
1572/00138-627,JUNTA MOTOR MONDIAL RV125 C/ORING 01MD1120 JUNTAS ALFA,0,4402.295568,MOTOR,MONDIAL,UNIVERSAL
1571/00237-627,"JUNTA MOTOR MOTOMEL C110,BIT,ECO 01MO1000 JUNTAS ALFA",0,3527.144676,MOTOR,MOTOMEL,UNIVERSAL
1572/00140-627,"JUNTA MOTOR MOTOMEL C110,BIT,ECO C/ORING 01MO1020 JUNTAS ALFA",0,4402.295568,MOTOR,MOTOMEL,UNIVERSAL
1571/00236-084,JUNTA MOTOR MOTOMEL CUSTOM 125 KIT NSU,1.723424999697435,0,MOTOR,MOTOMEL,NS 125
1572/00147-627,JUNTA MOTOR MOTOMEL CUSTOM 150 MAT.FAF 01MO1570 JUNTAS ALFA,0,6206.434244999999,MOTOR,MOTOMEL,150
1571/00249-627,JUNTA MOTOR MOTOMEL CUSTOM 150 VARILLERO 01MO1550 JUNTAS ALFA,0,5119.170111,MOTOR,MOTOMEL,150
1571/00243-627,JUNTA MOTOR MOTOMEL CUSTOM VARILLERO 01MO1500 JUNTAS ALFA,0,5119.170111,MOTOR,MOTOMEL,UNIVERSAL
1571/00242-627,JUNTA MOTOR MOTOMEL DAKAR 200 CADENERO 01MO1400 JUNTAS ALFA,0,4710.546819,MOTOR,MOTOMEL,200
1572/00170-627,JUNTA MOTOR MOTOMEL DAKAR C/ORING 01MO1420 JUNTAS ALFA,0,5881.158657,MOTOR,MOTOMEL,UNIVERSAL
1571/00241-627,"JUNTA MOTOR MOTOMEL ECO,MAX 70,DAX70 01MO1200 JUNTAS ALFA",0,3527.144676,MOTOR,MOTOMEL,70
1572/00160-627,"JUNTA MOTOR MOTOMEL ECO,MONDIAL DAX70 01MO1220 JUNTAS ALFA",0,4402.295568,MOTOR,MOTOMEL,UNIVERSAL
1571/00171-627,JUNTA MOTOR MOTOMEL MOTARD 200 01MO2200 JUNTAS ALFA,0,5735.192364,MOTOR,MOTOMEL,200
1572/00171-627,JUNTA MOTOR MOTOMEL MOTARD 200 C/ORING 01MO2220 JUNTAS ALFA,0,7059.895524,MOTOR,MOTOMEL,200
1572/00175-627,JUNTA MOTOR MOTOMEL PITBULL-PHANTER C/OR 01MO1320 JUNTAS ALFA,0,11178.804978,MOTOR,MOTOMEL,UNIVERSAL
1572/00174-627,JUNTA MOTOR MOTOMEL SIRIUS 200 C/ORING 01MO2300 JUNTAS ALFA,0,5119.170111,MOTOR,MOTOMEL,200
1572/00165-627,JUNTA MOTOR MOTOMEL SIRIUS 200 C/ORING 01MO2320 JUNTAS ALFA,0,6206.434244999999,MOTOR,MOTOMEL,200
1571/00173-627,JUNTA MOTOR MOTOMEL SIRIUS 250 S/ORING 01MO2400 JUNTAS ALFA,0,10269.134964,MOTOR,MOTOMEL,250
1571/00520-627,JUNTA MOTOR MOTOMEL SKUA 01GI1550 JUNTAS ALFA,0,5119.170111,MOTOR,MOTOMEL,UNIVERSAL
1572/00144-627,JUNTA MOTOR MOTOMEL SKUA 250 CADENERA 01 MO 26 20 JUNTAS ALFA,0,6154.557552,MOTOR,MOTOMEL,SKUA 250
1571/00097-627,JUNTA MOTOR MOTOMEL SR200/SKUA 250 01GI3200 JUNTAS ALFA,0,10269.134964,MOTOR,MOTOMEL,SKUA 250
1572/00177-627,JUNTA MOTOR MOTOMEL VX 150 C/ORING 01MO1620 JUNTAS ALFA,0,7059.895524,MOTOR,MOTOMEL,150
1571/00252-627,JUNTA MOTOR MOTOMEL XPLORA 250 01MO1800 JUNTAS ALFA,0,5119.170111,MOTOR,MOTOMEL,250
1572/00179-627,JUNTA MOTOR MOTOMEL XPLORA 250 01MO1820 JUNTAS ALFA,0,6478.539408000001,MOTOR,MOTOMEL,250
1572/00167-627,JUNTA MOTOR SIRIUS 250 C/ORING 01MO2420 JUNTAS ALFA,0,11745.91044,MOTOR,,250
1571/00265-056,JUNTA MOTOR SUZUKI AD 50 NSU,1.723424999697435,0,MOTOR,SUZUKI,50
1571/00272-627,JUNTA MOTOR SUZUKI AX100/115 01SU1300 JUNTAS ALFA,0,3223.147059,MOTOR,SUZUKI,AX100
1571/00267-627,JUNTA MOTOR SUZUKI EN125 01SU1600 JUNTAS ALFA,0,4002.120738000001,MOTOR,SUZUKI,EN125
1572/00181-627,JUNTA MOTOR SUZUKI EN125 01SU1620 JUNTAS ALFA,0,4710.546819,MOTOR,SUZUKI,EN125
1571/00266-627,JUNTA MOTOR SUZUKI EN125/GN125 01SU1500 JUNTAS ALFA,0,4002.120738000001,MOTOR,SUZUKI,EN125 / GN125
1572/00178-627,JUNTA MOTOR SUZUKI EN125/GN125 C/ORING 01SU1520 JUNTAS ALFA,0,4710.546819,MOTOR,SUZUKI,EN125 / GN125
1572/00169-627,JUNTA MOTOR SUZUKI GIXXER 160 C/ORINGS 01SU1720 JUNTAS ALFA,0,7059.895524,MOTOR,SUZUKI,160
1571/00285-627,JUNTA MOTOR TVS RTR 160 BOCA 62.5MM 01TV1000 JUNTAS ALFA,0,8657.174295,MOTOR,TVS,160
1571/00287-627,JUNTA MOTOR TVS RTR 200 BOCA 66.5MM 01TV1100 JUNTAS ALFA,0,8657.174295,MOTOR,TVS,200
1572/00600-627,JUNTA MOTOR YAMAHA BANSHEE 350 C/ORING 01YA2420 JUNTAS ALFA,0,14698.353879,MOTOR,YAMAHA,UNIVERSAL
1571/00281-627,JUNTA MOTOR YAMAHA CRYPTON 110 01YA1200 JUNTAS ALFA,0,3223.147059,MOTOR,YAMAHA,CRYPTON
1571/00280-524,JUNTA MOTOR YAMAHA CRYPTON DENVER,0,415.2095640000001,MOTOR,YAMAHA,CRYPTON
1572/00180-627,JUNTA MOTOR YAMAHA CRYPTON110 01YA1220C/OR01YA1220 JUNTAS ALFA,0,3819.35169,MOTOR,YAMAHA,CRYPTON
1572/00153-627,JUNTA MOTOR YAMAHA FZ 16 C/ORING 01YA3320 JUNTAS ALFA,0,8533.995327,MOTOR,YAMAHA,FZ16
1571/00292-627,JUNTA MOTOR YAMAHA FZ/FI/FAZER 01YA3600 JUNTAS ALFA,0,7614.063666,MOTOR,YAMAHA,FZ
1572/00155-627,JUNTA MOTOR YAMAHA FZ/FI/FAZER 01YA3620 JUNTAS ALFA,0,8533.995327,MOTOR,YAMAHA,FZ
1571/00153-627,JUNTA MOTOR YAMAHA FZ16 01YA3300 JUNTAS ALFA,0,7614.063666,MOTOR,YAMAHA,FZ16
1571/00295-056,JUNTA MOTOR YAMAHA JOG 50 NSU,0.8800468083561371,0,MOTOR,YAMAHA,50
1572/00182-627,JUNTA MOTOR YAMAHA NEW CRYPTON 01YA1300 S/ORINGS JUNTAS ALFA,0,3223.147059,MOTOR,YAMAHA,CRYPTON
1572/00310-627,JUNTA MOTOR YAMAHA NEW CRYPTON 110C/ORING 01YA1320 JUNTAS ALFA,0,3819.35169,MOTOR,YAMAHA,CRYPTON
1571/00325-084,JUNTA MOTOR YAMAHA RX 125 NSU,0.8833029815890187,0,MOTOR,YAMAHA / ZANELLA,NS 125
1571/00325-056,JUNTA MOTOR YAMAHA RX 125 NSU,0.8833469838874725,0,MOTOR,YAMAHA / ZANELLA,NS 125
1571/00300-084,JUNTA MOTOR YAMAHA RX100 INDIA NSU,0.8433781913412981,0,MOTOR,YAMAHA,UNIVERSAL
1571/00340-524,JUNTA MOTOR YAMAHA V-80 DENVER,0,189.757161,MOTOR,YAMAHA,80
1571/00340-084,JUNTA MOTOR YAMAHA V-80 NSU,1.045055584922913,0,MOTOR,YAMAHA,80
1572/00349-627,JUNTA MOTOR YAMAHA XT225 C/ORING 01YA3520 JUNTAS ALFA,0,14098.385664,MOTOR,YAMAHA,UNIVERSAL
1571/00349-627,JUNTA MOTOR YAMAHA XT225 S/ORING 01YA3500 JUNTAS ALFA,0,12764.03832,MOTOR,YAMAHA,UNIVERSAL
1571/00345-524,JUNTA MOTOR YAMAHA YBR 125 DENVER,0,496.479456,MOTOR,YAMAHA,YBR125
1571/00346-627,JUNTA MOTOR YAMAHA YBR125 01YA2900 JUNTAS ALFA,0,3423.557907,MOTOR,YAMAHA,YBR125
1572/00190-627,JUNTA MOTOR YAMAHA YBR125 01YA2920 C/ORING JUNTAS ALFA,0,4002.120738000001,MOTOR,YAMAHA,YBR125
1572/00195-627,JUNTA MOTOR YAMAHA YBR250 01YA3220 JUNTAS ALFA,0,14698.353879,MOTOR,YAMAHA,YBR
1571/00347-627,JUNTA MOTOR YAMAHA YBR250/YS250 01YA3200 JUNTAS ALFA,0,12357.022392,MOTOR,YAMAHA,YBR
1571/00350-056,JUNTA MOTOR ZANELLA  50 V1/V3 NSU,1.411741755071303,0,MOTOR,ZANELLA,50
1571/00483-627,JUNTA MOTOR ZANELLA 200 Z MAX 01ZA2700 JUNTAS ALFA,0,12357.473238,MOTOR,ZANELLA,200
1571/00398-627,JUNTA MOTOR ZANELLA CECCATO 150 S/ORING JUNTAS ALFA,0,10269.134964,MOTOR,ZANELLA,150
1572/00476-627,JUNTA MOTOR ZANELLA PATAGONIA 250 C/ORING 01YA3420 JUNTAS ALFA,0,24215.948163,MOTOR,ZANELLA,250
1571/00099-627,JUNTA MOTOR ZANELLA RX 200 01ZA1800 JUNTAS ALFA,0,4835.803599,MOTOR,ZANELLA,200
1572/00099-627,JUNTA MOTOR ZANELLA RX 200 C/ORING 01ZA1820 JUNTAS ALFA,0,6206.434244999999,MOTOR,ZANELLA,200
1571/00395-627,JUNTA MOTOR ZANELLA SOL BUSINESS110 01ZA1600 JUNTAS ALFA,0,3527.144676,MOTOR,ZANELLA,SOL
1572/00220-627,JUNTA MOTOR ZANELLA SOL BUSINESS110 C/OR 01ZA1620 JUNTAS ALFA,0,4402.295568,MOTOR,ZANELLA,SOL
1571/00465-627,JUNTA MOTOR ZANELLA SOL/NEW FIRE 70CC 01ZA1400 JUNTAS ALFA,0,1532.729385,MOTOR,ZANELLA,SOL
1572/00479-627,JUNTA MOTOR ZANELLA STYLER 150 C/ORING 01ZA1920 JUNTAS ALFA,0,7059.895524,MOTOR,ZANELLA,STYLER 150
1572/00230-627,JUNTA MOTOR ZANELLA ZB110 3V/VENTO 01ZA1720 JUNTAS ALFA,0,4402.295568,MOTOR,ZANELLA,ZB110
1571/00510-627,JUNTA MOTOR ZANELLA ZB110/VENTO3V 01ZA1700 JUNTAS ALFA,0,3527.144676,MOTOR,ZANELLA,ZB110
1571/00630-627,JUNTA MOTOR ZANELLA ZR200 01ZA2500 JUNTAS ALFA,0,5736.045051,MOTOR,ZANELLA,UNIVERSAL
1571/00640-627,JUNTA MOTOR ZANELLA ZR250 REFRIG.AGUA JUNTAS ALFA,0,12357.022392,MOTOR,ZANELLA,UNIVERSAL
1575/00005-627,JUNTA SILENCIADOR BAJAJ NS200 x10UNID. 18BA1402 JUNTAS ALFA,0,13411.00233,MOTOR,BAJAJ,NS200
1575/00112-627,JUNTA SILENCIADOR HONDA TORNADO-AX100x50u.18YA1102 JUNTAS ALFA,0,20252.845206,MOTOR,HONDA,AX100
1575/00085-627,JUNTA SILENCIADOR MOTOS 110CC x50unid.33HO1002 JUNTAS ALFA,0,17336.998701,MOTOR,,UNIVERSAL
1575/00087-627,JUNTA SILENCIADOR MOTOS 125CC x50unid.34HO1902 JUNTAS ALFA,0,18790.467399,MOTOR,,UNIVERSAL
1575/00035-627,JUNTA SILENCIADOR SCOOTERS 35MO1601 JUNTAS ALFA,0,1055.459889,MOTOR,,UNIVERSAL
1575/00180-627,JUNTA SILENCIADOR STYLER125/VX150 x50u. 18MO1602 JUNTAS ALFA,0,15291.784827,MOTOR,ZANELLA,UNIVERSAL
1575/00127-627,JUNTA SILENCIADOR ZAN.SOL50/NEW FIRE x50u.18ZA1402 JUNTAS ALFA,0,13215.795813,MOTOR,,UNIVERSAL
1575/00122-627,JUNTA SILENCIADOR ZANELLA V3/DUE 50x50u. 18ZA1302 JUNTAS ALFA,0,13215.795813,MOTOR,ZANELLA,DUE
1574/00200-627,JUNTA TAPA CIL. COMPETICION 150CC 95HO2130 JUNTAS ALFA,0,4177.784061,MOTOR,,UNIVERSAL
1574/00190-627,JUNTA TAPA CIL. COMPETICION 150CC ESPESOR 1MM FAF JUNTAS ALFA,0,3223.862532,MOTOR,,UNIVERSAL
1574/00210-627,JUNTA TAPA CIL. COMPETICION 150CC. ESPESOR 0.40MM JUNTAS ALFA,0,4177.784061,MOTOR,,UNIVERSAL
1577/00004-627,JUNTA TAPA CIL. JAWA 300 C/S/BALANC. 05JW1304 JUNTAS ALFA,0,4835.803599,MOTOR,,300
1577/00006-627,JUNTA TAPA CIL. JAWA 350 C/S/BALANC. 05JW1504 JUNTAS ALFA,0,4835.803599,MOTOR,,UNIVERSAL
1577/00221-627,JUNTA TAPA CIL. KELLER 260 K2 RACING D:70 05KE2201 JUNTAS ALFA,0,1626.309333,MOTOR,KELLER,70
1577/00540-627,JUNTA TAPA CIL. ROUSER135 MONOLAMINAD57MM 05BA1004 JUNTAS ALFA,0,1919.947293,MOTOR,BAJAJ,ROUSER
1577/00570-627,JUNTA TAPA CIL. ROUSER200/220 MONOLAMD68MM05BA1304 JUNTAS ALFA,0,3223.862532,MOTOR,BAJAJ,ROUSER
1574/00010-627,JUNTA TAPA CIL.COMP.SMASH 0.30x75MM Ø50 95HO1030 JUNTAS ALFA,0,3696.15312,MOTOR,,SMASH
1574/00040-627,JUNTA TAPA CIL.COMP.SMASH 0.30x75MM Ø54 95GI1030 JUNTAS ALFA,0,3696.15312,MOTOR,,SMASH
1574/00100-627,JUNTA TAPA CIL.COMP.SMASH 0.30x83MM Ø52 95GI3030 JUNTAS ALFA,0,3696.15312,MOTOR,,SMASH
1574/00070-627,JUNTA TAPA CIL.COMP.SMASH 0.30x83MM Ø54 95GI2030 JUNTAS ALFA,0,3696.15312,MOTOR,,SMASH
1574/00080-627,JUNTA TAPA CIL.COMP.SMASH 0.40x83MM Ø54 95GI2040 JUNTAS ALFA,0,3696.15312,MOTOR,,SMASH
1574/00060-627,JUNTA TAPA CIL.COMP.SMASH 0.50x75MM Ø54 95GI1050 JUNTAS ALFA,0,3696.15312,MOTOR,,SMASH
1574/00130-627,JUNTA TAPA CIL.COMPETICION SMASH DIAM.51 95HO1010 JUNTAS ALFA,0,2186.887329,MOTOR,GILERA,SMASH
1574/00140-627,JUNTA TAPA CIL.COMPETICION SMASHDIAM.53.5 95GI1010 JUNTAS ALFA,0,2186.887329,MOTOR,GILERA,SMASH
1574/00150-627,JUNTA TAPA CIL.COMPETICION SMASHDIAM.54.5 95GI1410 JUNTAS ALFA,0,2186.887329,MOTOR,GILERA,SMASH
1577/00210-627,JUNTA TAPA CIL.IZQ. GIL/ZAN/110x10u. 09HO1010 JUNTAS ALFA,0,1057.518099,MOTOR,,UNIVERSAL
1577/00200-627,JUNTA TAPA CIL.IZQ.C/CDI GIL/ZAN/110x10u. 09GI1010 JUNTAS ALFA,0,1057.518099,MOTOR,,UNIVERSAL
1577/00580-627,JUNTA TAPA CIL.SUZUKI AX100/115 05SU1307 JUNTAS ALFA,0,1170.445221,MOTOR,SUZUKI,AX100
1577/00002-627,JUNTA TAPA CILINDRO BAJAJ ROUSER NS150cc05BA1504 JUNTAS ALFA,0,1919.947293,MOTOR,BAJAJ,ROUSER
1577/00043-627,JUNTA TAPA CILINDRO DAKAR200CADEN.DIAM.70 05MO1401 JUNTAS ALFA,0,1626.309333,MOTOR,,70
1577/00011-627,JUNTA TAPA CILINDRO GIL.SMASH 110 MAT.FAF 05GI3001 JUNTAS ALFA,0,1301.86683,MOTOR,,SMASH
1577/00018-627,JUNTA TAPA CILINDRO GIL.SUPER 125-QM125T 05GI1704 JUNTAS ALFA,0,1626.309333,MOTOR,,125
1577/00041-627,JUNTA TAPA CILINDRO GIL.VC150-ZAN.RX150 05HO2104 JUNTAS ALFA,0,1626.309333,MOTOR,,RX150
1577/00021-627,JUNTA TAPA CILINDRO GIL.YL150 05GI1101 JUNTAS ALFA,0,1626.309333,MOTOR,,UNIVERSAL
1577/00023-627,JUNTA TAPA CILINDRO GIL.YL150 MAT.FAF 05GI1901 JUNTAS ALFA,0,1626.309333,MOTOR,,UNIVERSAL
1577/00008-627,JUNTA TAPA CILINDRO GILERA FX125 05GI1401 JUNTAS ALFA,0,1301.86683,MOTOR,GILERA,UNIVERSAL
1577/00014-627,JUNTA TAPA CILINDRO GILERA-GUERRERO 83mm 05GI2001 JUNTAS ALFA,0,1301.86683,MOTOR,GILERA,UNIVERSAL
1577/00005-627,JUNTA TAPA CILINDRO GILERA-HONDA-BETA-ZAN.05GI1001 JUNTAS ALFA,0,1301.86683,MOTOR,HONDA,UNIVERSAL
1577/00073-627,JUNTA TAPA CILINDRO GUERR.TRIP 110 05GE2001 JUNTAS ALFA,0,1301.86683,MOTOR,,110
1577/00016-627,JUNTA TAPA CILINDRO GUERRERO MAGIC 05GE1001 JUNTAS ALFA,0,1301.86683,MOTOR,,UNIVERSAL
1577/00027-627,JUNTA TAPA CILINDRO HONDA BIZ 125 05HO1204 JUNTAS ALFA,0,1757.721141,MOTOR,HONDA,BIZ
1577/00025-627,JUNTA TAPA CILINDRO HONDA BIZ-BETA-ZAN. 05HO1105 JUNTAS ALFA,0,1971.27513,MOTOR,HONDA,BIZ
1577/00121-627,JUNTA TAPA CILINDRO HONDA CB1 125cc. D:54 05HO2604 JUNTAS ALFA,0,1919.947293,MOTOR,HONDA,CB
1577/00123-627,JUNTA TAPA CILINDRO HONDA NEW WAVE 05HO1304 JUNTAS ALFA,0,1919.947293,MOTOR,HONDA,WAVE
1577/00044-627,JUNTA TAPA CILINDRO HONDA NIGHTHAWK 250 05MO1704 JUNTAS ALFA,0,2956.922496000001,MOTOR,HONDA,250
1577/00042-627,JUNTA TAPA CILINDRO HONDA TITAN 150 05HO2204 JUNTAS ALFA,0,1757.721141,MOTOR,HONDA,TITAN
1577/00039-627,JUNTA TAPA CILINDRO HONDA TITAN-FAN-STORM 05HO1904 JUNTAS ALFA,0,1626.309333,MOTOR,HONDA,TITAN
1577/00009-627,JUNTA TAPA CILINDRO KAYAK 150 05KK1001 JUNTAS ALFA,0,1626.309333,MOTOR,,150
1577/00046-627,JUNTA TAPA CILINDRO MOTOMEL CUSTOM-BETA 05MO1101 JUNTAS ALFA,0,1626.309333,MOTOR,MOTOMEL,UNIVERSAL
1577/00058-627,JUNTA TAPA CILINDRO MOTOMEL SIRIUS 250CC 05MO2405 JUNTAS ALFA,0,6478.539408000001,MOTOR,MOTOMEL,UNIVERSAL
1577/00054-627,JUNTA TAPA CILINDRO MOTOMEL XPLORA 05MO1801 JUNTAS ALFA,0,1626.309333,MOTOR,MOTOMEL,UNIVERSAL
1577/00032-627,JUNTA TAPA CILINDRO TWISTER 250/TORNADO 05HO5605 JUNTAS ALFA,0,6620.222664000001,MOTOR,HONDA,TWISTER
1577/00048-627,JUNTA TAPA CILINDRO YAM.CRYPTON MONOLAMINA05YA1204 JUNTAS ALFA,0,1626.309333,MOTOR,,CRYPTON
1577/00049-627,JUNTA TAPA CILINDRO YAM.RX125 MONOLAMINA 05YA1904 JUNTAS ALFA,0,1470.24801,MOTOR,,UNIVERSAL
1577/00153-627,JUNTA TAPA CILINDRO YAMAHA FZ16 05YA3304 JUNTAS ALFA,0,2956.922496000001,MOTOR,YAMAHA,FZ16
1577/00051-627,JUNTA TAPA CILINDRO YAMAHA YBR125 MONOLAM.05YA2904 JUNTAS ALFA,0,1626.309333,MOTOR,YAMAHA,YBR125
1577/00120-627,JUNTA TAPA CILINDRO ZANELLA ZB110/VENTO3V 05ZA1701 JUNTAS ALFA,0,1301.86683,MOTOR,ZANELLA,ZB110
1567/00121-627,JUNTA TAPA DE EMBRAGUE HONDA CB1 125cc11HO2610x10u JUNTAS ALFA,0,5880.992039999999,MOTOR,HONDA,CB
1567/00153-627,JUNTA TAPA DE EMBRAGUE YAMAHA FZ 16 x10u.11YA3310 JUNTAS ALFA,0,11460.11328,MOTOR,YAMAHA,FZ16
1567/00650-627,JUNTA TAPA DER.TRANSMISION ZANELLA STYLER150x10U. JUNTAS ALFA,0,5119.170111,MOTOR,ZANELLA,UNIVERSAL
1567/00320-627,JUNTA TAPA EMB. BAJAJ ROUSER NS200  x10u. 11BA1410 JUNTAS ALFA,0,9390.279294,MOTOR,BAJAJ,NS200 / ROUSER
1567/00330-627,JUNTA TAPA EMB. HONDA NEW WAVE x10u. 11HO1310 JUNTAS ALFA,0,5880.992039999999,MOTOR,HONDA,WAVE
1567/00360-627,JUNTA TAPA EMB. SUZUKI EN 125 x10u. 11SU1610 JUNTAS ALFA,0,5880.992039999999,MOTOR,SUZUKI,125
1567/00280-627,JUNTA TAPA EMB.HONDA NX400 x10UNID. 11HO3710 JUNTAS ALFA,0,11460.11328,MOTOR,HONDA,UNIVERSAL
1567/00560-627,JUNTA TAPA EMB.ROUSER 150/180/200/220x10 11BA1310 JUNTAS ALFA,0,6911.802414000001,MOTOR,,ROUSER
1567/00290-627,JUNTA TAPA EMB.SUZUKI EN125 x10UNID.11SU1510 JUNTAS ALFA,0,5880.992039999999,MOTOR,SUZUKI,EN125
1567/00558-627,JUNTA TAPA EMBRAG.BAJAJROUSER NS150x10UNID11BA1510 JUNTAS ALFA,0,6911.802414000001,MOTOR,BAJAJ,ROUSER
1567/00540-627,JUNTA TAPA EMBRAGUE BAJAJ ROUSER 135x10u. 11BA1010 JUNTAS ALFA,0,5880.992039999999,MOTOR,BAJAJ,ROUSER
1567/00140-627,JUNTA TAPA EMBRAGUE CG150/FAN/ZANRX150x10u11HO2910 JUNTAS ALFA,0,5186.934225,MOTOR,HONDA,CG150 / RX150
1567/00150-627,JUNTA TAPA EMBRAGUE CUSTOM-BETA BK150x10u.11MO1110 JUNTAS ALFA,0,5880.992039999999,MOTOR,BETA,UNIVERSAL
1567/00131-627,JUNTA TAPA EMBRAGUE HONDA BIZ125x10u. 11HO1210 JUNTAS ALFA,0,5880.992039999999,MOTOR,HONDA,BIZ
1567/00362-627,JUNTA TAPA EMBRAGUE HONDA CB190 11HO2710 x10unid. JUNTAS ALFA,0,9390.240090000001,MOTOR,HONDA,CB
1567/00210-627,JUNTA TAPA EMBRAGUE HONDA CG150x10u.13HO2110 JUNTAS ALFA,0,5735.192364,MOTOR,HONDA,CG150
1567/00115-627,JUNTA TAPA EMBRAGUE TWISTER250/TORNADOx10u11HO5610 JUNTAS ALFA,0,6911.802414000001,MOTOR,HONDA,TWISTER
1567/00610-627,JUNTA TAPA EMBRAGUE YAM.NEWCRYPTON110x10u.13YA1310 JUNTAS ALFA,0,5119.170111,MOTOR,,CRYPTON
1567/00240-627,JUNTA TAPA EMBRAGUE YAMAHA CRYPTONx10u.13YA1210 JUNTAS ALFA,0,5119.170111,MOTOR,YAMAHA,CRYPTON
1567/00250-627,JUNTA TAPA EMBRAGUE YAMAHA YBR125x10u.13YA2910 JUNTAS ALFA,0,5119.170111,MOTOR,YAMAHA,YBR125
1567/00128-627,JUNTA TAPA IZQ. YAMAHA NEW CRYPTON x10u.11YA1310 JUNTAS ALFA,0,3696.15312,MOTOR,YAMAHA,CRYPTON
1567/00570-627,JUNTA TAPA LAT IZQ ROUSER150/180/200x10u.13BA1310 JUNTAS ALFA,0,6205.434543,MOTOR,BAJAJ,ROUSER
1567/00162-627,JUNTA TAPA LAT. IZQ.HONDA CB TWISTER250 2017ADX10U JUNTAS ALFA,0,6198.113196,MOTOR,HONDA,TWISTER
1567/00380-627,JUNTA TAPA LAT.IZQ BAJAJ ROUSER NS200 x10 13BA1410 JUNTAS ALFA,0,9390.279294,MOTOR,BAJAJ,NS200 / ROUSER
1567/00390-627,JUNTA TAPA LAT.IZQ HONDA WAVE NF110 x10u. 13HO1310 JUNTAS ALFA,0,5735.192364,MOTOR,HONDA,WAVE
1567/00550-627,JUNTA TAPA LAT.IZQ. BAJAJ ROUSER 135x10u. 13BA1010 JUNTAS ALFA,0,4400.472581999999,MOTOR,BAJAJ,ROUSER
1567/00559-627,JUNTA TAPA LAT.IZQ.BAJAJ ROUSER 150x10UNID13BA1510 JUNTAS ALFA,0,4400.472581999999,MOTOR,BAJAJ,ROUSER
1567/00230-627,JUNTA TAPA LAT.IZQ.CUSTOM-BETA BK150x10u. 13MO1110 JUNTAS ALFA,0,3696.15312,MOTOR,BETA,UNIVERSAL
1567/00220-627,JUNTA TAPA LAT.IZQ.FAN/GILVC150/RX150x10u.13HO2910 JUNTAS ALFA,0,3696.15312,MOTOR,,RX150
1567/00180-627,JUNTA TAPA LAT.IZQ.GIL.YL150-Z.CUSTOMx10u 13GI1210 JUNTAS ALFA,0,3696.15312,MOTOR,,UNIVERSAL
1567/00190-627,JUNTA TAPA LAT.IZQ.GIL/HONDA/ZAN110x10u.13HO1110 JUNTAS ALFA,0,3191.69565,MOTOR,HONDA,UNIVERSAL
1567/00300-627,JUNTA TAPA LAT.IZQ.HONDA NX400 x10UNID.13HO3710 JUNTAS ALFA,0,8702.641134,MOTOR,HONDA,UNIVERSAL
1567/00200-627,JUNTA TAPA LAT.IZQ.HONDA TITAN 2000 x10u. 13HO1910 JUNTAS ALFA,0,3696.15312,MOTOR,HONDA,TITAN
1567/00392-627,JUNTA TAPA LAT.IZQ.HONDA XR200/NX200/CBX200/NX150 JUNTAS ALFA,0,5735.192364,MOTOR,HONDA,XR
1567/00310-627,JUNTA TAPA LAT.IZQ.SUZUKI EN125 x10UNID.13SU1510 JUNTAS ALFA,0,3696.15312,MOTOR,SUZUKI,EN125
1567/00125-627,JUNTA TAPA LAT.IZQ.TWISTER250/TORNADOx10u.13HO5610 JUNTAS ALFA,0,4400.472581999999,MOTOR,,TWISTER
1567/00160-627,JUNTA TAPA LAT.IZQ.YAMAHA CRYPTON 110x10u.11YA1210 JUNTAS ALFA,0,3696.15312,MOTOR,YAMAHA,CRYPTON
1567/00170-627,JUNTA TAPA LAT.IZQ.YAMAHA YBR125x10u. 11YA2910 JUNTAS ALFA,0,3696.15312,MOTOR,YAMAHA,YBR125
1567/00123-627,JUNTA TAPA LATERAL IZQ. HONDA BIZ 125x10U.09HO1210 JUNTAS ALFA,0,1448.509392,MOTOR,HONDA,BIZ
1567/00129-627,JUNTA TAPA LATERAL IZQ. HONDA BIZ125 x10u.13HO1210 JUNTAS ALFA,0,5735.192364,MOTOR,HONDA,BIZ
1567/00122-627,JUNTA TAPA LATERAL IZQ. HONDA CB1 125 x10 13HO2610 JUNTAS ALFA,0,5735.192364,MOTOR,HONDA,CB 125
1567/00025-627,JUNTA TAPA LATERAL IZQ.GIL.YL 150 x10UNID.13GI1910 JUNTAS ALFA,0,4227.974982,MOTOR,,150
1567/00138-627,JUNTA TAPA LATERAL IZQ.H.CG125/TITANx10u.13HO2010 JUNTAS ALFA,0,3696.15312,MOTOR,,CG125 / TITAN
1567/00364-627,JUNTA TAPA LATERAL IZQ.HONDA CB190 13HO2710 x10U JUNTAS ALFA,0,8221.872680999999,MOTOR,HONDA,CB
1567/00130-627,JUNTA TAPA LATERAL IZQ.HONDA CG150x10u.11HO2110 JUNTAS ALFA,0,3696.15312,MOTOR,HONDA,CG150
1567/00154-627,JUNTA TAPA LATERAL IZQUIERDA YAM.FZ16x10u.13YA3310 JUNTAS ALFA,0,8217.775862999999,MOTOR,,FZ16
1259/00030-533,JUNTA TAPA SUPERIOR CARBURADOR x10unid. CICLOMEJOR,0,55.140426,MOTOR,,UNIVERSAL
1578/00002-627,JUNTA TAPA VALVULA APPIA BREZZA/JAWA JUNTAS ALFA,0,1919.947293,MOTOR,APPIA,UNIVERSAL
1578/00001-627,JUNTA TAPA VALVULA BAJAJ ROUSER 135 10BA1015 JUNTAS ALFA,0,3731.054481,MOTOR,BAJAJ,ROUSER
1578/00004-627,JUNTA TAPA VALVULA BAJAJ ROUSER NS150/160 JUNTAS ALFA,0,4879.124019,MOTOR,BAJAJ,ROUSER
1578/00003-627,JUNTA TAPA VALVULA BAJAJ ROUSER NS200/RS200 JUNTAS ALFA,0,8501.28939,MOTOR,BAJAJ,NS200 / ROUSER / RS200
1578/00040-627,JUNTA TAPA VALVULA GIL/HONDA/ZAN.110x10u. 07HO1010 JUNTAS ALFA,0,1057.518099,MOTOR,HONDA,UNIVERSAL
1578/00050-627,JUNTA TAPA VALVULA GILERA YL275 10GI3515 JUNTAS ALFA,0,5447.709432,MOTOR,GILERA,UNIVERSAL
1578/00080-627,JUNTA TAPA VALVULA H.250CBXTWISTER/TORNADO10HO5615 JUNTAS ALFA,0,6020.617085999999,MOTOR,,TWISTER
1578/00090-627,JUNTA TAPA VALVULA HONDA CB1 125cc. 10HO2615 JUNTAS ALFA,0,1919.947293,MOTOR,HONDA,CB
1578/00052-627,JUNTA TAPA VALVULA HONDA CB190 10HO2715 JUNTAS ALFA,0,2386.063251,MOTOR,HONDA,CB
1578/00010-627,JUNTA TAPA VALVULA HONDA CG150 10HO2115 JUNTAS ALFA,0,1919.947293,MOTOR,HONDA,CG150
1578/00054-627,JUNTA TAPA VALVULA HONDA NEW WAVE 110 10HO1315 JUNTAS ALFA,0,8501.534415,MOTOR,HONDA,WAVE110
1578/00070-627,JUNTA TAPA VALVULA HONDA NX400 10HO3704 JUNTAS ALFA,0,2956.922496000001,MOTOR,HONDA,UNIVERSAL
1578/00030-627,JUNTA TAPA VALVULA HONDA TITAN-GIL.125 10HO1915 JUNTAS ALFA,0,1301.86683,MOTOR,HONDA,TITAN
1578/00088-627,JUNTA TAPA VALVULA HONDA TWISTER 250 2017ADELANTE JUNTAS ALFA,0,11189.01762,MOTOR,HONDA,TWISTER
1577/00085-627,JUNTA TAPA VALVULA NIGHTHAWK 250/OTRAS250 10MO1715 JUNTAS ALFA,0,5447.709432,MOTOR,,S2 250
1578/00100-627,JUNTA TAPA VALVULA YAMAHA FZ16 10YA3315 JUNTAS ALFA,0,1919.947293,MOTOR,YAMAHA,FZ16
1578/00060-627,JUNTA TAPA VALVULA ZAN.STYLER125/VX150 10GI1715 JUNTAS ALFA,0,1170.445221,MOTOR,,UNIVERSAL
1570/00100-627,JUNTA TRANSMICION HONDA ELITE 125 2014AD.x10UNID. JUNTAS ALFA,0,10858.469094,MOTOR,HONDA,NS 125
6020/00030-084,KAYAK 1 PERSONA (300x100CM) REFORZADO NSU,1162.378321880699,0,OTROS,,UNIVERSAL
6020/00020-084,KAYAK 2 PERSONAS (400x100CM) NSU,1259.254499347878,0,OTROS,,UNIVERSAL
6020/00040-084,KAYAK 2 PERSONAS (400x100CM) REFORZADO NSU,1646.623401491161,0,OTROS,,UNIVERSAL
1001/01600-138,KIT ACOPLES RAPIDOS 1/4 MAQUINAS NEUMATICAS x6u .,14.76915153672237,0,OTROS,,UNIVERSAL
1537/00220-156,KIT ALINEADOR CADENA/CORONA/PIÑON NSU,9.946164403223877,0,TRANSMISIÓN,,UNIVERSAL
1437/00100-022,KIT ENGRANAJE DE ARRANQUE MOTOMEL SKUA/S2/S3 3PCS NSU,9.51647691653538,0,OTROS,MOTOMEL,UNIVERSAL
1537/00240-138,KIT EXTRACTOR DE RULEMAN .,25.94228634168091,0,HERRAMIENTAS,,UNIVERSAL
1537/00200-038,KIT EXTRACTOR VOLANTE MAGNETICO 10PZAS. NSU,36.17749820640081,0,HERRAMIENTAS,,UNIVERSAL
1537/00200-156,KIT EXTRACTOR VOLANTE MAGNETICO 10PZAS. NSU,36.17927096974778,0,HERRAMIENTAS,,UNIVERSAL
2009/00040-022,KIT FARO AUX. 226X100 BA-15S AMBAR NSU,7.755412498638456,0,MOTOR,,UNIVERSAL
1707/00900-156,KIT ORINGS SURTIDOS 407 PZAS PULGADAS NSU,14.37453855924225,0,OTROS,,UNIVERSAL
1537/00340-138,KIT PALANCA PARA DESARMAR CUBIERTAS .,20.07445331638341,0,OTROS,,UNIVERSAL
1537/00338-138,KIT PALANCA PARA DESARMAR CUBIERTAS 22X6X300MM 12P .,4.477096829910279,0,OTROS,,UNIVERSAL
1537/00340-156,KIT PALANCA PARA DESARMAR CUBIERTAS NSU,20.07407541824341,0,OTROS,,UNIVERSAL
1537/00564-138,KIT PARA EMPARCHAR NEUMATICOS GRANDES/CAMARATARUGO .,3.097586428857422,0,OTROS,,UNIVERSAL
1537/00550-138,KIT PARA EMPARCHAR NEUMATICOS SIN CAMARA TARUGO .,2.6256291263031,0,OTROS,,UNIVERSAL
1537/00562-156,KIT PARA EMPARCHAR NEUMATICOS SIN CAMARA TARUGO NSU,2.637801903696899,0,OTROS,,UNIVERSAL
1298/00022-022,KIT PLASTICO DEL. GILERA SMASH NEGRO (8PZ) NSU,53.18579266919632,0,CARROCERÍA,GILERA,SMASH
1298/00020-022,KIT PLASTICOS COMPL. GILERA SMASH NEGRO (15PCS) NSU,139.6959302938156,0,CARROCERÍA,GILERA,SMASH
1298/00025-022,KIT PLASTICOS COMPL. HONDA BIZ 125 M/N NEGRO(13PZ) NSU,180.774085078125,0,CARROCERÍA,HONDA,BIZ
1298/00035-022,KIT PLASTICOS COMPL. HONDA CB125FTWISTER NEGRO 10P NSU,121.3140684989239,0,CARROCERÍA,HONDA,TWISTER
1298/00247-022,KIT PLASTICOS COMPL. HONDA CBX 250 NEGRO 9PZAS. NSU,102.8505783540962,0,CARROCERÍA,HONDA,CB 250
1298/00245-022,KIT PLASTICOS COMPL. HONDA CBX 250 ROJO 9PZAS. NSU,104.543541973938,0,CARROCERÍA,HONDA,CB 250
1298/00040-022,KIT PLASTICOS COMPL. HONDA CG150 NEGRO (9 PZAS) NSU,79.1947279288988,0,CARROCERÍA,HONDA,CG150
1298/00038-022,KIT PLASTICOS COMPL. HONDA CG150 NEW NEGRO 10PZS NSU,108.4737940083504,0,CARROCERÍA,HONDA,CG150
1298/00038-038,KIT PLASTICOS COMPL. HONDA CG150 NEW NEGRO 10PZS NSU,108.4794282,0,CARROCERÍA,HONDA,CG150
1298/00042-022,KIT PLASTICOS COMPL. HONDA CG150 ROJO (9 PZAS) NSU,89.98796596849537,0,CARROCERÍA,HONDA,CG150
1298/00200-022,KIT PLASTICOS COMPL. HONDA STORM GRIS OSCURO(9PIEZ NSU,97.7038378354464,0,CARROCERÍA,HONDA,UNIVERSAL
1298/00047-150,KIT PLASTICOS COMPL. HONDA TITAN 150 AZUL 6 PZAS. CROMOFORTE,50.87970897690125,0,CARROCERÍA,HONDA,TITAN
1298/00045-150,KIT PLASTICOS COMPL. HONDA TITAN 150 NEGRO 6 PZAS. CROMOFORTE,39.82087148125019,0,CARROCERÍA,HONDA,TITAN
1298/00046-150,KIT PLASTICOS COMPL. HONDA TITAN 150 ROJO 6 PZAS. CROMOFORTE,50.87970897690125,0,CARROCERÍA,HONDA,TITAN
1298/00508-038,KIT PLASTICOS COMPL. HONDA WAVE 110S 11PCS BLANCO NSU,149.3374839035562,0,CARROCERÍA,HONDA,WAVE110
1298/00508-022,KIT PLASTICOS COMPL. HONDA WAVE 110S 11PCS BLANCO NSU,149.3375457224934,0,CARROCERÍA,HONDA,WAVE110
1298/00507-022,KIT PLASTICOS COMPL. HONDA WAVE 110S 11PCS NEGRO NSU,149.326810875,0,CARROCERÍA,HONDA,WAVE110
1298/00506-022,KIT PLASTICOS COMPL. HONDA WAVE 110S 11PCS ROJO NSU,149.3274234375,0,CARROCERÍA,HONDA,WAVE110
1298/00506-038,KIT PLASTICOS COMPL. HONDA WAVE 110S 11PCS ROJO NSU,149.3374839035562,0,CARROCERÍA,HONDA,WAVE110
1298/00500-022,KIT PLASTICOS COMPL. HONDA WAVE M/N NEGRO 13PCS NSU,141.6889475819962,0,CARROCERÍA,HONDA,WAVE
1298/00250-022,KIT PLASTICOS COMPL. HONDA XR250 TORNADO B/N 9PZAS NSU,116.5109191888087,0,CARROCERÍA,HONDA,TORNADO
1298/00270-022,KIT PLASTICOS COMPL. HONDA XR250 TORNADO N/N 9PZAS NSU,116.5109191888087,0,CARROCERÍA,HONDA,TORNADO
1298/00530-022,KIT PLASTICOS COMPL. MOTOMEL FUSSION NEGRO 19PCS NSU,186.998164993515,0,CARROCERÍA,MOTOMEL,UNIVERSAL
1298/00306-022,KIT PLASTICOS COMPL. MOTOMEL SKUA 150 V6 AZUL 8PZ NSU,119.7887919005951,0,CARROCERÍA,MOTOMEL,SKUA150
1298/00306-038,KIT PLASTICOS COMPL. MOTOMEL SKUA 150 V6 AZUL 8PZ NSU,119.7881062551341,0,CARROCERÍA,MOTOMEL,SKUA150
1298/00302-038,KIT PLASTICOS COMPL. MOTOMEL SKUA 150 V6 BLANCO8PZ NSU,119.7881062551341,0,CARROCERÍA,MOTOMEL,SKUA150
1298/00302-022,KIT PLASTICOS COMPL. MOTOMEL SKUA 150 V6 BLANCO8PZ NSU,119.7887919005951,0,CARROCERÍA,MOTOMEL,SKUA150
1298/00300-038,KIT PLASTICOS COMPL. MOTOMEL SKUA 150 V6 NEGRO 8PZ NSU,119.7881062551341,0,CARROCERÍA,MOTOMEL,SKUA150
1298/00300-022,KIT PLASTICOS COMPL. MOTOMEL SKUA 150 V6 NEGRO 8PZ NSU,119.7887919005951,0,CARROCERÍA,MOTOMEL,SKUA150
1298/00304-038,KIT PLASTICOS COMPL. MOTOMEL SKUA 150 V6 ROJO 8PZ NSU,119.7881062551341,0,CARROCERÍA,MOTOMEL,SKUA150
1298/00304-022,KIT PLASTICOS COMPL. MOTOMEL SKUA 150 V6 ROJO 8PZ NSU,119.7887919005951,0,CARROCERÍA,MOTOMEL,SKUA150
1298/00690-022,KIT PLASTICOS COMPL. YAMAHA FZ16 AZUL (14 PIEZAS) NSU,155.0134920284996,0,CARROCERÍA,YAMAHA,FZ16
1298/00675-566,KIT PLASTICOS COMPL. YAMAHA FZ16 NEGRO (11 PIEZAS) VC,0,262903.405941,CARROCERÍA,GILERA / YAMAHA,FZ16
1298/00680-022,KIT PLASTICOS COMPL. YAMAHA FZ16 NEGRO (14 PIEZAS) NSU,175.6784696594859,0,CARROCERÍA,YAMAHA,FZ16
1298/00670-022,KIT PLASTICOS COMPL. YAMAHA FZ16 ROJO (14 PIEZAS) NSU,155.0134920284996,0,CARROCERÍA,YAMAHA,FZ16
1298/00695-022,KIT PLASTICOS COMPL. YAMAHA XTZ 125 AZUL (7 PZAS) NSU,88.38006779868503,0,CARROCERÍA,YAMAHA,XTZ125
1298/00699-022,KIT PLASTICOS COMPL. YAMAHA XTZ 125 BLANCO (7 PZAS NSU,88.36664624286928,0,CARROCERÍA,YAMAHA,XTZ125
1298/00697-022,KIT PLASTICOS COMPL. YAMAHA XTZ 125 NEGRO (7 PZAS) NSU,88.36664624286928,0,CARROCERÍA,YAMAHA,XTZ125
1298/00600-022,KIT PLASTICOS COMPL. YAMAHA YBR125 NEGRO (9PIEZAS) NSU,97.74236258283004,0,CARROCERÍA,YAMAHA,YBR125
1298/00060-022,KIT PLASTICOS HONDA NXR 125/SKUA ROJO 8P) NSU,105.0034731331164,0,CARROCERÍA,HONDA,XR 125
1298/00050-022,KIT PLASTICOS HONDA NXR125/SKUA NEGRO (8P) NSU,105.0139900300198,0,CARROCERÍA,HONDA,XR
1537/00290-138,KIT REMACHADORA CADENA DE DISTRIBUCION .,9.510558332351305,0,TRANSMISIÓN,,UNIVERSAL
1304/01000-634,KIT REPARACION CASCOS ZENTUS (SOPORTES/TUERCAS/ARA ZENTUS,0,25.67862,TORNILLERÍA Y FIJACIONES,,UNIVERSAL
1304/00910-086,KIT REPARACION PARA CASCO INTEGRAL YM822 YEMA,3.531096183355177,0,OTROS,,UNIVERSAL
1832/00100-022,KIT REPARACION VALVULAS/BALANCIN MOTOR 110CC. NSU,8.05852169069561,0,MOTOR,,UNIVERSAL
1867/00071-515,KIT REPARACION VARILLA DE FRENO UNIVERSAL BUHO,0,1415.048778,OTROS,,UNIVERSAL
1537/00548-156,KIT REPARACIONES DE CUBIERTA 14 PIEZAS NSU,0.3833210282464599,0,OTROS,,UNIVERSAL
1001/01500-566,KIT REPUESTOS PULSADOR 819/820 VC,0,3552.813495,OTROS,GILERA,UNIVERSAL
1357/01151-068,"KIT TRANSM.CAD 420-112L Z36/13 YAMAHA V80,DX100 UNIBEAR",12.68734148713428,0,TRANSMISIÓN,YAMAHA,UNIVERSAL
1357/00310-128,KIT TRANSM.CAD 428-110L Z37/15 YAMAHA CRYPTON 100 .,11.89202856684494,0,TRANSMISIÓN,YAMAHA,CRYPTON
1357/00290-128,KIT TRANSM.CAD 428-118L Z42/14 SUZUKI AX100 .,12.671762308041,0,TRANSMISIÓN,SUZUKI,AX100
1357/00002-128,KIT TRANSM.CAD 428-118L Z43/15 HONDA CG125 TODAY .,12.94401570929661,0,TRANSMISIÓN,HONDA,CG125
1357/21191-128,KIT TRANSM.CAD 428-118L Z45/14 YAMAHA YBR125 2004 .,13.48852251180782,0,TRANSMISIÓN,YAMAHA,YBR125
1357/21159-128,KIT TRANSM.CAD 428-118L Z47/14 YAMAHA XTZ .,13.68454496071186,0,TRANSMISIÓN,YAMAHA,UNIVERSAL
1357/21698-138,KIT TRANSM.CAD 428-130 Z40/14 YAMAHA FZ16 .,14.25373755153923,0,TRANSMISIÓN,YAMAHA,FZ16
1357/21700-128,KIT TRANSM.CAD 428-132L Z40/14 YAMAHA FZ16 .,13.37308706967545,0,TRANSMISIÓN,YAMAHA,FZ16
1357/00308-138,KIT TRANSM.CAD 428-98 Z37/15 YAMAHA CRYPTON .,11.76114847206803,0,TRANSMISIÓN,YAMAHA,CRYPTON
1615/53112-017,LAMP.    6V  15W DEL CICLO C/PLATILLO AMBAR YAMASIDA,0.4766920211929075,0,LUBRICANTES,,UNIVERSAL
1621/22110-017,LAMP.    6V 15W  (523) YAMASIDA,0.1833430850741952,0,LUBRICANTES,,UNIVERSAL
1615/53110-053,LAMP.    6V 15W DEL CICLOMOTOR GK,0.4216890956706491,0,LUBRICANTES,,UNIVERSAL
1621/22133-053,LAMP.   12V 15W  (533) BLUE GK,0.2016773935816147,0,LUBRICANTES,,UNIVERSAL
1621/22133-017,LAMP.   12V 15W  (533) BLUE YAMASIDA,0.2016773935816147,0,LUBRICANTES,,UNIVERSAL
1621/22135-017,LAMP.   12V 15W  (533) VERDE YAMASIDA,0.2016773935816147,0,LUBRICANTES,,UNIVERSAL
1617/21363-017,LAMP.   24V 10W AZUL (71) YAMASIDA,0.1650087765667757,0,LUBRICANTES,,UNIVERSAL
1617/21365-017,LAMP.   24V 10W VERDE (71) YAMASIDA,0.1650087765667757,0,LUBRICANTES,,UNIVERSAL
1621/22150-017,LAMP.   24V 15W (529) YAMASIDA,0.3350044872856442,0,LUBRICANTES,,UNIVERSAL
1619/32080-017,"LAMP.   24V T4,5X8  PELITO YAMASIDA",0.1675022436428221,0,OTROS,,UNIVERSAL
1615/44110-017,LAMP.   6V 21/21CP YAMASIDA,0.4033547871632294,0,OTROS,,UNIVERSAL
1619/31572-017,LAMP.  12V 32/4CP C/IMP AMBAR YAMASIDA,0.3483518616409709,0,OTROS,,UNIVERSAL
1619/09140-053,LAMP.  24V  3W   (2841) GK,0.1320070212534205,0,OTROS,,UNIVERSAL
1615/43210-017,LAMP.  24V 35W (1195) YAMASIDA,1.151658605541628,0,OTROS,,UNIVERSAL
1611/04120-017,LAMP.  6V 1.2W PIOJITO YAMASIDA,0.1209972687848956,0,OTROS,,UNIVERSAL
1615/46110-017,LAMP.  6V 32/32W YAMASIDA,0.4033547871632294,0,OTROS,,UNIVERSAL
1615/42120-053,LAMP.  6V15/15W DAX-HONDA GK,0.4033547871632294,0,LUBRICANTES,HONDA,UNIVERSAL
1619/31561-017,LAMP. 12V    32CP YELLOW YAMASIDA,0.3483518616409709,0,OTROS,,UNIVERSAL
1607/38100-017,LAMP. 12V 10/5W   2P-PD GARELLI YAMASIDA,0.1833430850741952,0,OTROS,,UNIVERSAL
1619/09190-053,LAMP. 12V 18W T15 CRISTAL GIRO CG GK,0.9529256846731297,0,OTROS,HONDA,CG
1615/42100-017,LAMP. 12V 25W SCUOO 1P YAMASIDA,0.3850204786558099,0,OTROS,,UNIVERSAL
1611/04150-053,LAMP. 12V 2W PIOJITO GK,0.1209976371580146,0,OTROS,,UNIVERSAL
1615/43170-053,LAMP. 12V 50CP (1195) GK,0.4033547871632294,0,OTROS,,UNIVERSAL
1617/12814-631,LAMP. 12V. 10W. PHILIPS,0,665.9583480000001,LUBRICANTES,,UNIVERSAL
1611/12913-631,LAMP. 12V. 2W T2W PHILIPS,0,1328.182515,OTROS,,UNIVERSAL
1615/55160-631,LAMP. 12V. 35/35W BOSCH S2 PHILIPS,0,5667.928101,OTROS,,UNIVERSAL
1615/55160-110,LAMP. 12V. 35/35W BOSCH S2 YAMASIDA,0.6049934407671261,0,OTROS,,UNIVERSAL
1611/12929-631,LAMP. 12V. 4W T4W PHILIPS,0,693.704979,OTROS,,UNIVERSAL
1617/12821-631,LAMP. 12V. 5W PHILIPS,0,758.0583450000001,OTROS,,UNIVERSAL
1619/12961-631,LAMP. 12V. 5W SIN CULOTE PHILIPS,0,502.340454,OTROS,,UNIVERSAL
1607/11499-631,LAMP. 12V. P21/5 2P P/D ULTINON PRO 3000 RED PHILIPS,0,43111.609695,OTROS,,UNIVERSAL
1607/12499-631,LAMP. 12V. P21/5W 2 POLOS P/D PHILIPS,0,980.7566669999999,OTROS,,UNIVERSAL
1621/11498-631,LAMP. 12V. P21W LED ULTINON PRO 3000 COOL WHITE X2 PHILIPS,0,43111.609695,OTROS,,UNIVERSAL
1621/11499-631,LAMP. 12V. P21W LED ULTINON PRO 3000 RED X2 PHILIPS,0,43111.609695,OTROS,,UNIVERSAL
1621/12498-631,LAMP. 12V. P21W PHILIPS,0,798.997122,OTROS,,UNIVERSAL
1619/12256-631,LAMP. 12V. W3W PHILIPS,0,674.161785,OTROS,,UNIVERSAL
1619/12990-631,LAMP. 12V. W5W LED ULTINON PRO3000 BLISTER X 2 PHILIPS,0,19440.567729,OTROS,,UNIVERSAL
1619/12962-631,LAMP. 12V. W5W WHITE VISION ULTRA BLISTER x 2 PHILIPS,0,6382.371996,OTROS,,UNIVERSAL
1619/12396-631,LAMP. 12V. WY5W AMBAR BLISTER X 2 PHILIPS,0,6203.729168999999,OTROS,,UNIVERSAL
1617/21300-110,LAMP. 2130 12V 10W G18 BA15S (67) YAMASIDA,0.1572977214830017,0,LUBRICANTES,,UNIVERSAL
1611/04160-017,LAMP. 24V 2W PIOJITO YAMASIDA,0.1209972687848956,0,OTROS,,UNIVERSAL
1611/05200-053,LAMP. 24V 4W (51) GK,0.1209972687848956,0,OTROS,,UNIVERSAL
1621/36210-110,LAMP. 3621 12V 21W (1141) S25 BA15S YAMASIDA,0.1792602914955139,0,OTROS,,UNIVERSAL
1607/38160-110,LAMP. 3816 12V 21/5W S25 BAY15D 2P-PD 1034=GK35160 YAMASIDA,0.2299023009370137,0,OTROS,,UNIVERSAL
1607/38164-110,LAMP. 3816R 12V 21/5W S25R BAY15D 2P/PD YAMASIDA,0.3024973380775451,0,OTROS,,UNIVERSAL
1579/12352-022,LAMP. DICRO 12 35 AMARILLO NSU,0.8800468083561371,0,OTROS,,UNIVERSAL
1579/12353-022,LAMP. DICRO 12 35 AZUL NSU,0.8800468083561371,0,OTROS,,UNIVERSAL
1579/12354-022,LAMP. DICRO 12 35 ROJO NSU,0.8800468083561371,0,OTROS,,UNIVERSAL
1579/12355-022,LAMP. DICRO 12 35 VERDE NSU,0.8800468083561371,0,OTROS,,UNIVERSAL
1579/12552-022,LAMP. DICRO 12 55 AMBAR NSU,0.8800468083561371,0,OTROS,,UNIVERSAL
1579/12553-022,LAMP. DICRO 12 55 AZUL NSU,0.8800468083561371,0,OTROS,,UNIVERSAL
1579/06200-022,LAMP. DICRO 6V 20W NSU,1.796762233727113,0,LUBRICANTES,,UNIVERSAL
1583/12259-631,LAMP. H1 12V. 55W. (12258) STANDARD PHILIPS,0,3851.263746000001,OTROS,,UNIVERSAL
1598/60600-631,LAMP. H11 12V 55W PGJ19-2 (12362) PHILIPS,0,20957.115663,OTROS,,UNIVERSAL
1589/12338-631,LAMP. H3 12V. 55W. CRYSTALVISION ULTRA xPACK PHILIPS,0,24543.438777,OTROS,,UNIVERSAL
1591/60130-053,LAMP. H4  PT43  24V  75/70W GK,1.210064361489688,0,OTROS,,UNIVERSAL
1591/60220-017,LAMP. H4  PT45  24V 130/90W YAMASIDA,1.246732978504527,0,OTROS,,UNIVERSAL
1591/60100-110,LAMP. H4 PT43  12V.35/35W YAMASIDA,1.02849731941824,0,OTROS,,UNIVERSAL
1591/12459-631,LAMP. H4 PT43 12V. 35/35W EXTRADUTY MOTOVISION PHILIPS,0,15256.04058,OTROS,,UNIVERSAL
1591/12344-631,LAMP. H4 PT43 12V. 60/55W BLUE VISION x1 PHILIPS,0,13321.823031,OTROS,,UNIVERSAL
1591/12342-631,LAMP. H4 PT43 12V. 60/55W STANDARD PHILIPS,0,3620.4894,OTROS,,UNIVERSAL
1591/60110-110,LAMP. H4 PT43 12V.60/55W 6011 YAMASIDA,0.7731996595659255,0,OTROS,,UNIVERSAL
1591/12341-631,LAMP. H4 PT43 12V.60/55W CRYSTAL VISION ULTRAxPACK PHILIPS,0,28049.648517,OTROS,,UNIVERSAL
1591/12347-631,LAMP. H4 PT43 X-TREME VISION 12V. 60/55W PHILIPS,0,13996.602279,OTROS,,UNIVERSAL
1591/12346-631,LAMP. H4 PT43X 12V.35/35W HS1 STANDARD PHILIPS,0,6640.902774,OTROS,,UNIVERSAL
1593/60230-110,LAMP. H5 P15D-25-1 12V 35/35 C/REFLECTOR YAMASIDA,0.6352493619832993,0,OTROS,,UNIVERSAL
1597/12973-631,LAMP. H7 12V 55W BLUE VISION PHILIPS,0,18315.706959,OTROS,,UNIVERSAL
1597/12960-110,LAMP. H7 12V. 35W STANDARD YAMASIDA,0.7537537772702431,0,OTROS,,UNIVERSAL
1597/12971-631,LAMP. H7 12V. 55W STANDARD PHILIPS,0,7439.400045,OTROS,,UNIVERSAL
1597/12976-631,LAMP. H7 12V.55W X-TREME VISION PHILIPS,0,28839.040659,OTROS,,UNIVERSAL
1593/65150-110,LAMP. HALOG.12V 35/35 T/BOSCH YAMASIDA,0.5252282466527939,0,OTROS,,UNIVERSAL
1601/90050-017,LAMP. HB3 12V 65W YAMASIDA,5.555295477748116,0,OTROS,,UNIVERSAL
1615/55169-631,LAMP. M5 12152ESC1 12V.35X35W BA20D (CULOTE S2) PHILIPS,0,4322.623239,OTROS,,UNIVERSAL
1593/60322-631,LAMP. M5 12153 BLUE VISION 12V. 35/35W P15D/25/1/C PHILIPS,0,6228.084654,OTROS,,UNIVERSAL
1593/60320-631,LAMP. M5 12153 ES 12V.35/35W P15D/25/1/C1 PHILIPS,0,3845.196927,OTROS,,UNIVERSAL
1589/60030-110,LAMP.6003 H3 PK-22S 12V  55W YAMASIDA,0.3024942640253234,0,OTROS,,UNIVERSAL
1619/09130-110,LAMP.913 12V 5W T10 W2.1 (2821) CRISTAL YAMASIDA,0.07259894837677001,0,OTROS,,UNIVERSAL
1583/60019-017,LAMP.H1 P14-5S 12V 130W YAMASIDA,0.7333723402967809,0,OTROS,,UNIVERSAL
1583/60020-017,LAMP.H1 P14-5S 24V  70W YAMASIDA,0.6050321807448441,0,OTROS,,UNIVERSAL
1583/60029-017,LAMP.H1 P14-5S 24V 100W YAMASIDA,0.7333723402967809,0,OTROS,,UNIVERSAL
1593/80030-076,LAMP.H5 P15D-25-112V.35/35W HIR ARCO IRIS AMARILL YAMASIDA,4.345231116258426,0,OTROS,,UNIVERSAL
1954/00210-128,LAMPARA H4 P43T 12V. SUPER LED .,2.8049403492,0,ELECTRICIDAD,,UNIVERSAL
1954/00020-074,LAMPARA LED 12V.1POLO BLANCAx2unid.18LED YAMASIDA,21.64833583180055,0,ELECTRICIDAD,,UNIVERSAL
1954/00024-074,LAMPARA LED 12V.1POLO ROJOx2unid.18LED YAMASIDA,21.64833583180055,0,ELECTRICIDAD,,UNIVERSAL
1954/00042-074,LAMPARA LED 12V.T10 x2UNIDADES AMBAR 28LED YAMASIDA,7.608738030579102,0,ELECTRICIDAD,,UNIVERSAL
1954/00043-074,LAMPARA LED 12V.T10 x2unidades AZUL 28LED YAMASIDA,7.608738030579102,0,ELECTRICIDAD,,UNIVERSAL
1954/00044-074,LAMPARA LED 12V.T10 x2unidades ROJO 28LED YAMASIDA,7.608738030579102,0,ELECTRICIDAD,,UNIVERSAL
1954/00035-074,LAMPARA LED 12V.T10 x2unidades VERDE 4LED YAMASIDA,4.070216488647134,0,ELECTRICIDAD,,UNIVERSAL
1954/00220-631,LAMPARA LED HS1 11636 12V.6W. PX43T-38 PHILIPS,0,21651.594921,ELECTRICIDAD,,UNIVERSAL
1954/11163-631,LAMPARA LED M5 11163 UEM 12V.6/6W PHILIPS,0,20171.781135,ELECTRICIDAD,,UNIVERSAL
1537/00350-138,LAPIZ MEDIDOR DE PRESION DE AIRE 100PSI x10UNID. .,11.9791498608799,0,OTROS,,UNIVERSAL
1620/01000-631,LED H4/HS1 PT43 11458 U1M 12V.4W. PHILIPS,0,13832.749161,OTROS,,UNIVERSAL
1620/01100-631,LED M5/T19 11163 U1M 12V 4.5W PHILIPS,0,10461.959838,OTROS,,UNIVERSAL
1950/05183-074,LEDS 53 CHATA AZUL SETx2PCS YAMASIDA,0.4950263297003271,0,OTROS,,UNIVERSAL
1950/05184-074,LEDS 53 CHATA ROJA SETx2PCS YAMASIDA,0.4950263297003271,0,OTROS,,UNIVERSAL
1950/05185-074,LEDS 53 CHATA VERDE SETx2PCS YAMASIDA,0.4950263297003271,0,OTROS,,UNIVERSAL
1620/09130-110,LEDS T10 5W SET x 2PZAS YAMASIDA,0.507467467616076,0,OTROS,,UNIVERSAL
1620/09134-074,LEDS T10 ROJO SETx2PCS YAMASIDA,0.7883752658190393,0,OTROS,,UNIVERSAL
1620/09142-074,LEDS T10-2 REDONDA AMARILLA SETx2PCS YAMASIDA,0.7792484528630405,0,OTROS,,UNIVERSAL
1620/09144-074,LEDS T10-2 REDONDA ROJA SETx2PCS YAMASIDA,0.4766920211929075,0,OTROS,,UNIVERSAL
1620/09150-074,LEDS T-10-7-B 5LEDS BLANCA SETx2PCS YAMASIDA,1.943436701786469,0,OTROS,,UNIVERSAL
1469/00031-566,LENTE FAROL DEL. GILERA FUT/MOTOMEL C110 VC,0,4116.792438,MOTOR,GILERA,UNIVERSAL
1469/00036-022,LENTE FAROL DEL. GILERA SMASH C/GIROS AMBAR x2JGOS NSU,5.160733625030137,0,MOTOR,GILERA,SMASH
1469/00033-536,LENTE FAROL DEL. GILERA SMASH/BIZ AF,0,3101.565654,MOTOR,GILERA,SMASH
1469/00033-566,LENTE FAROL DEL. GILERA SMASH/BIZ VC,0,2899.03779,MOTOR,GILERA,SMASH
1469/00032-566,LENTE FAROL DEL. HONDA WAVE CRISTAL VC,0,2899.018188,MOTOR,GILERA / HONDA,WAVE
1469/00065-566,LENTE FAROL DEL. YAMAHA CRYPTON VC,0,2899.018188,MOTOR,GILERA / YAMAHA,CRYPTON
1471/00103-566,LENTE FAROL GIRO DEL GILERA SMASH-BIZ D/I AMBAR VC,0,4130.425629,MOTOR,GILERA,SMASH
1471/00170-536,LENTE FAROL GIRO DEL. GILERA SMASH AMBAR xJGO. AF,0,3284.011269000001,MOTOR,GILERA,SMASH
1471/00172-536,LENTE FAROL GIRO DEL. GILERA SMASH CRISTAL xJGO. AF,0,3284.011269000001,MOTOR,GILERA,SMASH
1471/00160-566,LENTE FAROL GIRO DEL. GILERA SMASH/BIZ DER.AMBAR VC,0,2076.136029,MOTOR,GILERA,SMASH
1471/00162-566,LENTE FAROL GIRO DEL. GILERA SMASH/BIZ DER.CRISTAL VC,0,2076.14583,MOTOR,GILERA,SMASH
1471/00165-566,LENTE FAROL GIRO DEL. GILERA SMASH/BIZ IZQ.AMBAR VC,0,2076.14583,MOTOR,GILERA,SMASH
1471/00167-566,LENTE FAROL GIRO DEL. GILERA SMASH/BIZ IZQ.CRISTAL VC,0,2076.14583,MOTOR,GILERA,SMASH
1471/00104-566,LENTE FAROL GIRO DEL. GILERA SMASH-BIZ D/I CRISTAL VC,0,4130.425629,MOTOR,GILERA,SMASH
1471/00045-566,LENTE FAROL GIRO DEL. HONDA NEW WAVE DER. AMBAR VC,0,2245.89915,MOTOR,GILERA / HONDA,WAVE
1471/00047-566,LENTE FAROL GIRO DEL. HONDA NEW WAVE DER. CRISTAL VC,0,2234.03994,MOTOR,GILERA / HONDA,WAVE
1471/00046-566,LENTE FAROL GIRO DEL. HONDA NEW WAVE IZQ. AMBAR VC,0,2245.869747,MOTOR,GILERA / HONDA,WAVE
1471/00048-566,LENTE FAROL GIRO DEL. HONDA NEW WAVE IZQ. CRISTAL VC,0,2245.869747,MOTOR,GILERA / HONDA,WAVE
1471/00049-566,LENTE FAROL GIRO DEL. HONDA WAVE VC,0,1153.783521,MOTOR,GILERA / HONDA,WAVE
1471/00014-566,LENTE FAROL GIRO GARELLI VC,0,1107.856035,MOTOR,GILERA,UNIVERSAL
1471/00030-566,LENTE FAROL GIRO HONDA DAX A ROSCA C/ARO DE GOMA VC,0,1107.032751,MOTOR,GILERA / HONDA,UNIVERSAL
1471/00051-566,LENTE FAROL GIRO HONDA NEW WAVE DER.TRAS.AMBAR VC,0,2245.869747,MOTOR,GILERA / HONDA,WAVE
1471/00039-566,LENTE FAROL GIRO HONDA NEW WAVE DER.TRAS.CRISTAL VC,0,2245.928553,MOTOR,GILERA / HONDA,WAVE
1471/00042-566,LENTE FAROL GIRO HONDA NEW WAVE DER.TRAS.ROJO VC,0,2245.869747,MOTOR,GILERA / HONDA,WAVE
1471/00052-566,LENTE FAROL GIRO HONDA NEW WAVE IZQ.TRAS.AMBAR VC,0,2251.044675,MOTOR,GILERA / HONDA,WAVE
1471/00037-566,LENTE FAROL GIRO HONDA NEW WAVE IZQ.TRAS.CRISTAL VC,0,2245.928553,MOTOR,GILERA / HONDA,WAVE
1471/00043-566,LENTE FAROL GIRO HONDA NEW WAVE IZQ.TRAS.ROJO VC,0,2245.869747,MOTOR,GILERA / HONDA,WAVE
1471/00050-566,LENTE FAROL GIRO JUKI GIRO VC,0,1107.856035,MOTOR,GILERA,UNIVERSAL
1471/00055-566,LENTE FAROL GIRO MINI AMBAR VC,0,931.0851990000001,MOTOR,GILERA,UNIVERSAL
1471/00022-536,LENTE FAROL GIRO TRAS. GILERA SMASH CRISTAL X JGO. AF,0,3781.706049,MOTOR,GILERA,SMASH
1471/00024-536,LENTE FAROL GIRO TRAS. GILERA SMASH FUME X JGO. AF,0,3781.706049,MOTOR,GILERA,SMASH
1471/00102-566,LENTE FAROL GIRO TRAS. SMASH BIZ MOTOMEL D/I CRIST VC,0,4685.172030000001,MOTOR,GILERA / HONDA / MOTOMEL,SMASH
1471/00101-566,LENTE FAROL GIRO TRAS. SMASH-BIZ MOTOMEL D/I AMBAR VC,0,4685.172030000001,MOTOR,GILERA / MOTOMEL,SMASH
1471/00031-566,LENTE FAROL GIRO TRAS.SMASH-BIZ-MOTOMEL IZQ. AMBAR VC,0,2342.615418,MOTOR,GILERA,SMASH
1471/00033-566,LENTE FAROL GIRO TRAS.SMASH-BIZ-MOTOMEL IZQ.CRISTA VC,0,2342.615418,MOTOR,GILERA,SMASH
1471/00411-566,LENTE FAROL GIRO YAMAHA CRYPTON DEL. DER/IZQ VC,0,4152.301461,MOTOR,GILERA / YAMAHA,CRYPTON
1471/00410-566,LENTE FAROL GIRO YAMAHA CRYPTON DEL. IZQ. VC,0,2076.136029,MOTOR,GILERA / YAMAHA,CRYPTON
1471/00400-566,LENTE FAROL GIRO YAMAHA CRYPTON DEL.DER. VC,0,2076.136029,MOTOR,GILERA / YAMAHA,CRYPTON
1471/00451-566,LENTE FAROL GIRO YAMAHA CRYPTON TRAS. DER/IZQ VC,0,4685.221035,MOTOR,GILERA / YAMAHA,CRYPTON
1471/00440-566,LENTE FAROL GIRO YAMAHA CRYPTON TRAS.DER. VC,0,2342.595816,MOTOR,GILERA / YAMAHA,CRYPTON
1471/00450-566,LENTE FAROL GIRO YAMAHA CRYPTON TRAS.IZQ. VC,0,2342.595816,MOTOR,GILERA / YAMAHA,CRYPTON
1471/00453-566,LENTE FAROL GIRO YAMAHA YBR AMBAR VC,0,1153.783521,MOTOR,GILERA / YAMAHA,YBR
1471/00090-536,LENTE FAROL GIRO ZAN-CARGO-JUKI-DA DALT AMBAR AF,0,932.46714,MOTOR,,UNIVERSAL
1471/00060-536,LENTE FAROL GIRO ZAN-CARGO-JUKI-DA-DALT  FUME AF,0,932.46714,MOTOR,,UNIVERSAL
1471/00070-536,LENTE FAROL GIRO ZAN-CARGO-JUKI-DA-DALT FUME HUEVO AF,0,932.46714,MOTOR,,UNIVERSAL
1471/00460-566,LENTE FAROL GIRO ZANELLA RX150 AMBAR VC,0,1154.204964,MOTOR,GILERA / ZANELLA,RX150
1471/00461-566,LENTE FAROL GIRO ZANELLA RX150 CRISTAL VC,0,1154.224566,MOTOR,GILERA / ZANELLA,RX150
1473/00332-536,LENTE FAROL TRAS. GILERA SMASH CRISTAL AF,0,3101.565654,MOTOR,GILERA,SMASH
1473/00035-566,LENTE FAROL TRAS. GILERA SMASH CRISTAL VC,0,3475.611018,MOTOR,GILERA,SMASH
1473/00400-022,LENTE FAROL TRAS. GILERA SMASH CRISTAL/CRISTAL2KIT NSU,8.864298778199387,0,MOTOR,GILERA,SMASH
1473/00336-536,LENTE FAROL TRAS. GILERA SMASH FUME AF,0,3101.565654,MOTOR,GILERA,SMASH
1473/00334-536,LENTE FAROL TRAS. GILERA SMASH ROJO AF,0,3101.565654,MOTOR,GILERA,SMASH
1473/00401-022,LENTE FAROL TRAS. GILERA SMASH ROJO/AMBAR 2KIT NSU,7.480083953976059,0,MOTOR,GILERA,SMASH
1473/00039-566,LENTE FAROL TRAS. H.BIZ-MOTOMEL-ZANELLA ZB110 ROJO VC,0,3475.611018,MOTOR,GILERA,ZB110
1473/00042-566,LENTE FAROL TRAS. HONDA CG 150TITAN 2000/ZAN.RX150 VC,0,3475.611018,MOTOR,GILERA / HONDA,CG150 / RX150 / TITAN
1473/00040-566,LENTE FAROL TRAS. HONDA CG TODAY/AX M/NUEVO VC,0,1988.123049,MOTOR,GILERA / HONDA,CG
1473/00052-566,LENTE FAROL TRAS. HONDA DAX 70/MOTOMEL MAX 110 M/N VC,0,2324.650185,MOTOR,GILERA / HONDA,VC 110
1473/00050-566,LENTE FAROL TRAS. HONDA DAX VC,0,1806.490917,MOTOR,GILERA / HONDA,UNIVERSAL
1473/00065-566,LENTE FAROL TRAS. HONDA NEW WAVE ROJO VC,0,3317.599296,MOTOR,GILERA / HONDA,WAVE
1473/00057-057,LENTE FAROL TRAS. HONDA NH 100 REGENT,4.491905584317783,0,MOTOR,HONDA,100
1473/00058-566,LENTE FAROL TRAS. HONDA STORM 125 VC,0,3475.611018,MOTOR,GILERA / HONDA,STORM 125
1473/00100-566,LENTE FAROL TRAS. KENIA  JIALING VC,0,1991.778822,MOTOR,GILERA,UNIVERSAL
1473/00036-536,LENTE FAROL TRAS. MOTOMEL SKUA AF,0,3648.902499,MOTOR,MOTOMEL,UNIVERSAL
1473/00110-566,LENTE FAROL TRAS. SUZUKI AX115/AX100 VC,0,2081.820609,MOTOR,GILERA / SUZUKI,AX100
1473/00125-566,LENTE FAROL TRAS. YAMAHA CRYPTON VC,0,4011.64731,MOTOR,GILERA / YAMAHA,CRYPTON
1473/00135-566,LENTE FAROL TRAS. YAMAHA YBR VC,0,2652.993486,MOTOR,GILERA / YAMAHA,YBR
1473/00150-566,LENTE FAROL TRAS. ZANELLA  SOL VC,0,2234.412378,MOTOR,GILERA / ZANELLA,SOL
1473/00140-566,LENTE FAROL TRAS. ZANELLA VC,0,1107.02295,MOTOR,GILERA / ZANELLA,UNIVERSAL
1425/00010-022,LEVA COMPLETA EMBRAGUE HONDA CG 125 NSU,1.996504855047455,0,OTROS,HONDA,CG125
1425/00015-022,LEVA EMBRAGUE HONDA WAVE/WAVE 110S NSU,1.104709907793617,0,OTROS,HONDA,WAVE110
1503/00027-621,LEVA EXTERNA FRENO HONDA CG125/CG150 x 3unidades .,0,9897.843681,OTROS,HONDA,CG125 / CG150
1507/00024-038,LEVA EXTERNA FRENO TRAS. GILERA SMASH C/RESORTE NSU,0.9051174409755707,0,OTROS,GILERA,SMASH
1507/00023-038,LEVA EXTERNA FRENO TRAS. GILERA SMASH NSU,1.20998012237217,0,OTROS,GILERA,SMASH
1507/00100-038,LEVA EXTERNA FRENO TRAS. ZAN.RX150/HONDA STORM/CUS NSU,1.028502126186905,0,OTROS,HONDA,RX150
1507/00060-022,LEVA EXTERNA FRENO TRAS. ZX-810-5 CROMADO NSU,4.125219414169392,0,OTROS,,UNIVERSAL
1507/00070-022,LEVA EXTERNA FRENO TRAS. ZX-810-5 ROJO NSU,9.114259874379218,0,OTROS,,UNIVERSAL
1503/00090-038,LEVA EXTERNA YAMAHA FZ 16 NSU,1.803403606187439,0,OTROS,YAMAHA,FZ16
1503/00100-038,LEVA EXTERNA YAMAHA XTZ 125 NSU,1.057515657349205,0,OTROS,YAMAHA,XTZ125
1505/00021-038,LEVA INTERNA FRENO DEL UNIV.110cc/125/150 xUNID. NSU,1.258411615965843,0,OTROS,,NS 125
1505/00004-038,LEVA INTERNA FRENO DEL. GILERA SMASH NSU,0.9559111195498466,0,OTROS,GILERA,SMASH
1505/00020-621,LEVA INTERNA FRENO DEL. UNIV. 110cc./125/150 x 3u .,0,6526.103661,OTROS,,125
1509/00040-022,LEVA INTERNA FRENO TRAS. SUZUKI AX100 NSU,1.331013975717867,0,OTROS,SUZUKI,AX100
1509/00070-621,LEVA INTERNA FRENO TRAS. UNIV. 110cc./125/150 x 3u .,0,6860.788209,OTROS,,125
1241/00010-533,LEVA TRABA CEBADOR x10 unidades CICLOMEJOR,0,265.626702,TORNILLERÍA Y FIJACIONES,,UNIVERSAL
1537/00570-138,LEVANTA RESORTE DE VALVULAS KIT .,25.40988867422104,0,MOTOR,,UNIVERSAL
1555/00060-591,LIMITADOR RPM UNIVERSAL LARGADOR C/PULSADOR APOLO,0,69379.456014,OTROS,,UNIVERSAL
1001/00104-654,LIMPIA CADENAS x 150g 237 ml ARGOIL,0,3397.173615,TRANSMISIÓN,,UNIVERSAL
1001/00106-654,LIMPIA CARBURADORES Y SIST.DE INYECCIONx237ml/160g ARGOIL,0,3508.003323,ALIMENTACIÓN / CARBURACIÓN,,UNIVERSAL
1001/00126-665,LIMPIADOR CLEANER PARA FILTROS 250CC BMB,0,7374.850659000001,FILTROS,,UNIVERSAL
1001/00108-654,LIMPIAMOTORES EN AEROSOL x 237ML/160GR ARGOIL,0,3670.023654,OTROS,,UNIVERSAL
1006/00100-662,LIQUIDO PARA FRENOS DOT 3 x 100CC. IKE,0,2326.07133,OTROS,,UNIVERSAL
1006/00200-662,LIQUIDO PARA FRENOS DOT 3 x 200CC. IKE,0,3708.267156,OTROS,,UNIVERSAL
1006/00300-662,LIQUIDO PARA FRENOS DOT 4 x 200CC. IKE,0,6133.573611,OTROS,,UNIVERSAL
1631/00419-077,LLANTA DEL. 1.4 X 17 3 RAYOS A/DISCO. C/RUL NSU,78.68912033215342,0,FRENOS,,UNIVERSAL
1631/00345-077,LLANTA DEL. 1.4 X 17 GILERA SMASH A/DISCGRIS C/RUL NSU,73.58261200545513,0,OTROS,GILERA,SMASH
1631/00355-077,LLANTA DEL. 1.4 X 17 TUNNING 5 AGUJ. A/DISCOC/RUL. NSU,83.46968131884974,0,FRENOS,,UNIVERSAL
1631/00360-077,LLANTA DEL. 1.4 X 17 TUNNING AZUL A/ZAP. C/RUL. NSU,133.1754046364163,0,OTROS,,UNIVERSAL
1631/00366-077,LLANTA DEL. 1.4 X 17 TUNNING ROJA A.ZAP. C/RUL. NSU,133.1754046364163,0,OTROS,,UNIVERSAL
1631/00322-077,LLANTA DEL. 1.4 X 18  5 RAYOS  ZAN RX150 A DISCO N NSU,91.94974461456874,0,FRENOS,,RX150
1631/00300-077,LLANTA DEL. 2.5 X 10 HONDA DAX A/ZAP. C/RUL. NSU,95.63838201225838,0,OTROS,HONDA,UNIVERSAL
1632/00040-077,LLANTA DEL. C/RAYOS 1.85 X 18 A/DISCO MOTOM.CUSTOM NSU,85.50685219386231,0,FRENOS,,UNIVERSAL
1632/00010-056,LLANTA DEL. C/RAYOS 13 GILERA SMASH NSU,105.3461802886516,0,OTROS,GILERA,SMASH
1631/00086-077,"LLANTA DEL. GILERA FX125 17"" C/RUL/MAN (DX110) NSU",86.45753193553489,0,OTROS,GILERA,UNIVERSAL
1630/00065-022,LLANTA DEL/TRAS A DISCO 17 C/RUL MANCHON xJGO TUNN NSU,106.2296634682996,0,FRENOS,,UNIVERSAL
1633/00325-077,LLANTA TRAS. 1.6 X 17 SEXY A/DISCO RUL. Y MANCH NSU,126.3999629137908,0,FRENOS,,UNIVERSAL
1633/00310-022,LLANTA TRAS. 2.15 X 18 ZANELLA RX150 A/ZAP C/RUL NSU,98.17809835962453,0,OTROS,ZANELLA,RX150
1633/00147-022,LLANTA TRAS. YAMAHA YBR 125 5 RAYOS NEGRA NSU,97.90214520723988,0,OTROS,YAMAHA,YBR125
1637/00390-022,LLAVE 1 PUNTO UNIVERSAL NSU,3.254919502793884,0,ELECTRICIDAD,,UNIVERSAL
1637/00040-536,LLAVE 3 PUNTOS C/TECLA MOD.NUEVO CICLO AF,0,7024.121873999999,ELECTRICIDAD,,UNIVERSAL
1537/01400-156,LLAVE ALLEN KIT 9 PIEZAS NSU,5.411747572396203,0,ELECTRICIDAD,,UNIVERSAL
1537/01380-156,LLAVE ALLEN TIPO T T10 NSU,1.863366109531402,0,ELECTRICIDAD,,UNIVERSAL
1537/01390-156,LLAVE ALLEN TIPO T T50 NSU,4.840096137598114,0,ELECTRICIDAD,,UNIVERSAL
1637/00400-022,LLAVE ARRANQUE ZANELLA ZB 110 NSU,0.6095869129752731,0,ELECTRICIDAD,ZANELLA,NS 110
1637/00270-022,LLAVE BOCINA HONDA BIZ/GILERA SMASH NSU,0.5590098328594209,0,ELECTRICIDAD,GILERA / HONDA,SMASH
1637/00220-022,LLAVE BOCINA MOTOMEL NSU,0.4235011991575242,0,ELECTRICIDAD,MOTOMEL,UNIVERSAL
1637/00222-128,LLAVE BOCINA UNIVERSAL .,5.992540369488099,0,ELECTRICIDAD,,UNIVERSAL
1637/00280-022,LLAVE BOTON ARRANQUE C100/GILERA SMASH NSU,0.4597937036902427,0,ELECTRICIDAD,GILERA,SMASH
1637/00210-022,LLAVE BOTON ARRANQUE MOTOMEL NSU,0.5686939739628409,0,ELECTRICIDAD,MOTOMEL,UNIVERSAL
1537/01280-156,LLAVE COMBINADA 12 CON CRIQUE NSU,4.157968375840073,0,ELECTRICIDAD,,UNIVERSAL
1537/01290-156,LLAVE COMBINADA 13 CON CRIQUE NSU,4.442797195439873,0,ELECTRICIDAD,,UNIVERSAL
1537/01260-156,LLAVE COMBINADA 8 CON CRIQUE NSU,3.359382900326615,0,ELECTRICIDAD,,UNIVERSAL
1635/00210-038,LLAVE CONTACTO GILERA SUPER M/NUEVO+2CERRADURAS NSU,14.4098493345995,0,ELECTRICIDAD,GILERA,UNIVERSAL
1635/00002-038,LLAVE CONTACTO HONDA BIZ NSU,4.49948231405983,0,ELECTRICIDAD,HONDA,BIZ
1635/00220-038,LLAVE CONTACTO HONDA BIZ125/GIL.REVOLUTION REDONDA NSU,10.35271464269691,0,ELECTRICIDAD,HONDA,BIZ
1635/00004-038,LLAVE CONTACTO HONDA C90 LUXE NSU,2.17073048959774,0,ELECTRICIDAD,HONDA,C90
1635/00450-038,LLAVE CONTACTO HONDA CB190R C/TAPA TANQUE/CACHA NSU,25.04689026458931,0,ELECTRICIDAD,HONDA,CB
1635/00460-038,LLAVE CONTACTO HONDA CB190R NSU,12.77736760821533,0,ELECTRICIDAD,HONDA,CB
1635/00023-038,LLAVE CONTACTO HONDA CBX 250 TWISTER NSU,5.69770409267664,0,ELECTRICIDAD,HONDA,TWISTER
1635/00005-038,LLAVE CONTACTO HONDA CG 125/TODAY NSU,2.105420168320656,0,ELECTRICIDAD,HONDA,CG125
1635/00032-038,LLAVE CONTACTO HONDA CG 150 TITAN 2016/18 2CABLES NSU,9.092200295655669,0,ELECTRICIDAD,HONDA,CG150 / TITAN
1635/00033-038,LLAVE CONTACTO HONDA CG 150 TITAN 2016/18 4CABLES NSU,10.07638796383982,0,ELECTRICIDAD,HONDA,CG150 / TITAN
1635/00070-038,LLAVE CONTACTO HONDA DAX 70 NSU,3.378045258838463,0,ELECTRICIDAD,HONDA,70
1635/00006-038,LLAVE CONTACTO HONDA ELITE 50/GIL.SMASH/MOTOM.C100 NSU,3.944529504995843,0,ELECTRICIDAD,HONDA,SMASH
1635/00006-022,LLAVE CONTACTO HONDA ELITE 50/GIL.SMASH/MOTOM.C100 NSU,3.944532550049114,0,ELECTRICIDAD,HONDA,SMASH
1635/00006-156,LLAVE CONTACTO HONDA ELITE 50/GIL.SMASH/MOTOM.C100 NSU,3.2427833625,0,ELECTRICIDAD,HONDA,SMASH
1635/00021-038,LLAVE CONTACTO HONDA MB 100/TODAY NSU,2.637777629262772,0,ELECTRICIDAD,HONDA,100
1635/00120-038,LLAVE CONTACTO HONDA NAVI NSU,2.269950054897079,0,ELECTRICIDAD,HONDA,UNIVERSAL
1635/00470-038,LLAVE CONTACTO HONDA STORM LARGA NSU,4.607659812925415,0,ELECTRICIDAD,HONDA,UNIVERSAL
1635/00800-038,LLAVE CONTACTO HONDA SUZUKI EN 125 NSU,8.252029166187572,0,ELECTRICIDAD,HONDA / SUZUKI,NS 125
1635/00054-038,LLAVE CONTACTO HONDA TITAN 150 2 CABLES NSU,4.440680544494819,0,ELECTRICIDAD,HONDA,TITAN
1635/00011-038,LLAVE CONTACTO HONDA TITAN 150 4 CABLES NSU,6.106543644475937,0,ELECTRICIDAD,HONDA,TITAN
1635/00017-038,LLAVE CONTACTO HONDA TITAN 2000 KS NSU,2.031122476155281,0,ELECTRICIDAD,HONDA,TITAN
1635/00415-038,LLAVE CONTACTO HONDA WAVE 110 S NSU,5.190854727816582,0,ELECTRICIDAD,HONDA,WAVE110
1635/00410-038,LLAVE CONTACTO HONDA WAVE 2 TERMINALES NSU,3.993086673166752,0,ELECTRICIDAD,HONDA,WAVE
1635/00410-022,LLAVE CONTACTO HONDA WAVE 2 TERMINALES NSU,3.993014862701168,0,ELECTRICIDAD,HONDA,WAVE
1635/00014-022,LLAVE CONTACTO HONDA WAVE 6 TERMINALES NSU,4.498894274249267,0,ELECTRICIDAD,HONDA,WAVE
1635/00014-038,LLAVE CONTACTO HONDA WAVE 6 TERMINALES NSU,4.501180279433442,0,ELECTRICIDAD,HONDA,WAVE
1635/00018-038,LLAVE CONTACTO HONDA XLR125 NSU,2.05743814657402,0,ELECTRICIDAD,HONDA,UNIVERSAL
1635/00008-038,LLAVE CONTACTO HONDA/ZAN.RX150 NSU,5.96779455552292,0,ELECTRICIDAD,HONDA,RX150
1635/00200-038,LLAVE CONTACTO MONDIAL MAX 110 +1CERRADURA NSU,10.01875610583572,0,ELECTRICIDAD,MONDIAL,NS 110
1635/00230-022,LLAVE CONTACTO MOTOMEL CUSTOM 125 +TAPA TANQUE+CER NSU,14.37580309115571,0,ELECTRICIDAD,MOTOMEL,NS 125
1635/00250-038,LLAVE CONTACTO MOTOMEL DAKAR 200 NSU,8.082899443897821,0,ELECTRICIDAD,MOTOMEL,NS 200
1635/00300-038,LLAVE CONTACTO MOTOMEL ECO 110 NSU,4.295481180642128,0,ELECTRICIDAD,MOTOMEL,NS 110
1635/00027-038,LLAVE CONTACTO MOTOMEL S2 CUBRE CERRADURA NSU,12.01533363781214,0,ELECTRICIDAD,MOTOMEL,UNIVERSAL
1635/00356-038,LLAVE CONTACTO MOTOMEL SKUA 150 KIT 2PZAS. NSU,10.65313024334953,0,ELECTRICIDAD,MOTOMEL,SKUA150
1635/00355-038,LLAVE CONTACTO MOTOMEL SKUA 150 NSU,5.407597503333093,0,ELECTRICIDAD,MOTOMEL,SKUA150
1635/00360-038,LLAVE CONTACTO MOTOMEL XMM 250 NSU,4.842398784487266,0,ELECTRICIDAD,MOTOMEL,NS 250
1635/00010-038,LLAVE CONTACTO SUZUKI AX100 NSU,3.172606100181312,0,ELECTRICIDAD,SUZUKI,AX100
1635/00026-038,LLAVE CONTACTO YAMAHA CRYPTON + CERRADURA ASIENTO NSU,6.011253663501434,0,ELECTRICIDAD,YAMAHA,CRYPTON
1635/00430-038,LLAVE CONTACTO YAMAHA FZ 16 NSU,10.21239699743271,0,ELECTRICIDAD,YAMAHA,FZ16
1635/00029-038,LLAVE CONTACTO YAMAHA NEW CRYPTON NSU,5.594097250552369,0,ELECTRICIDAD,YAMAHA,CRYPTON
1635/00022-038,LLAVE CONTACTO YAMAHA RX 125 NSU,2.734686752265506,0,ELECTRICIDAD,YAMAHA / ZANELLA,NS 125
1635/00025-038,LLAVE CONTACTO YAMAHA SIGMA/CRYPTON/ZANELLA SEXY NSU,5.594181608753585,0,ELECTRICIDAD,YAMAHA,CRYPTON
1635/00034-038,LLAVE CONTACTO YAMAHA XTZ 125 NSU,7.390932862929582,0,ELECTRICIDAD,YAMAHA,XTZ125
1635/00036-038,LLAVE CONTACTO YAMAHA YBR 125 CHINA NSU,5.895558887291909,0,ELECTRICIDAD,YAMAHA,YBR125
1635/01000-038,LLAVE CONTACTO ZANELLA ZTT200 NSU,2.003751221167144,0,ELECTRICIDAD,ZANELLA,UNIVERSAL
1635/00092-022,LLAVE CONTACTO/T.TANQUE/T.ASIENTO GILERA SMASH NSU,6.751884351139068,0,ELECTRICIDAD,GILERA,SMASH
1635/00105-038,LLAVE DE CONTACTO BAJAJ ROUSER 135 NSU,6.000996207604409,0,ELECTRICIDAD,BAJAJ,ROUSER
1635/00110-038,LLAVE DE CONTACTO BAJAJ ROUSER 200/220 NSU,5.670035158447608,0,ELECTRICIDAD,BAJAJ,ROUSER
1635/00190-038,LLAVE DE CONTACTO MONDIAL HD 254 NSU,9.016880495252153,0,ELECTRICIDAD,MONDIAL,UNIVERSAL
1537/01180-156,LLAVE FRANCESA 8 PULGADAS 200MM NSU,3.303481917040673,0,ELECTRICIDAD,,UNIVERSAL
1637/00132-038,LLAVE GIL.FUTURA-MOTOMEL LUZ/ARR/BOCINA/GIROS/AYB NSU,2.492589079471207,0,ELECTRICIDAD,MOTOMEL,UNIVERSAL
1637/00290-022,LLAVE GUIÑO HONDA BIZ/GILERA SMASH NSU,0.5590098328594209,0,ELECTRICIDAD,GILERA / HONDA,SMASH
1637/00230-022,LLAVE GUIÑO MOTOMEL NSU,0.375093461148119,0,ELECTRICIDAD,MOTOMEL,UNIVERSAL
1637/00250-022,LLAVE LUCES ALTA GILERA FUTURA NSU,0.5856293487098695,0,ELECTRICIDAD,GILERA,FUTURA
1637/00260-022,LLAVE LUCES ALTA MOTOMEL NSU,0.3993062142065048,0,ELECTRICIDAD,MOTOMEL,UNIVERSAL
1637/00137-022,LLAVE LUCES GILERA SMASH (POSICION Y BAJA) NSU,1.863366109531402,0,ELECTRICIDAD,GILERA,SMASH
1637/00320-022,LLAVE LUCES POSICION Y BAJA HONDA BIZ NSU,0.4764893337230301,0,ELECTRICIDAD,HONDA,BIZ
1637/00138-022,LLAVE LUCES POSICION Y BAJA ZANELLA ZB110 NSU,1.814992048158646,0,ELECTRICIDAD,ZANELLA,ZB110
1637/00310-022,LLAVE LUZ ALTA HONDA BIZ/GILERA SMASH CHICA NSU,0.5414671566434097,0,ELECTRICIDAD,GILERA / HONDA,SMASH
1637/00240-022,LLAVE LUZ POSICION Y BAJA MOTOMEL NSU,0.5538146934375,0,ELECTRICIDAD,MOTOMEL,UNIVERSAL
1637/00160-022,LLAVE LUZ/GIRO/BOCINA NSU,3.896289474197389,0,ELECTRICIDAD,,UNIVERSAL
1637/00160-038,LLAVE LUZ/GIRO/BOCINA NSU,3.896182930047227,0,ELECTRICIDAD,,UNIVERSAL
1637/00139-038,LLAVE LUZ/GIRO/BOCINA/ARRANQUE KIT GILERA SMASH NSU,3.218540624854947,0,ELECTRICIDAD,GILERA,SMASH
1637/00135-038,LLAVE LUZ/GIRO/BOCINA/ARRANQUE/AYBGILERA H.BIZ KIT NSU,2.928146687467575,0,ELECTRICIDAD,GILERA,BIZ
1541/00020-150,LLAVE SACA BUJIA 10 MM LARGA CROMOFORTE,1.197914965524674,0,MOTOR,,UNIVERSAL
1541/00020-621,LLAVE SACA BUJIA 10 MM LARGA x3 unid. .,0,5570.780589000001,MOTOR,,UNIVERSAL
1541/00030-566,LLAVE SACA BUJIA 12 MM CORTA VC,0,2015.330625,MOTOR,GILERA,UNIVERSAL
1541/00040-621,LLAVE SACA BUJIA 12 MM LARGA x3 unid. .,0,5829.870024000001,MOTOR,,UNIVERSAL
1541/00150-038,LLAVE SACA BUJIA 16X18 NSU,2.582093037493514,0,MOTOR,,UNIVERSAL
1541/00110-621,LLAVE SACA BUJIA MINI CUATRI x 3 unid. .,0,4767.559236,MOTOR,,UNIVERSAL
1541/00022-647,LLAVE SACA BUJIA UNIVERSAL 110CC 10X60MM JN,0,1306.159668,MOTOR,,UNIVERSAL
1541/00042-647,LLAVE SACA BUJIA UNIVERSAL 125/150CC 12X85 JN,0,1432.504359,MOTOR,,125
1537/00600-138,LLAVE SACA FILTRO DE ACEITE .,4.815721372432709,0,LUBRICANTES,,UNIVERSAL
1537/01410-156,LLAVE SACA FILTRO METALICA NSU,6.833229718810159,0,FILTROS,,UNIVERSAL
1541/00210-621,LLAVE TUERCA DE EMBRAGUE CHICA c/MANIJA .,0,6389.771751,ELECTRICIDAD,,UNIVERSAL
1541/00230-621,LLAVE TUERCA DE EMBRAGUE GRANDE PARA LLAVE EXAG. .,0,6389.771751,ELECTRICIDAD,,UNIVERSAL
1541/00200-621,LLAVE TUERCA DE EMBRAGUE GRANDE SMASH/BIZ c/MANIJA .,0,7099.119126000001,ELECTRICIDAD,GILERA,SMASH
1541/00218-621,LLAVE TUERCA DE EMBRAGUE HONDA TITAN 150 C/MANIJA .,0,7099.119126000001,ELECTRICIDAD,HONDA,TITAN
1541/00219-621,LLAVE TUERCA DE EMBRAGUE HONDA TITAN 150 PARA TUBO .,0,6389.869761,ELECTRICIDAD,HONDA,TITAN
1541/00220-621,LLAVE TUERCA DE EMBRAGUE ZAN.SEXY PARA LLAVE EXAG. .,0,6186.910653,ELECTRICIDAD,,UNIVERSAL
1537/01230-156,LLAVES FIJAS SET 5.5 A 32MM x 10 PIEZAS NSU,33.60181485802129,0,ELECTRICIDAD,,UNIVERSAL
1019/06150-654,LUBRICANTE CADENA x 150G 237ML ARGOIL,0,3464.388873,LUBRICANTES,,UNIVERSAL
1002/00085-654,LUBRICANTE MULTIUSO x237ML/163G ARGOIL,0,3410.189343,LUBRICANTES,,UNIVERSAL
1958/00100-022,LUCES RGB CON CONTROL REMOTO x 2 UNID. NSU,3.678390337410736,0,OTROS,,UNIVERSAL
1727/00036-022,MANCHON MAZA BAJAJ ROUSER NS200 NSU,2.102970786466484,0,OTROS,BAJAJ,NS200 / ROUSER
1727/00026-514,MANCHON MAZA GILERA SMASH 110CC COMPETICION ROJO BRN,0,6443.559639000001,OTROS,GILERA,SMASH
1727/00034-022,MANCHON MAZA GUERRERO BAJAJ 135/180/200/220 x1 NSU,2.008589487037983,0,OTROS,BAJAJ,NS 135
1727/00019-022,MANCHON MAZA HONDA BIZ C 100/WAVE NSU,1.413273808166199,0,OTROS,HONDA,WAVE
1727/00025-514,MANCHON MAZA HONDA C90/GILERA SMASH (CON TETON) BRN,0,4649.476788,OTROS,GILERA / HONDA,SMASH
1727/00025-022,MANCHON MAZA HONDA C90/GILERA SMASH (CON TETON) NSU,1.413273808166199,0,OTROS,GILERA / HONDA,SMASH
1727/00025-566,MANCHON MAZA HONDA C90/GILERA SMASH (CON TETON) VC,0,1726.602966,OTROS,GILERA / HONDA,SMASH
1727/00023-022,MANCHON MAZA HONDA CB250/CB190 NEW NSU,1.901445154053497,0,OTROS,HONDA,CB
1727/00022-022,MANCHON MAZA HONDA CBX 250 NSU,1.64801277972805,0,OTROS,HONDA,CB 250
1727/00016-514,MANCHON MAZA HONDA CG 150 xJGO. BRN,0,6122.282859,OTROS,HONDA,CG150
1727/00016-022,MANCHON MAZA HONDA CG 150 xJGO. NSU,1.413522743187332,0,OTROS,HONDA,CG150
1727/00033-514,MANCHON MAZA HONDA DAX 70/DAY 110xJGO. BRN,0,3898.965213,OTROS,HONDA,70
1727/00033-022,MANCHON MAZA HONDA DAX 70/DAY 110xJGO. NSU,1.185940858555412,0,OTROS,HONDA,70
1727/00021-566,MANCHON MAZA HONDA DAX xJGO (4) VC,0,1724.819184,OTROS,GILERA / HONDA,UNIVERSAL
1727/00027-084,MANCHON MAZA HONDA MB100 JUEGO NSU,1.427754937352065,0,OTROS,HONDA,UNIVERSAL
1727/00027-056,MANCHON MAZA HONDA MB100 JUEGO NSU,1.42778794192814,0,OTROS,HONDA,UNIVERSAL
1727/00027-578,MANCHON MAZA HONDA MB100 JUEGO PH,0,28.168074,OTROS,HONDA,UNIVERSAL
1727/00029-514,MANCHON MAZA HONDA NEW WAVE 110 xJGO (4) BRN,0,4346.763102,OTROS,HONDA,WAVE110
1727/00029-022,MANCHON MAZA HONDA NEW WAVE 110 xJGO (4) NSU,1.271967890666198,0,OTROS,HONDA,WAVE110
1727/00031-514,MANCHON MAZA HONDA WAVE COMPETICION xJGO. BRN,0,8113.110984000001,OTROS,HONDA,WAVE
1727/00032-077,MANCHON MAZA MOTOMEL MAX xJGO. NSU,2.406992581864092,0,OTROS,MOTOMEL,UNIVERSAL
1727/00045-022,MANCHON MAZA MOTOMEL SKUA 150 V6xJGO. NSU,1.81741203755619,0,OTROS,MOTOMEL,SKUA150
1727/00042-514,MANCHON MAZA SUZUKI 125/MOTOMEL DAKAR/SKUAx1 BRN,0,6182.166969,OTROS,SUZUKI,SKUA 125
1727/00043-022,MANCHON MAZA SUZUKI GIXXER 150 NSU,1.783532185990562,0,OTROS,SUZUKI,GIXXER 150
1727/00055-514,MANCHON MAZA TRAS. HONDA STORM/YAMAHA CRYPTON xJGO BRN,0,6122.282859,OTROS,HONDA / YAMAHA,CRYPTON
1727/00055-566,MANCHON MAZA TRAS. HONDA STORM/YAMAHA CRYPTON xJGO VC,0,4151.556585,OTROS,GILERA / HONDA / YAMAHA,CRYPTON
1727/00040-514,MANCHON MAZA TRAS. SUZUKI AX100 x1 BRN,0,4086.33093,OTROS,SUZUKI,AX100
1727/00040-022,MANCHON MAZA TRAS. SUZUKI AX100 x1 NSU,1.73033433653678,0,OTROS,SUZUKI,AX100
1727/00040-566,MANCHON MAZA TRAS. SUZUKI AX100 x1 VC,0,4151.556585,OTROS,GILERA / SUZUKI,AX100
1727/00060-514,MANCHON MAZA TRAS. YAMAHA RX 125/YBR 125xJGO. BRN,0,7068.069558,OTROS,YAMAHA / ZANELLA,YBR125
1727/00060-566,MANCHON MAZA TRAS. YAMAHA RX 125/YBR 125xJGO. VC,0,4151.556585,OTROS,GILERA / YAMAHA / ZANELLA,YBR125
1727/00061-514,MANCHON MAZA TRAS. YAMAHA YBR 125/ FZ16 COMP xJGO BRN,0,9854.856495000002,OTROS,YAMAHA,FZ16 / YBR125
1727/00061-022,MANCHON MAZA TRAS. YAMAHA YBR 125/ FZ16 COMP xJGO NSU,1.81502365360199,0,OTROS,YAMAHA,FZ16 / YBR125
1727/00061-566,MANCHON MAZA TRAS. YAMAHA YBR 125/ FZ16 COMP xJGO VC,0,3300.859188,OTROS,GILERA / YAMAHA,FZ16 / YBR125
1727/00065-022,MANCHON MAZA TRAS. YAMAHA YBR250/FAZER JGOx6 NSU,4.138181869801712,0,OTROS,YAMAHA,YBR
1727/00050-047,MANCHON RUEDA TRAS. HONDA CB400 YEAR FINE,8.909076805240982,0,OTROS,HONDA,CB
1001/00120-566,MANGA PROTECTORA DE MANO UNIVERSAL C/ABRIGO JGO. VC,0,17082.711756,OTROS,GILERA,UNIVERSAL
1638/00050-661,MANGUERA DE PRESION DE AIRE 8 MM X 25MTS. ROJO .,0,26157.212631,OTROS,,UNIVERSAL
1638/00200-138,MANGUERA DE PRESION DE AIRE COMPRESOR 8.40M .,8.544982562730905,0,OTROS,,UNIVERSAL
1641/00030-661,MANGUERA NAFTA 5X8-ROLLO 50 M AMARILLA .,0,13619.185371,ALIMENTACIÓN / CARBURACIÓN,,50
1641/00031-661,MANGUERA NAFTA 5X8-ROLLO 50 M AZUL .,0,13619.185371,ALIMENTACIÓN / CARBURACIÓN,,50
1641/00035-661,MANGUERA NAFTA 5X8-ROLLO 50 M NEGRO .,0,13619.185371,ALIMENTACIÓN / CARBURACIÓN,,50
1638/00100-138,MANGUERA PRESION DE AIRE COMPRESOR MALLADA 4.85M .,12.95708387255688,0,OTROS,,UNIVERSAL
1347/00154-022,MANIJA EMBRAGUE HONDA TORNADO C/SOPORTE NSU,5.432895233510972,0,OTROS,HONDA,TORNADO
1339/00010-022,MANIJA EMBRAGUE HONDA XR125L NSU,2.020726110195923,0,OTROS,HONDA,XR
1339/00010-038,MANIJA EMBRAGUE HONDA XR125L NSU,2.020675283286095,0,OTROS,HONDA,XR
1339/00060-022,MANIJA EMBRAGUE MOTOMEL DAKAR NSU,1.490692887625122,0,OTROS,MOTOMEL,UNIVERSAL
1339/00100-038,MANIJA EMBRAGUE ZANELLA RX150 M/N NSU,1.270498731444168,0,OTROS,ZANELLA,RX150
1337/00970-022,MANIJA EMBRAGUE/FRENO COMPETICION AZUL NSU,102.0723209485498,0,OTROS,,UNIVERSAL
1341/00005-566,MANIJA EMBRAGUE/FRENO CUADRADAS CICLO NEGRO VC,0,1389.938616,OTROS,GILERA,UNIVERSAL
1341/00006-566,MANIJA EMBRAGUE/FRENO REDONDAS CICLO GRIS VC,0,1389.938616,OTROS,GILERA,UNIVERSAL
1341/00007-566,MANIJA EMBRAGUE/FRENO REDONDAS CICLO NEGRO VC,0,1389.938616,OTROS,GILERA,UNIVERSAL
1341/01210-022,MANIJA EMBRAGUE/FRENO ZANELLAPATAGONIA/GILERAYL150 NSU,2.619101645497513,0,OTROS,ZANELLA,UNIVERSAL
1341/00411-022,"MANIJA FRENO GIL.SMASH A DISCO,MONDIAL/SEXY LARGA NSU",1.185806951921826,0,FRENOS,MONDIAL,SMASH
1341/00601-527,MANIJA FRENO GILERA SMASH RR 125 EDAR,0,8161.478919000001,FRENOS,GILERA,SMASH
1341/00427-527,"MANIJA FRENO GILERA SMASH,BIT,WG,WAVE 110CC. EDAR",0,8161.478919000001,FRENOS,GILERA,SMASH / WAVE110
1341/01105-566,MANIJA FRENO GILERA SMASH/TRIP/BIZZ (NEGRO) VC,0,4095.965313,FRENOS,GILERA,SMASH
1341/00524-527,MANIJA FRENO GUERRERO GK 110 BIKE EDAR,0,8161.478919000001,FRENOS,,110
1341/00942-566,MANIJA FRENO GUERRERO TRIP 110 VC,0,4095.965313,FRENOS,GILERA,VC 110
1341/00946-527,MANIJA FRENO GUERRERO TRIP-BIT-SMASH/APPIA CITY110 EDAR,0,8161.478919000001,FRENOS,,SMASH
1341/00635-527,MANIJA FRENO HONDA BIZ 125 EDAR,0,8161.478919000001,FRENOS,HONDA,BIZ
1341/00430-527,MANIJA FRENO HONDA BIZ EDAR,0,8161.478919000001,FRENOS,HONDA,BIZ
1341/00294-022,MANIJA FRENO HONDA C100 A ZAPATA NSU,0.8984365818517399,0,FRENOS,HONDA,UNIVERSAL
1341/00295-527,"MANIJA FRENO HONDA C90 SUPER CUB,DAX70,G70,G50 EDAR",0,8161.429914,FRENOS,HONDA,C90
1341/00205-038,MANIJA FRENO HONDA MOTOMEL SKUA NSU,1.081218884423332,0,FRENOS,HONDA / MOTOMEL,UNIVERSAL
1341/00630-022,MANIJA FRENO HONDA WAVE 110S NSU,1.754492313220024,0,FRENOS,HONDA,WAVE110
1341/00623-527,MANIJA FRENO HONDA WAVE NF 110CC (2014) EDAR,0,8161.478919000001,FRENOS,HONDA,WAVE
1341/00464-527,MANIJA FRENO IMSA 110E TRACK EVO EDAR,0,8161.478919000001,FRENOS,,UNIVERSAL
1341/01250-077,MANIJA FRENO MONDIAL HD 254 NSU,3.650610145356491,0,FRENOS,MONDIAL,UNIVERSAL
1341/00444-527,MANIJA FRENO MOTOMEL BIT 110 TUNNING EDAR,0,8161.478919000001,FRENOS,MOTOMEL,110
1341/00447-527,MANIJA FRENO MOTOMEL MAX 110 EDAR,0,8161.478919000001,FRENOS,MOTOMEL,110
1341/00413-527,MANIJA FRENO MOTOMEL MAX 110CC A DISCO EDAR,0,8161.478919000001,FRENOS,MOTOMEL,UNIVERSAL
1341/00360-038,MANIJA FRENO MOTOS 110CC FRENO A DISCO NSU,1.23422031184845,0,FRENOS,,UNIVERSAL
1341/00360-022,MANIJA FRENO MOTOS 110CC FRENO A DISCO NSU,1.234209041655578,0,FRENOS,,UNIVERSAL
1341/00378-527,MANIJA FRENO YAMAHA CRYPTON T 105CC ESD A DISCO EDAR,0,8161.478919000001,FRENOS,YAMAHA,CRYPTON
1341/00344-527,MANIJA FRENO YAMAHA CRYPTON/SIGMA/V100 EDAR,0,8161.478919000001,FRENOS,YAMAHA,CRYPTON
1341/00620-527,MANIJA FRENO YAMAHA NEW CRYPTON EDAR,0,8161.478919000001,FRENOS,YAMAHA,CRYPTON
1341/00620-022,MANIJA FRENO YAMAHA NEW CRYPTON NSU,1.246294539735604,0,FRENOS,YAMAHA,CRYPTON
1341/00345-527,MANIJA FRENO YAMAHA V 100 CC SIGMA EDAR,0,8161.478919000001,FRENOS,YAMAHA,100
1341/00394-527,"MANIJA FRENO ZAN. VENTO,SMASH,BIT,MAX,WAVE,G100,FU EDAR",0,8161.478919000001,FRENOS,,SMASH
1341/00394-022,"MANIJA FRENO ZAN. VENTO,SMASH,BIT,MAX,WAVE,G100,FU NSU",0.9910023805704119,0,FRENOS,,SMASH
1341/00394-624,"MANIJA FRENO ZAN. VENTO,SMASH,BIT,MAX,WAVE,G100,FU TREBOL",0,17.955432,FRENOS,,SMASH
1341/00509-527,MANIJA FRENO ZANELLA SWING 110 EDAR,0,8161.478919000001,FRENOS,ZANELLA,110
1341/00493-527,MANIJA FRENO ZANELLA ZB 1RA.SERIE EDAR,0,8161.478919000001,FRENOS,ZANELLA,UNIVERSAL
1341/00504-527,MANIJA FRENO ZANELLA ZB110 G1 EDAR,0,8161.478919000001,FRENOS,ZANELLA,ZB110
1347/00080-022,MANIJA SOPORTE EMBRAGUE BAJAJ ROUSER NS200 3CABLES NSU,5.140228510721626,0,OTROS,BAJAJ,NS200 / ROUSER
1334/00024-077,MANIJA SUJETA ACOMPAÑANTE GILERA VC150 M/N NSU,4.748585903421656,0,OTROS,GILERA,UNIVERSAL
1334/00030-548,MANIJA SUJETA ACOMPAÑANTE HONDA TITAN 2000 HP,0,27702.683316,OTROS,HONDA,TITAN
1334/00026-077,MANIJA SUJETA ACOMPAÑANTE MOTOMEL SKUA NSU,11.6641775981329,0,OTROS,MOTOMEL,UNIVERSAL
1334/00120-077,MANIJA SUJETA ACOMPAÑANTE ZANELLA CUSTOM 150xJGO. NSU,47.9468528912447,0,OTROS,ZANELLA,UNIVERSAL
1337/00363-527,MANIJAS EMBRAGUE MODENA KRISS 110 C.C. EDAR,0,8161.478919000001,OTROS,,110
1337/00346-527,MANIJAS EMBRAGUE/FRENO ADLY  100 CC EDAR,0,13806.629496,OTROS,,100
1337/00569-527,MANIJAS EMBRAGUE/FRENO APPIA BREZZA 150 EDAR,0,13806.629496,OTROS,APPIA,150
1337/00570-527,MANIJAS EMBRAGUE/FRENO APPIA HARDWING 200 EDAR,0,15182.474274,OTROS,APPIA,200
1337/00567-527,MANIJAS EMBRAGUE/FRENO APPIA LEYENDA 150 EDAR,0,13806.629496,OTROS,APPIA,150
1337/00512-527,MANIJAS EMBRAGUE/FRENO BAJAJ GUERRERO ROUSER150 EDAR,0,15182.474274,OTROS,BAJAJ,ROUSER
1337/00511-527,MANIJAS EMBRAGUE/FRENO BAJAJ GUERRERO XCD 125 EDAR,0,15182.474274,OTROS,BAJAJ,125
1337/00638-527,MANIJAS EMBRAGUE/FRENO BAJAJ NS200 EDAR,0,13806.629496,OTROS,BAJAJ,NS200
1337/00009-022,MANIJAS EMBRAGUE/FRENO BAJAJ PULSAR 135 NSU,3.294351242644044,0,OTROS,BAJAJ,PULSAR
1337/00010-022,MANIJAS EMBRAGUE/FRENO BAJAJ PULSAR 200 NSU,2.940282349944763,0,OTROS,BAJAJ,PULSAR
1337/00014-038,MANIJAS EMBRAGUE/FRENO BENELLI TNT 250/300 NSU,9.377551059333001,0,OTROS,BENELLI,NS 250
1337/00583-527,MANIJAS EMBRAGUE/FRENO BRAVA AQUILA 200 EDAR,0,13806.629496,OTROS,BRAVA,200
1337/00244-527,MANIJAS EMBRAGUE/FRENO DAELIM LIBERTY 50 EDAR,0,13806.629496,OTROS,,50
1337/00390-527,MANIJAS EMBRAGUE/FRENO GILERA GLA 110 CHOPPERA EDAR,0,13806.629496,OTROS,GILERA,110
1337/00600-527,MANIJAS EMBRAGUE/FRENO GILERA VC 200R EDAR,0,15182.474274,OTROS,GILERA,VC 200
1337/00948-527,MANIJAS EMBRAGUE/FRENO GUERRERO GXR 200 TUNDRA EDAR,0,13806.629496,OTROS,,XR 200
1337/00597-527,MANIJAS EMBRAGUE/FRENO GUERRERO MOTARD 200 EDAR,0,15182.474274,OTROS,,200
1337/00579-527,MANIJAS EMBRAGUE/FRENO HONDA CB1 EDAR,0,13806.629496,OTROS,HONDA,CB
1337/00624-527,MANIJAS EMBRAGUE/FRENO HONDA CB150 INVICTA EDAR,0,13806.629496,OTROS,HONDA,CB
1337/00389-022,MANIJAS EMBRAGUE/FRENO HONDA CBX 250 TWISTER NSU,3.436442850812531,0,OTROS,HONDA,TWISTER
1337/00389-038,MANIJAS EMBRAGUE/FRENO HONDA CBX 250 TWISTER NSU,3.436429708049297,0,OTROS,HONDA,TWISTER
1337/00282-527,MANIJAS EMBRAGUE/FRENO HONDA CD 100 HERO EDAR,0,13806.629496,OTROS,HERO / HONDA,100
1337/00118-038,MANIJAS EMBRAGUE/FRENO HONDA CG 150 NEW NSU,2.589362492104797,0,OTROS,HONDA,CG150
1337/00275-527,MANIJAS EMBRAGUE/FRENO HONDA CG TITAN EDAR,0,13806.629496,OTROS,HONDA,TITAN
1337/00383-527,"MANIJAS EMBRAGUE/FRENO HONDA CG125KS FAN,CG150KS EDAR",0,13806.629496,OTROS,HONDA,CG125 / CG150
1337/00383-038,"MANIJAS EMBRAGUE/FRENO HONDA CG125KS FAN,CG150KS NSU",2.976546490373611,0,OTROS,HONDA,CG125 / CG150
1337/00239-527,"MANIJAS EMBRAGUE/FRENO HONDA NX 150-200-350,XR 200 EDAR",0,13806.629496,OTROS,HONDA,XR 150
1337/00437-527,MANIJAS EMBRAGUE/FRENO HONDA STORM 125 SDH A DISCO EDAR,0,13806.629496,FRENOS,HONDA,STORM 125
1337/00437-022,MANIJAS EMBRAGUE/FRENO HONDA STORM 125 SDH A DISCO NSU,2.926159313122566,0,FRENOS,HONDA,STORM 125
1337/00436-527,MANIJAS EMBRAGUE/FRENO HONDA STORM 125 SDH EDAR,0,13806.629496,OTROS,HONDA,STORM 125
1337/00355-527,MANIJAS EMBRAGUE/FRENO HONDA TITAN CG150 A DISCO EDAR,0,13806.629496,FRENOS,HONDA,CG150 / TITAN
1337/00355-022,MANIJAS EMBRAGUE/FRENO HONDA TITAN CG150 A DISCO NSU,2.940323473586427,0,FRENOS,HONDA,CG150 / TITAN
1337/00354-134,MANIJAS EMBRAGUE/FRENO HONDA TITAN CG150 A TAMBOR DIAFRAG,9.839493507509996,0,OTROS,HONDA,CG150 / TITAN
1337/00337-527,MANIJAS EMBRAGUE/FRENO HONDA TRANSALP EDAR,0,22795.871472,OTROS,HONDA,UNIVERSAL
1337/00556-527,MANIJAS EMBRAGUE/FRENO HONDA V/MEN EDAR,0,15182.474274,OTROS,HONDA,UNIVERSAL
1337/00323-527,"MANIJAS EMBRAGUE/FRENO HONDA XLR 125, NXR 125 EDAR",0,13806.629496,OTROS,HONDA,XR 125
1337/00323-038,"MANIJAS EMBRAGUE/FRENO HONDA XLR 125, NXR 125 NSU",2.701927936850853,0,OTROS,HONDA,XR 125
1337/00571-527,MANIJAS EMBRAGUE/FRENO HONDA XR 125L/XR 150 EDAR,0,13806.629496,OTROS,HONDA,XR 150
1337/00571-038,MANIJAS EMBRAGUE/FRENO HONDA XR 125L/XR 150 NSU,3.314129723380852,0,OTROS,HONDA,XR 150
1337/00372-527,"MANIJAS EMBRAGUE/FRENO HONDA XR 250 TORNADO,NX 4 EDAR",0,13806.629496,OTROS,HONDA,XR 250
1337/00372-022,"MANIJAS EMBRAGUE/FRENO HONDA XR 250 TORNADO,NX 4 NSU",2.900068851132203,0,OTROS,HONDA,XR 250
1337/00404-527,MANIJAS EMBRAGUE/FRENO KYMCO PULSAR 125CC EDAR,0,13806.629496,OTROS,,PULSAR
1337/00400-527,MANIJAS EMBRAGUE/FRENO KYMCO ZX/VITALITY/PEOPLE EDAR,0,13806.629496,OTROS,,UNIVERSAL
1337/00442-527,MANIJAS EMBRAGUE/FRENO MONDIAL TD 150 L EDAR,0,13806.629496,OTROS,MONDIAL,150
1337/00543-527,MANIJAS EMBRAGUE/FRENO MONDIAL TD200K EDAR,0,15182.474274,OTROS,MONDIAL,UNIVERSAL
1337/00360-527,"MANIJAS EMBRAGUE/FRENO MONDIAL,AX 100 ,QAX125,JC70 EDAR",0,13806.629496,OTROS,MONDIAL,100
1337/00457-527,MANIJAS EMBRAGUE/FRENO MOTOMEL CG 125 4T EDAR,0,13806.629496,LUBRICANTES,HONDA / MOTOMEL,CG125
1337/00613-527,MANIJAS EMBRAGUE/FRENO MOTOMEL CG 150 S2 EDAR,0,13806.629496,OTROS,HONDA / MOTOMEL,CG150
1337/00450-527,MANIJAS EMBRAGUE/FRENO MOTOMEL CLIPPER 110 EDAR,0,15182.474274,TORNILLERÍA Y FIJACIONES,MOTOMEL,110
1337/00415-527,MANIJAS EMBRAGUE/FRENO MOTOMEL CUSTOM 150 EDAR,0,15182.474274,OTROS,MOTOMEL,150
1337/00452-527,MANIJAS EMBRAGUE/FRENO MOTOMEL DAKAR 200 A DISCO EDAR,0,15182.474274,FRENOS,MOTOMEL,200
1337/00452-038,MANIJAS EMBRAGUE/FRENO MOTOMEL DAKAR 200 A DISCO NSU,3.650610145356491,0,FRENOS,MOTOMEL,NS 200
1337/00552-527,MANIJAS EMBRAGUE/FRENO MOTOMEL MOTARD 200 EDAR,0,13806.629496,OTROS,MOTOMEL,200
1337/00615-527,MANIJAS EMBRAGUE/FRENO MOTOMEL SIRIUS 200 EDAR,0,15182.464473,OTROS,MOTOMEL,200
1337/00040-038,MANIJAS EMBRAGUE/FRENO MOTOMEL SKUA 150/200 NSU,2.571445231153335,0,OTROS,MOTOMEL,SKUA150
1337/00459-527,MANIJAS EMBRAGUE/FRENO MOTOMEL XPLORA 250/SKUA 250 EDAR,0,15182.474274,OTROS,MOTOMEL,SKUA 250
1337/00320-527,MANIJAS EMBRAGUE/FRENO SUZUKI AX 100 RED CHINA EDAR,0,13806.629496,OTROS,SUZUKI,100
1337/00320-038,MANIJAS EMBRAGUE/FRENO SUZUKI AX 100 RED CHINA NSU,1.836746593680954,0,OTROS,SUZUKI,100
1337/00248-527,MANIJAS EMBRAGUE/FRENO SUZUKI DR 350S  EDAR,0,13806.629496,OTROS,SUZUKI,UNIVERSAL
1337/00576-527,MANIJAS EMBRAGUE/FRENO SUZUKI EN 125 A DISCO EDAR,0,15182.474274,FRENOS,SUZUKI,125
1337/00577-527,MANIJAS EMBRAGUE/FRENO SUZUKI EN 125 A ZAPATA EDAR,0,15182.474274,OTROS,SUZUKI,125
1337/00362-527,MANIJAS EMBRAGUE/FRENO SUZUKI GN125 CC EDAR,0,13806.629496,OTROS,SUZUKI,GN125
1337/00109-527,MANIJAS EMBRAGUE/FRENO UNIVERSAL EDAR,0,13806.629496,OTROS,,UNIVERSAL
1337/00572-527,MANIJAS EMBRAGUE/FRENO YAMAHA FZ16 EDAR,0,15182.474274,OTROS,YAMAHA,FZ16
1337/00572-022,MANIJAS EMBRAGUE/FRENO YAMAHA FZ16 NSU,2.843437990130997,0,OTROS,YAMAHA,FZ16
1337/00572-038,MANIJAS EMBRAGUE/FRENO YAMAHA FZ16 NSU,2.843499777288437,0,OTROS,YAMAHA,FZ16
1337/00621-527,MANIJAS EMBRAGUE/FRENO YAMAHA XTZ 125 (2014) EDAR,0,15182.464473,OTROS,YAMAHA,XTZ125
1337/00379-527,MANIJAS EMBRAGUE/FRENO YAMAHA XTZ 125 K EDAR,0,15182.464473,OTROS,YAMAHA,XTZ125
1337/00534-527,MANIJAS EMBRAGUE/FRENO YAMAHA YBR 125 EDAR,0,13806.629496,OTROS,YAMAHA,YBR125
1337/00376-527,MANIJAS EMBRAGUE/FRENO YAMAHA YBR 125 ES EDAR,0,13806.629496,OTROS,YAMAHA,YBR125
1337/00376-022,MANIJAS EMBRAGUE/FRENO YAMAHA YBR 125 ES NSU,3.037138767713356,0,OTROS,YAMAHA,YBR125
1337/00375-527,MANIJAS EMBRAGUE/FRENO YAMAHA YBR 125 KS EDAR,0,13806.629496,OTROS,YAMAHA,YBR125
1337/00375-038,MANIJAS EMBRAGUE/FRENO YAMAHA YBR 125 KS NSU,3.388072605991287,0,OTROS,YAMAHA,YBR125
1337/00375-022,MANIJAS EMBRAGUE/FRENO YAMAHA YBR 125 KS NSU,3.388073341410256,0,OTROS,YAMAHA,YBR125
1337/00534-022,MANIJAS EMBRAGUE/FRENO YAMAHA YBR 125 NSU,2.84350028538929,0,OTROS,YAMAHA,YBR125
1337/00534-038,MANIJAS EMBRAGUE/FRENO YAMAHA YBR 125 NSU,2.843499777288437,0,OTROS,YAMAHA,YBR125
1337/00535-527,MANIJAS EMBRAGUE/FRENO YAMAHA YBR 250 EDAR,0,15182.464473,OTROS,YAMAHA,YBR
1337/00622-527,MANIJAS EMBRAGUE/FRENO YAMAHA YBR 250 EDAR,0,15182.464473,OTROS,YAMAHA,YBR
1337/00492-527,MANIJAS EMBRAGUE/FRENO ZANELLA 200 MOTARD EDAR,0,13806.629496,OTROS,ZANELLA,200
1337/00398-527,MANIJAS EMBRAGUE/FRENO ZANELLA HJ 125 EDAR,0,13806.629496,OTROS,ZANELLA,125
1337/00500-527,MANIJAS EMBRAGUE/FRENO ZANELLA PATAGONIAN EAGLE150 EDAR,0,22795.871472,OTROS,ZANELLA,PATAGONIAN
1337/00287-527,MANIJAS EMBRAGUE/FRENO ZANELLA RX 125/NT200 EDAR,0,13806.629496,OTROS,ZANELLA,125
1337/00020-022,MANIJAS EMBRAGUE/FRENO ZANELLA RX 150 A DISCO NSU,3.678489276872635,0,FRENOS,ZANELLA,NS 150
1337/00496-022,MANIJAS EMBRAGUE/FRENO ZANELLA RX 150 NSU,3.460562502614936,0,OTROS,ZANELLA,NS 150
1337/00608-527,MANIJAS EMBRAGUE/FRENO ZANELLA RX 200 EDAR,0,15182.474274,OTROS,ZANELLA,200
1337/00495-527,MANIJAS EMBRAGUE/FRENO ZANELLA RX 250 EDAR,0,15182.474274,OTROS,ZANELLA,250
1337/00396-527,"MANIJAS EMBRAGUE/FRENO ZANELLA RX150,QUEEN GC 125 EDAR",0,13806.629496,OTROS,ZANELLA,RX150
1337/00195-527,"MANIJAS EMBRAGUE/FRENO ZANELLA XX 125,DT125,DT175 EDAR",0,13806.629496,OTROS,ZANELLA,125
1337/00007-566,MANIJAS EMBRAGUE/FRENO ZANELLA XX ALUMINIO VC,0,5690.127366,OTROS,GILERA / ZANELLA,UNIVERSAL
1337/00397-527,MANIJAS EMBRAGUE/FRENO ZANELLA ZTT 200CC EDAR,0,13806.629496,OTROS,ZANELLA,UNIVERSAL
1337/00030-022,MANIJAS EMBRAGUE/FRENO ZANELLA ZTT 250 NSU,3.155029298207131,0,OTROS,ZANELLA,NS 250
1337/00003-541,MANIJAS FRENO HONDA TITAN FUNDEMAP,0,25.570809,OTROS,HONDA,TITAN
1643/08011-560,MANUBRIO ALUMINIO HONDA BROS NEGRO MDA,0,78542.910765,OTROS,HONDA,UNIVERSAL
1643/00040-022,MANUBRIO ALUMINIO UNIVERSAL NEGRO MOTOCROSS C/SOP NSU,28.12027679947128,0,OTROS,,UNIVERSAL
1643/08031-022,MANUBRIO ALUMINIO UNIVERSAL NEGRO REFORZADO NSU,15.44221291921806,0,OTROS,,UNIVERSAL
1643/08072-038,MANUBRIO ALUMINIO UNIVERSAL NEGRO REFORZADO NSU,23.56599227761381,0,OTROS,,UNIVERSAL
1643/08050-038,MANUBRIO ALUMINIO UNIVERSAL PLATA 1633 NSU,14.43946691422254,0,OTROS,,UNIVERSAL
1643/00030-022,MANUBRIO ALUMINIO UNIVERSAL PLATA MOTOCROSS C/SOP NSU,26.24522788104057,0,OTROS,,UNIVERSAL
1643/08070-038,MANUBRIO ALUMINIO UNIVERSAL PLATA REFORZADO NSU,23.56599227761381,0,OTROS,,UNIVERSAL
1643/00048-077,MANUBRIO CORVEN ENERGY 110/MOTOMEL BLITZ 110 NSU,15.89933034186974,0,OTROS,CORVEN / MOTOMEL,BLITZ
1643/01039-560,MANUBRIO CORVEN HUNTER 150 MDA,0,16765.051545,OTROS,CORVEN,HUNTER 150
1643/01075-560,MANUBRIO CORVEN TRIAX 150 MDA,0,18173.180817,OTROS,CORVEN,TRIAX 150
1643/00054-548,MANUBRIO CORVEN TXR 250 HP,0,29160.71928,OTROS,CORVEN,XR 250
1643/01195-560,MANUBRIO DA DALT C/STEM NEGRO MDA,0,5178.172131000001,OTROS,,UNIVERSAL
1643/01190-560,MANUBRIO GARELLI TEAM GRIS MDA,0,16300.121508,OTROS,,UNIVERSAL
1643/05058-560,MANUBRIO GUERRERO CUSTOM GMX 150/MOTOMEL 250C MDA,0,30948.754914,OTROS,MOTOMEL,150
1643/01197-560,MANUBRIO HERO PUCH 50  CROMADO  MDA,0,4948.681716,OTROS,HERO,50
1643/01011-560,MANUBRIO HONDA 400 SPORT CROMADO. MDA,0,17770.937976,OTROS,HONDA,UNIVERSAL
1643/01010-560,MANUBRIO HONDA 400 SPORT NEGRO MDA,0,14347.154646,OTROS,HONDA,UNIVERSAL
1643/01064-560,MANUBRIO HONDA CB1 125 MDA,0,17770.937976,OTROS,HONDA,CB 125
1643/01046-560,MANUBRIO HONDA CG125 FUN MDA,0,17770.937976,OTROS,HONDA,CG125
1643/01084-560,MANUBRIO HONDA FALCON 400 MDA,0,14669.097894,OTROS,HONDA,UNIVERSAL
1643/01036-560,MANUBRIO HONDA GLH 150 MDA,0,17770.937976,OTROS,HONDA,150
1643/01300-647,MANUBRIO HONDA NEW TITAN CROMADO JN,0,8921.497464,OTROS,HONDA,TITAN
1643/00420-150,MANUBRIO HONDA NXR 125/150 BROSS CROMADO CROMOFORTE,10.93842192931068,0,OTROS,HONDA,XR 125
1643/01088-150,MANUBRIO HONDA NXR BROS 125KS CROMOFORTE,9.348419042715797,0,OTROS,HONDA,XR
1643/01088-560,MANUBRIO HONDA NXR BROS 125KS MDA,0,14669.097894,OTROS,HONDA,XR
1643/01047-560,MANUBRIO HONDA STORM SDH 125 CROMADO MDA,0,17770.937976,OTROS,HONDA,STORM 125
1643/00460-150,MANUBRIO HONDA TITAN 125/150 2000 AL 2008 NEGRO CROMOFORTE,6.110473228800774,0,OTROS,HONDA,TITAN
1643/00430-150,MANUBRIO HONDA TITAN 125/150 CROMADO CROMOFORTE,6.110473228800774,0,OTROS,HONDA,TITAN
1643/01066-560,MANUBRIO HONDA TITAN 150 ESD MDA,0,14669.097894,OTROS,HONDA,TITAN
1643/00400-150,MANUBRIO HONDA TITAN 150 PARED FINA CROMADO CROMOFORTE,10.41798325904477,0,OTROS,HONDA,TITAN
1643/01059-560,MANUBRIO HONDA TITAN 2016 CROMADO MDA,0,17770.937976,OTROS,HONDA,TITAN
1643/01210-647,MANUBRIO HONDA TITAN CG 150 NEGRO JN,0,6767.561097,OTROS,HONDA,CG150 / TITAN
1643/01045-150,MANUBRIO HONDA TITAN CG150 CROMADO CROMOFORTE,7.622966602266311,0,OTROS,HONDA,CG150 / TITAN
1643/01045-647,MANUBRIO HONDA TITAN CG150 CROMADO JN,0,8921.497464,OTROS,HONDA,CG150 / TITAN
1643/01045-560,MANUBRIO HONDA TITAN CG150 CROMADO MDA,0,17770.937976,OTROS,HONDA,CG150 / TITAN
1643/01044-647,MANUBRIO HONDA TITAN CROMADO JN,0,8921.497464,OTROS,HONDA,TITAN
1643/01044-560,MANUBRIO HONDA TITAN CROMADO MDA,0,17770.937976,OTROS,HONDA,TITAN
1643/01040-560,MANUBRIO HONDA TODAY CG125 CROMADO MDA,0,17770.937976,OTROS,HONDA,CG125
1643/00410-150,MANUBRIO HONDA TORNADO 250/NX150/XLX350 NEGRO CROMOFORTE,8.62242222345234,0,OTROS,HONDA,TORNADO
1643/01089-150,MANUBRIO HONDA TORNADO XR250 NEGRO CROMOFORTE,10.76895281907463,0,OTROS,HONDA,TORNADO
1643/01089-647,MANUBRIO HONDA TORNADO XR250 NEGRO JN,0,8273.504349,OTROS,HONDA,TORNADO
1643/01089-560,MANUBRIO HONDA TORNADO XR250 NEGRO MDA,0,18173.180817,OTROS,HONDA,TORNADO
1643/01087-560,MANUBRIO HONDA TRANSALP NEGRO MDA,0,18173.180817,OTROS,HONDA,UNIVERSAL
1643/00056-548,MANUBRIO HONDA TWISTER CB250 MODELO NUEVO HP,0,13413.932829,OTROS,HONDA,TWISTER
1643/01048-150,MANUBRIO HONDA TWISTER CBX250 CROMADO CROMOFORTE,11.43444990339947,0,OTROS,HONDA,TWISTER
1643/01048-647,MANUBRIO HONDA TWISTER CBX250 CROMADO JN,0,8274.964698,OTROS,HONDA,TWISTER
1643/01048-560,MANUBRIO HONDA TWISTER CBX250 CROMADO MDA,0,17770.937976,OTROS,HONDA,TWISTER
1643/01037-647,MANUBRIO HONDA TWISTER CBX250 NEGRO JN,0,6068.602782,OTROS,HONDA,TWISTER
1643/01037-560,MANUBRIO HONDA TWISTER CBX250 NEGRO MDA,0,14669.097894,OTROS,HONDA,TWISTER
1643/01071-560,MANUBRIO HONDA XL125/XR200 BLANCO MDA,0,18173.180817,OTROS,HONDA,XR
1643/01070-560,MANUBRIO HONDA XL125/XR200 NEGRO MDA,0,18173.180817,OTROS,HONDA,XR
1643/00412-647,MANUBRIO HONDA XR 250 TORNADO CROMADO JN,0,10314.484191,OTROS,HONDA,XR 250
1643/01079-560,MANUBRIO HONDA XR 80/100 NEGRO MDA,0,16802.138529,OTROS,HONDA,XR 100
1643/01081-560,MANUBRIO HONDA XR250/600 BLANCO MDA,0,18173.180817,OTROS,HONDA,XR
1643/01080-560,MANUBRIO HONDA XR250/600 NEGRO MDA,0,18173.180817,OTROS,HONDA,XR
1643/01191-560,MANUBRIO KINETIC SAFARI CROMADO . MDA,0,4028.054184,OTROS,,UNIVERSAL
1643/01103-560,MANUBRIO MOTOMEL 150VX C/SOPORTE INCORPORADO NEGRO MDA,0,12557.462643,OTROS,MOTOMEL,UNIVERSAL
1643/00218-647,MANUBRIO MOTOMEL SKUA 150 CROMADO JN,0,8921.497464,OTROS,MOTOMEL,SKUA150
1643/01083-560,MANUBRIO MOTOMEL SKUA 150 NEGRO MDA,0,14669.097894,OTROS,MOTOMEL,SKUA150
1643/01105-560,MANUBRIO PARA CUB 110/125 MDA,0,17624.609046,OTROS,,110
1643/01091-560,MANUBRIO REGULABLE C/PUNTERA ALUMINIZADO MDA,0,45798.06379499999,OTROS,,UNIVERSAL
1643/01090-560,MANUBRIO REGULABLE C/PUNTERA NEGRO MDA,0,45798.06379499999,OTROS,,UNIVERSAL
1643/01021-560,MANUBRIO S.SPORT C/PUNTERA ALUMINIZADO MDA,0,22334.587407,OTROS,,UNIVERSAL
1643/01020-560,MANUBRIO S.SPORT C/PUNTERA NEGRO MDA,0,22334.587407,OTROS,,UNIVERSAL
1643/01051-560,MANUBRIO SUZUKI AX100/115 CROMADO MDA,0,17770.937976,OTROS,SUZUKI,AX100
1643/01057-560,MANUBRIO SUZUKI AX100/115 NEGRO MDA,0,14669.097894,OTROS,SUZUKI,AX100
1643/01056-560,MANUBRIO SUZUKI EN 125 2 AGUJEROS CROMADO MDA,0,17770.937976,OTROS,SUZUKI,125
1643/01055-560,MANUBRIO SUZUKI GN125H MDA,0,17770.937976,OTROS,SUZUKI,GN125
1643/01054-150,MANUBRIO YAMAHA FZ16 NEGRO CROMOFORTE,11.43444990339947,0,OTROS,YAMAHA,FZ16
1643/01054-647,MANUBRIO YAMAHA FZ16 NEGRO JN,0,6068.602782,OTROS,YAMAHA,FZ16
1643/01054-560,MANUBRIO YAMAHA FZ16 NEGRO MDA,0,14808.683736,OTROS,YAMAHA,FZ16
1643/05070-077,MANUBRIO YAMAHA NEW CRYPTON 110 NSU,9.129015067857745,0,OTROS,YAMAHA,CRYPTON
1643/01050-560,MANUBRIO YAMAHA RX125 CROMADO. MDA,0,18617.166117,OTROS,YAMAHA,UNIVERSAL
1643/01053-560,MANUBRIO YAMAHA XTZ125 ALUM MDA,0,14478.733071,OTROS,YAMAHA,XTZ125
1643/01058-560,MANUBRIO YAMAHA YBR 250 CROMADO MDA,0,17770.937976,OTROS,YAMAHA,YBR
1643/01052-150,MANUBRIO YAMAHA YBR CROMADO CROMOFORTE,7.50196713238907,0,OTROS,YAMAHA,YBR
1643/01052-647,MANUBRIO YAMAHA YBR CROMADO JN,0,8921.497464,OTROS,YAMAHA,YBR
1643/01052-560,MANUBRIO YAMAHA YBR CROMADO MDA,0,17770.937976,OTROS,YAMAHA,YBR
1643/00815-647,MANUBRIO YAMAHA YBR NEGRO JN,0,6767.561097,OTROS,YAMAHA,YBR
1643/01152-560,MANUBRIO ZANELLA NEW FIRE NEGRO MDA,0,20166.155361,OTROS,ZANELLA,UNIVERSAL
1643/01062-150,MANUBRIO ZANELLA RX 150 CROMADO CROMOFORTE,7.622966602266311,0,OTROS,ZANELLA,150
1643/01144-647,MANUBRIO ZANELLA RX 150 CROMADO JN,0,8921.497464,OTROS,ZANELLA,150
1643/01062-560,MANUBRIO ZANELLA RX 150 CROMADO MDA,0,17770.937976,OTROS,ZANELLA,150
1643/01144-077,MANUBRIO ZANELLA RX 150 CROMADO NSU,9.135286741007995,0,OTROS,ZANELLA,NS 150
1643/01063-647,MANUBRIO ZANELLA RX 150/200 NEGRO JN,0,6723.044955,OTROS,ZANELLA,150
1643/01063-560,MANUBRIO ZANELLA RX 150/200 NEGRO MDA,0,14669.097894,OTROS,ZANELLA,150
1643/01161-560,MANUBRIO ZANELLA SOL BUSSINES NEGRO MDA,0,40003.849809,OTROS,ZANELLA,SOL
1643/01160-560,MANUBRIO ZANELLA SOL NEGRO MDA,0,20166.155361,OTROS,ZANELLA,SOL
1643/01156-560,MANUBRIO ZANELLA V3 BAJO C/STEM FINO NEGRO MDA,0,17056.376469,OTROS,ZANELLA,UNIVERSAL
1643/01150-560,MANUBRIO ZANELLA V3/DUE/VR NEGRO (STEM FINO) MDA,0,23414.157756,OTROS,ZANELLA,DUE
1537/00750-138,MAQUINA PARA CAMBIAR NEUMATICO MOTO .,2991.23499611491,0,OTROS,,UNIVERSAL
1001/01300-022,MARCADORES BLANCO PINTURA PARA NEUMATICOS x 6UNID. NSU,5.520125345625001,0,OTROS,,UNIVERSAL
1001/01320-022,MARCADORES VARIOS COLORES PINTURA NEUMATICOS x 8u. NSU,9.385952244661043,0,OTROS,,UNIVERSAL
1001/13000-566,MASCARA NEOPRENE/POLAR VC,0,6419.909826,OTROS,GILERA,UNIVERSAL
1001/13020-128,MASCARA TERMICA NEOPRENE C/CUELLO POLAR AZUL .,1.304356276671982,0,OTROS,,UNIVERSAL
1001/13020-022,MASCARA TERMICA NEOPRENE C/CUELLO POLAR AZUL NSU,1.333637744107475,0,OTROS,,UNIVERSAL
1001/13030-128,MASCARA TERMICA NEOPRENE C/CUELLO POLAR NEGRA .,2.202181767515946,0,OTROS,,UNIVERSAL
1001/13010-128,MASCARA TERMICA NEOPRENE C/CUELLO POLAR ROJA .,1.304356276671982,0,OTROS,,UNIVERSAL
1001/13010-022,MASCARA TERMICA NEOPRENE C/CUELLO POLAR ROJA NSU,1.333637744107475,0,OTROS,,UNIVERSAL
1729/00003-077,MAZA RUEDA DEL. A DISCO SMASH/MOT.BIT/WAVE(GLPRO) NSU,14.99146537345965,0,FRENOS,GILERA,SMASH
1729/00003-038,MAZA RUEDA DEL. A DISCO SMASH/MOT.BIT/WAVE(GLPRO) NSU,14.99205936933579,0,FRENOS,GILERA,SMASH
1729/00006-134,MAZA RUEDA DEL. HONDA BIZ C125 DIAFRAG,25.30758160847797,0,OTROS,HONDA,BIZ
1729/00005-038,MAZA RUEDA DEL. KAWASAKI NEO MAX NSU,15.58416223130659,0,OTROS,KAWASAKI,UNIVERSAL
1729/00009-077,MAZA RUEDA DEL. MOTOMEL SKUA 250/250F NSU,29.46870815190697,0,OTROS,MOTOMEL,NS 250
1729/00026-134,MAZA RUEDA DEL. YAMAHA YBR 125 BRASIL DIAFRAG,31.44980491925125,0,OTROS,YAMAHA,YBR125
1729/00060-103,MAZA RUEDA DEL. ZANELLA SEXY .,19.59937579443142,0,OTROS,ZANELLA,UNIVERSAL
1731/00005-038,MAZA RUEDA TRAS. GILERA SMASH C/RULEMAN NSU,20.2920265544228,0,OTROS,GILERA,SMASH
1731/00005-022,MAZA RUEDA TRAS. GILERA SMASH C/RULEMAN NSU,20.29195408471599,0,OTROS,GILERA,SMASH
1731/00018-022,MAZA RUEDA TRAS. HONDA BIZ C/RUL. NSU,23.77682677499033,0,OTROS,HONDA,BIZ
1731/00026-134,MAZA RUEDA TRAS. HONDA BIZ C100/125 DIAFRAG,49.71122923446717,0,OTROS,HONDA,BIZ
1731/00019-134,MAZA RUEDA TRAS. HONDA CG 150/TITAN 2004 DIAFRAG,46.82679484249306,0,OTROS,HONDA,CG150 / TITAN
1731/00020-038,MAZA RUEDA TRAS. HONDA CG125/MOTOMEL DAKAR 200 NSU,29.63852067481637,0,OTROS,HONDA,CG125
1731/00031-022,MAZA RUEDA TRAS. HONDA NF100 WAVE NSU,27.97542642482031,0,OTROS,HONDA,WAVE
1731/00025-038,MAZA RUEDA TRAS. HONDA TITAN 2000 NSU,36.43523913821697,0,OTROS,HONDA,TITAN
1731/00040-022,MAZA RUEDA TRAS. KAWASAKI  NEO MAX (RXS) C/RUL.MAN NSU,19.28769254980531,0,OTROS,KAWASAKI,UNIVERSAL
1731/00047-077,MAZA RUEDA TRAS. MOTOMEL MOTARD 200 NSU,72.58679156847383,0,OTROS,MOTOMEL,NS 200
1731/00048-128,MAZA RUEDA TRAS. MOTOMEL SKUA 150 C/MANCHON .,38.50211548208806,0,OTROS,MOTOMEL,SKUA150
1731/00048-077,MAZA RUEDA TRAS. MOTOMEL SKUA 150 C/MANCHON NSU,38.5013908125,0,OTROS,MOTOMEL,SKUA150
1731/00051-022,MAZA RUEDA TRAS. SUZUKI AX100 C/RULEMAN Y MANCHON NSU,23.63159522898674,0,OTROS,SUZUKI,AX100
1731/00060-038,MAZA RUEDA TRAS. YAMAHA CRYPTON /  V80 NSU,23.37686137731995,0,OTROS,YAMAHA,CRYPTON
1731/00070-038,MAZA RUEDA TRAS. YAMAHA YBR125 NSU,34.55716735732338,0,OTROS,YAMAHA,YBR125
1731/00110-103,MAZA RUEDA TRAS.ZANELLA SEXY .,34.84377004808999,0,OTROS,ZANELLA,UNIVERSAL
1445/00010-621,MEDIA LUNA ESCAPE CG x10UNID. .,0,6252.645960000001,OTROS,HONDA,CG
1445/00020-621,MEDIA LUNA ESCAPE ZANELLA RX150 x10UNID. .,0,5976.345968999999,OTROS,ZANELLA,RX150
1863/00005-019,MEDIA POLEA DEL VARIADOR HONDA ELITE 50 TERCOM,44.97179184514744,0,OTROS,HONDA,50
1863/00010-019,MEDIA POLEA DEL VARIADOR YAMAHA AXIS 90 TERCOM,45.01844226164388,0,OTROS,YAMAHA,90
1427/00060-020,MEDIA POLEA EMBRAGUE YAMAHA AXIS 90 TW.,32.64574543687228,0,OTROS,YAMAHA,90
1863/00020-019,MEDIA TAPA VARIADOR HONDA ELITE 50  TERCOM,0.8983811168635565,0,OTROS,HONDA,50
1537/10255-138,MEDIDO DIGITAL DE PRESION AIRE NEUMATICO 4 ESCALAS .,8.857161195014191,0,OTROS,,UNIVERSAL
2014/00005-138,MINI COMPRESOR 150PSI DC12V.14AMP.CUERPO METAL .,22.90486071159187,0,OTROS,,UNIVERSAL
1001/00194-038,MINICOMPRESOR ANALOGICO 12V.150PSI NSU,18.62213264588356,0,OTROS,,UNIVERSAL
1001/00196-038,MINICOMPRESOR DIGITAL 12V.150PSI NSU,27.68272583967018,0,OTROS,,UNIVERSAL
1001/00395-022,MOCHILA RIGIDA CON PUERTOS USB NSU,70.37205915654945,0,OTROS,,UNIVERSAL
1671/01042-667,MODULO RECTIFICADOR CARGA DE BATERIA H.TWISTER x10 PIETCARD,0,6483.959361,BATERÍAS,,TWISTER
6030/00010-094,MOTO AGUA 4 T NSU,38548.00218882261,0,OTROS,,UNIVERSAL
1049/00100-022,MOTOR ARRANQUE 200CC 11 DIENTES NSU,49.67053985415344,0,OTROS,,UNIVERSAL
1049/00003-022,MOTOR ARRANQUE BAJAJ 220 NSU,25.7171142631184,0,OTROS,BAJAJ,220
1049/10361-623,MOTOR ARRANQUE BAJAJ ROUSER 135CC DZE,0,66160.758609,OTROS,BAJAJ,ROUSER
1049/10362-623,MOTOR ARRANQUE BAJAJ ROUSER 220CC DZE,0,81578.57449500001,OTROS,BAJAJ,ROUSER
1049/10363-623,MOTOR ARRANQUE BAJAJ ROUSER NS200CC DZE,0,77132.46845700001,OTROS,BAJAJ,NS200 / ROUSER
1049/10363-022,MOTOR ARRANQUE BAJAJ ROUSER NS200CC NSU,36.09606349320831,0,OTROS,BAJAJ,NS200 / ROUSER
1049/10264-623,MOTOR ARRANQUE GILERA SUPER/MOTOMEL VX150/VCL125 DZE,0,60317.667036,OTROS,GILERA,UNIVERSAL
1049/10264-022,MOTOR ARRANQUE GILERA SUPER/MOTOMEL VX150/VCL125 NSU,23.5124764875,0,OTROS,GILERA,UNIVERSAL
1049/10366-022,MOTOR ARRANQUE HONDA BIZ 125 2012-2018 NSU,24.32351433720246,0,OTROS,HONDA,BIZ
1049/10280-623,MOTOR ARRANQUE HONDA BIZ 125 DZE,0,63280.038888,OTROS,HONDA,BIZ
1049/10263-623,MOTOR ARRANQUE HONDA BIZ-GILERA SMASH DZE,0,55693.87866900001,OTROS,GILERA / HONDA,SMASH
1049/10364-022,MOTOR ARRANQUE HONDA CB 190 R NSU,23.87238181468231,0,OTROS,HONDA,CB
1049/00005-077,MOTOR ARRANQUE HONDA CG 125/ZANELLA RX150 NSU,22.54244367963009,0,OTROS,HONDA,CG125 / RX150
1049/10271-623,MOTOR ARRANQUE HONDA CG TITAN 125/CBX 200 STRADA DZE,0,104768.446167,OTROS,HONDA,TITAN
1049/10273-623,MOTOR ARRANQUE HONDA CG TITAN 150 DZE,0,64322.34583500001,OTROS,HONDA,TITAN
1049/10273-022,MOTOR ARRANQUE HONDA CG TITAN 150 NSU,23.64139367539673,0,OTROS,HONDA,TITAN
1049/10266-623,MOTOR ARRANQUE HONDA ELITE/CUATRICICLO 150 DZE,0,102369.984651,OTROS,HONDA,150
1049/10287-623,MOTOR ARRANQUE HONDA VTR 250 INTERCEPTOR DZE,0,105088.67424,OTROS,HONDA,250
1049/00277-022,MOTOR ARRANQUE HONDA WAVE 110 S NSU,19.4535890454364,0,OTROS,HONDA,WAVE110
1049/10365-022,MOTOR ARRANQUE HONDA XR150L NSU,27.17623572211568,0,OTROS,HONDA,XR
1049/10272-623,MOTOR ARRANQUE HONDA XR250 TORNADO/TWISTER DZE,0,96099.520473,OTROS,HONDA,TWISTER
1049/10267-623,MOTOR ARRANQUE MONDIAL 250/HONDA CB 250 DZE,0,139451.852529,OTROS,HONDA / MONDIAL,CB 250
1049/10285-623,MOTOR ARRANQUE MOTOMEL CG150/ZANELLA RX150 DZE,0,70259.84064,OTROS,HONDA / MOTOMEL,CG150 / RX150
1049/10265-623,MOTOR ARRANQUE MOTOMEL CUSTOM/XR 200/CG125/TITAN DZE,0,52600.467447,OTROS,MOTOMEL,CG125 / TITAN
1049/00030-077,MOTOR ARRANQUE MOTOMEL MOTARD 200 NSU,25.18008747694151,0,OTROS,MOTOMEL,NS 200
1049/10279-022,MOTOR ARRANQUE SUZUKI EN/GS 125 NSU,28.960707252361,0,OTROS,SUZUKI,NS 125
1049/10286-623,MOTOR ARRANQUE SUZUKI GN 250/GZ DZE,0,114369.986016,OTROS,SUZUKI,250
1049/10274-623,MOTOR ARRANQUE YAMAHA CRYPTON DZE,0,100159.055469,OTROS,YAMAHA,CRYPTON
1049/10274-022,MOTOR ARRANQUE YAMAHA CRYPTON NSU,16.94143972333088,0,OTROS,YAMAHA,CRYPTON
1049/00022-022,MOTOR ARRANQUE YAMAHA FZ 16 2010/2014 NSU,22.09385885629223,0,OTROS,YAMAHA,FZ16
1049/00020-623,MOTOR ARRANQUE YAMAHA FZ 16 DZE,0,162130.141404,OTROS,YAMAHA,FZ16
1049/00020-022,MOTOR ARRANQUE YAMAHA FZ 16 NSU,21.07755063873688,0,OTROS,YAMAHA,FZ16
1049/00040-623,MOTOR ARRANQUE YAMAHA NEW CRYPTON DZE,0,59994.900504,OTROS,YAMAHA,CRYPTON
1049/00040-022,MOTOR ARRANQUE YAMAHA NEW CRYPTON NSU,17.72778144884662,0,OTROS,YAMAHA,CRYPTON
1049/00050-022,MOTOR ARRANQUE YAMAHA YBR 125 2012 NSU,24.23706918183345,0,OTROS,YAMAHA,YBR125
1049/10283-623,MOTOR ARRANQUE YAMAHA YBR 125/XTZ 125 DZE,0,63280.038888,OTROS,YAMAHA,XTZ125 / YBR125
1049/10282-623,MOTOR ARRANQUE YAMAHA YFM RAPTOR 50/80 DZE,0,68992.982982,OTROS,YAMAHA,50
1049/00010-022,MOTOR ARRANQUE ZANELLA ZB110/GILERA SMASH NSU,21.30805263243542,0,OTROS,GILERA / ZANELLA,SMASH / ZB110
6060/00040-100,MOTOR FUERA DE BORDA 2T 15HP .,4000.768718773014,0,LUBRICANTES,,UNIVERSAL
6060/00030-100,MOTOR FUERA DE BORDA 2T 5HP .,2958.117506010557,0,LUBRICANTES,,UNIVERSAL
1749/00004-128,MULETA BAJAJ ROUSER 200NS .,2.720068082840424,0,OTROS,BAJAJ,ROUSER
1749/00005-548,MULETA BAJAJ ROUSER/PULSAR HP,0,13122.323676,OTROS,BAJAJ,ROUSER
1749/00063-150,MULETA GILERA SMASH 110 CROMOFORTE,9.014460505854608,0,OTROS,GILERA,SMASH
1749/00040-548,MULETA GILERA SMASH/TRIP/ HP,0,8684.421075,OTROS,GILERA,SMASH
1749/00055-548,MULETA HONDA BROSS NXR 125 HP,0,21141.511677,OTROS,HONDA,XR 125
1749/00060-647,MULETA HONDA C90 ECON./GILERA SMASH/BIZ/TRIP JN,0,3638.670255,OTROS,GILERA / HONDA,SMASH
1749/00064-150,MULETA HONDA CG 125/150/TITAN C/GOMA CROMOFORTE,5.384476409537316,0,OTROS,HONDA,CG125 / TITAN
1749/00115-548,MULETA HONDA FALCON NX 400 HP,0,17338.106214,OTROS,HONDA,UNIVERSAL
1749/00056-022,MULETA HONDA NXR125/150 NSU,4.152644472669984,0,OTROS,HONDA,XR 150
1749/00086-150,MULETA HONDA NXR125/XR150L CROMOFORTE,6.504931500600587,0,OTROS,HONDA,XR
1749/00082-548,MULETA HONDA STORM 125 HP,0,13122.323676,OTROS,HONDA,STORM 125
1749/00081-647,MULETA HONDA STORM JN,0,3756.448872,OTROS,HONDA,UNIVERSAL
1749/00084-548,MULETA HONDA TWISTER CBX 250 HP,0,10872.582534,OTROS,HONDA,TWISTER
1749/00120-128,MULETA HONDA WAVE 110 S .,2.161050532007561,0,OTROS,HONDA,WAVE110
1749/00083-548,MULETA HONDA XL 125 HP,0,13193.51814,OTROS,HONDA,125
1749/00085-548,MULETA HONDA XR 250 TORNADO HP,0,17496.421767,OTROS,HONDA,XR 250
1749/00098-128,MULETA MOTOMEL BLITZ 110 .,2.236070203331451,0,OTROS,MOTOMEL,BLITZ
1749/00100-022,MULETA SUZUKI AX 100 NSU,4.389661992042622,0,OTROS,SUZUKI,100
1749/00105-022,MULETA UNIVERSAL TUNNING ROJO GILERA SMASH NSU,8.14868350005041,0,OTROS,GILERA,SMASH
1749/00138-128,MULETA YAMAHA CRYPTON 100 .,2.386109545979233,0,OTROS,YAMAHA,CRYPTON
1749/00139-548,MULETA YAMAHA FZ16 NEGRA HP,0,17968.379121,OTROS,YAMAHA,FZ16
1749/00133-548,MULETA YAMAHA XTZ 125 HP,0,18225.44955,OTROS,YAMAHA,XTZ125
1749/00041-150,MULETA YAMAHA YBR 125 CROMOFORTE,5.202977204721451,0,OTROS,YAMAHA,YBR125
1749/00137-548,MULETA YAMAHA YBR 125 HP,0,14790.924324,OTROS,YAMAHA,YBR125
1749/00134-548,MULETA YAMAHA YBR 250/YS 250 HP,0,34939.251666,OTROS,YAMAHA,YBR
1749/00155-150,MULETA ZANELLA RX 150 CROMOFORTE,5.384476409537316,0,OTROS,ZANELLA,150
1749/00155-647,MULETA ZANELLA RX 150 JN,0,3761.398377,OTROS,ZANELLA,150
1749/00150-128,MULETA ZANELLA RX 150 NEGRA .,2.161050532007561,0,OTROS,ZANELLA,150
1749/00150-548,MULETA ZANELLA RX 150 NEGRA HP,0,12828.871935,OTROS,ZANELLA,150
1749/00140-079,MULETA ZANELLA SEXY .,5.976984573418764,0,OTROS,ZANELLA,UNIVERSAL
1749/00110-566,MULETA ZANELLA/CARGA/V3/DUE/SOL/FIRE VC,0,9507.959901,OTROS,GILERA,DUE / SOL
1001/50010-022,MUSLERA PARA MOTO BOLSO/RIÑONERA TACTICA M1 NSU,10.60699251291847,0,OTROS,,UNIVERSAL
1001/50020-022,MUSLERA PARA MOTO BOLSO/RIÑONERA TACTICA M2 NSU,10.60699251291847,0,OTROS,,UNIVERSAL
1733/00010-518,"NIPLES 2,5MM X 36 R33",0,3436.318809,OTROS,,UNIVERSAL
1733/00020-518,NIPLES 3.0MM X 36 R33,0,3608.424369,OTROS,,UNIVERSAL
1733/00030-518,NIPLES 3.5MM X 36 R33,0,7888.295646,OTROS,,UNIVERSAL
1733/00040-518,NIPLES 4.0MM X 36 R33,0,7993.901421,OTROS,,UNIVERSAL
1295/00080-566,OJO DE GATO BAULERA 819 (VAM30) (1272/00080-566) VC,0,3763.721214,ACCESORIOS,GILERA,UNIVERSAL
1295/00020-022,OJO DE GATO CUADRADO  ROJO NSU,1.219695237625122,0,OTROS,,UNIVERSAL
1295/00030-022,OJO DE GATO RECTANGULAR ROJO TRAS. NSU,1.219695237625122,0,OTROS,,UNIVERSAL
1295/00006-566,OJO DE GATO SUSPEN. DELANT. SMASH/TRIP/BIZ x JGO.R VC,0,1383.126921,OTROS,GILERA,SMASH
1477/00028-022,"OPTICA FAROL DEL. H.C-100 BIZ,TRIP,SMASH C/GIRO AM NSU",12.96606153793373,0,MOTOR,HONDA,SMASH
1477/00028-566,"OPTICA FAROL DEL. H.C-100 BIZ,TRIP,SMASH C/GIRO AM VC",0,32668.065936,MOTOR,GILERA / HONDA,SMASH
1477/00029-022,"OPTICA FAROL DEL. H.C-100 BIZ,TRIP,SMASH C/GIRO CR NSU",13.64874020215301,0,MOTOR,HONDA,SMASH
1477/00029-566,"OPTICA FAROL DEL. H.C-100 BIZ,TRIP,SMASH C/GIRO CR VC",0,32668.065936,MOTOR,GILERA / HONDA,SMASH
1477/00033-566,OPTICA FAROL DEL. HONDA BIZ /MOTOMEL BIT SOLA VC,0,14088.770883,MOTOR,GILERA / HONDA,BIZ
1477/00048-038,OPTICA FAROL DEL. HONDA CB150 INVICTA NSU,24.09021000847038,0,MOTOR,HONDA,CB
1477/00049-038,OPTICA FAROL DEL. HONDA CB190R NSU,129.4734972517572,0,MOTOR,HONDA,CB
1477/00047-022,OPTICA FAROL DEL. HONDA CBX 250 TWISTER 2017 NSU,37.11711729051001,0,MOTOR,HONDA,TWISTER
1477/00094-038,OPTICA FAROL DEL. HONDA NSU,17.07964032291786,0,MOTOR,HONDA,UNIVERSAL
1477/00080-534,OPTICA FAROL DEL. HONDA TITAN FE,0,205.125129,MOTOR,HONDA,TITAN
1477/00092-566,OPTICA FAROL DEL. HONDA WAVE M/N VC,0,15394.763934,MOTOR,GILERA / HONDA,WAVE
1477/00105-038,OPTICA FAROL DEL. LANYING MT90/CY80 NSU,6.600433635040833,0,MOTOR,,UNIVERSAL
1477/00108-077,OPTICA FAROL DEL. MOTOMEL MOTARD 200 NSU,17.0576226636931,0,MOTOR,MOTOMEL,NS 200
1477/00107-566,OPTICA FAROL DEL. YAMAHA CRYPTON VC,0,13588.096599,MOTOR,GILERA / YAMAHA,CRYPTON
1477/00125-566,OPTICA FAROL DEL. YAMAHA FZ16 VC,0,48191.085756,MOTOR,GILERA / YAMAHA,FZ16
1477/00070-020,OPTICA FAROL DEL. YAMAHA RX 125 TW.,19.11817669854299,0,MOTOR,YAMAHA / ZANELLA,125
1477/00170-022,OPTICA FAROL DEL. ZANELLA ZTT250 NSU,17.23870146054759,0,MOTOR,ZANELLA,UNIVERSAL
1707/00400-515,O-RING CUBA CARBURADOR CICLO x10 unid. BUHO,0,2296.413504,ALIMENTACIÓN / CARBURACIÓN,,UNIVERSAL
1707/00410-515,O-RING CUBA CARBURADOR GILERA SMASH x10 unid. BUHO,0,2493.237186,ALIMENTACIÓN / CARBURACIÓN,GILERA,SMASH
1707/00450-627,O-RING CUBA GILERA SMASH REDONDO x10UNID. JUNTAS ALFA,0,4453.858629,MOTOR,GILERA,SMASH
1707/00440-627,O-RING CUBA HONDA CG125/150/XR200/250 x10UNID. JUNTAS ALFA,0,5006.233188,MOTOR,HONDA,CG125
1707/00670-627,O-RING CUBA HONDA TWISTER/TORNADO 50HO5615x10UNID. JUNTAS ALFA,0,5626.36206,MOTOR,HONDA,TWISTER
1707/00430-627,O-RING CUBA HONDA WAVE PUNTA CUADRADA x10UNID. JUNTAS ALFA,0,4453.858629,MOTOR,HONDA,WAVE
1707/00460-627,O-RING CUBA HONDA-ZANELLA-VARIAS250x5UNID.50MO1715 JUNTAS ALFA,0,8311.983075,MOTOR,HONDA,UNIVERSAL
1707/00600-627,O-RING CUBA YAMAHA CRYPTON-NEWCRYPTONx10u 50YA1215 JUNTAS ALFA,0,5006.233188,MOTOR,YAMAHA,CRYPTON
1707/00660-627,O-RING CUBA YAMAHA FZ16/BAJAJ/SUZUKI X10u 50YA3315 JUNTAS ALFA,0,5626.36206,MOTOR,YAMAHA,FZ16
1707/00610-627,O-RING CUBA YAMAHA YBR125-XTZ125 x10unid. 50YA2915 JUNTAS ALFA,0,5006.233188,MOTOR,YAMAHA,XTZ125 / YBR125
1243/00005-022,PALANCA CEBADOR GILERA SMASH NSU,0.2661982228125,0,OTROS,GILERA,SMASH
1243/00005-566,PALANCA CEBADOR GILERA SMASH VC,0,864.046359,OTROS,GILERA,SMASH
1243/00003-566,PALANCA CEBADOR HONDA NEW WAVE 110 VC,0,863.5171049999999,OTROS,GILERA / HONDA,WAVE110
1653/00001-022,PALANCA DE ARRANQUE APPIA MONTERO NSU,9.437863288980104,0,OTROS,APPIA,UNIVERSAL
1653/00033-022,PALANCA DE ARRANQUE GILERA SAHEL/MOTOMEL S2 NSU,8.409615507275102,0,OTROS,GILERA,UNIVERSAL
1653/00003-128,PALANCA DE ARRANQUE GILERA SMASH .,2.572250135062981,0,OTROS,GILERA,SMASH
1653/00003-022,PALANCA DE ARRANQUE GILERA SMASH NSU,3.238726461336709,0,OTROS,GILERA,SMASH
1653/00004-022,PALANCA DE ARRANQUE HONDA C90/DAELIM NSU,4.97784946403389,0,OTROS,HONDA,C90
1653/00830-022,PALANCA DE ARRANQUE HONDA CB 125 F TWISTER NSU,5.55283100640358,0,OTROS,HONDA,TWISTER 125
1653/00008-128,PALANCA DE ARRANQUE HONDA CG125/TODAY/TITAN .,3.45435115513115,0,OTROS,HONDA,CG125 / TITAN
1653/00008-022,PALANCA DE ARRANQUE HONDA CG125/TODAY/TITAN NSU,4.329918093569183,0,OTROS,HONDA,CG125 / TITAN
1653/00028-022,PALANCA DE ARRANQUE HONDA CG150 NSU,4.693648637646675,0,OTROS,HONDA,CG150
1653/00069-022,PALANCA DE ARRANQUE HONDA DAX 70 NSU,3.746206801277161,0,OTROS,HONDA,70
1653/00013-077,PALANCA DE ARRANQUE HONDA DAX110/MAX110/DAY110 NSU,2.861927753998947,0,OTROS,HONDA,UNIVERSAL
1653/00070-022,PALANCA DE ARRANQUE HONDA STORM NSU,5.916786324166317,0,OTROS,HONDA,UNIVERSAL
1653/00044-022,PALANCA DE ARRANQUE HONDA WAVE 110 S NSU,4.731054353199577,0,OTROS,HONDA,WAVE110
1653/00044-077,PALANCA DE ARRANQUE HONDA WAVE 110 S NSU,4.731133871543884,0,OTROS,HONDA,WAVE110
1653/00017-022,PALANCA DE ARRANQUE HONDA XR 600 NSU,11.20856281858555,0,OTROS,HONDA,XR
1653/00014-022,PALANCA DE ARRANQUE HONDA XR200 NSU,6.146392786746598,0,OTROS,HONDA,XR
1653/00019-038,PALANCA DE ARRANQUE MORINI NSU,3.373512765365192,0,OTROS,,UNIVERSAL
1653/00029-022,PALANCA DE ARRANQUE MOTOMEL CUSTON 150 NSU,4.843932515139771,0,OTROS,MOTOMEL,NS 150
1653/00035-128,PALANCA DE ARRANQUE MOTOMEL SKUA .,4.390902855450439,0,OTROS,MOTOMEL,UNIVERSAL
1653/00035-022,PALANCA DE ARRANQUE MOTOMEL SKUA NSU,6.635716735303688,0,OTROS,MOTOMEL,UNIVERSAL
1653/00045-022,PALANCA DE ARRANQUE MOTOMEL VX150 SCOOTER NSU,3.844218025729179,0,OTROS,MOTOMEL,UNIVERSAL
1653/00020-022,PALANCA DE ARRANQUE SUZUKI AX100 NSU,4.861982027751732,0,OTROS,SUZUKI,AX100
1653/00046-022,PALANCA DE ARRANQUE SUZUKI GN 125 NSU,7.746279112480545,0,OTROS,SUZUKI,NS 125
1653/00043-022,PALANCA DE ARRANQUE YAMAHA CRYPTON CROMADA NSU,4.643873104011726,0,OTROS,YAMAHA,CRYPTON
1653/00036-022,PALANCA DE ARRANQUE YAMAHA CRYPTON NSU,3.799413059164467,0,OTROS,YAMAHA,CRYPTON
1653/00068-128,PALANCA DE ARRANQUE YAMAHA FZ 16 .,4.735031154637527,0,OTROS,YAMAHA,FZ16
1653/00068-022,PALANCA DE ARRANQUE YAMAHA FZ 16 NSU,6.660407208317185,0,OTROS,YAMAHA,FZ16
1653/00038-022,PALANCA DE ARRANQUE YAMAHA NEW CRYPTON NSU,6.582341874859943,0,OTROS,YAMAHA,CRYPTON
1653/00090-022,PALANCA DE ARRANQUE YAMAHA XTZ 125 NEW NSU,8.185501124012946,0,OTROS,YAMAHA,XTZ125
1653/00027-022,PALANCA DE ARRANQUE YAMAHA YBR125 NSU,5.730389589628029,0,OTROS,YAMAHA,YBR125
1653/00030-022,PALANCA DE ARRANQUE ZANELLA DUE NSU,7.405269156468429,0,OTROS,ZANELLA,DUE
1653/00050-022,PALANCA DE ARRANQUE ZANELLA RX 150 NSU,4.537427398109837,0,OTROS,ZANELLA,NS 150
1651/00820-022,PALANCA DE CAMBIO BAJAJ ROUSER 135 NSU,5.466756049053842,0,OTROS,BAJAJ,ROUSER
1651/00830-022,PALANCA DE CAMBIO BAJAJ ROUSER NS 160 NSU,7.690378129194602,0,OTROS,BAJAJ,ROUSER
1651/00005-022,PALANCA DE CAMBIO GILERA SMASH 110 45MM LARGA NSU,2.792667764766769,0,OTROS,GILERA,SMASH
1651/00004-128,PALANCA DE CAMBIO GILERA SMASH SOPORTE 33MM .,2.347389715618515,0,OTROS,GILERA,SMASH
1651/00004-022,PALANCA DE CAMBIO GILERA SMASH SOPORTE 33MM NSU,2.190096153533593,0,OTROS,GILERA,SMASH
1651/00010-647,PALANCA DE CAMBIO GUERRERO100/SMASH/TRIP JN,0,6233.190975,OTROS,,SMASH
1651/00052-022,PALANCA DE CAMBIO HONDA DAX 110/ MAX 110/ DAY 110 NSU,5.365116494356957,0,OTROS,HONDA,NS 110
1651/00042-022,PALANCA DE CAMBIO HONDA NEW TITAN 150 NSU,2.691028210069885,0,OTROS,HONDA,TITAN
1651/00024-022,PALANCA DE CAMBIO HONDA STORM NSU,3.327478738546372,0,OTROS,HONDA,UNIVERSAL
1651/00026-150,PALANCA DE CAMBIO HONDA TITAN 150 00/14 CROMADA CROMOFORTE,5.476436006644021,0,OTROS,HONDA,TITAN
1651/00016-022,PALANCA DE CAMBIO HONDA TWISTER CBX 250 NSU,3.884186246799888,0,OTROS,HONDA,TWISTER
1651/00031-022,PALANCA DE CAMBIO HONDA WAVE 110S NSU,3.753351734913254,0,OTROS,HONDA,WAVE110
1651/00027-077,PALANCA DE CAMBIO HONDA WAVE 2014 NSU,4.858147488944436,0,OTROS,HONDA,WAVE
1651/00043-150,PALANCA DE CAMBIO HONDA XR 250 TORNADO CROMADA CROMOFORTE,6.425097719600917,0,OTROS,HONDA,XR 250
1651/00030-038,PALANCA DE CAMBIO KAWASAKI  GTO110 NSU,4.402012509711491,0,OTROS,KAWASAKI,UNIVERSAL
1651/00058-022,PALANCA DE CAMBIO MOTOMEL SKUA NEGRA NSU,2.187670415380555,0,OTROS,MOTOMEL,UNIVERSAL
1651/00885-022,PALANCA DE CAMBIO NXR 125/150 NSU,4.05350770247941,0,OTROS,,XR 125
1651/00040-022,PALANCA DE CAMBIO SUZUKI AX100 NSU,2.524048941639289,0,OTROS,SUZUKI,AX100
1651/00032-022,PALANCA DE CAMBIO UNIV.ENDURO/CROSS CROMADA NSU,3.085516440378341,0,OTROS,,UNIVERSAL
1651/00029-022,PALANCA DE CAMBIO UNIVERSAL ENDURO/CROSS NSU,1.97010489970768,0,OTROS,,UNIVERSAL
1651/00045-022,PALANCA DE CAMBIO YAMAHA CRYPTON/JUPITER NSU,4.372920841363563,0,OTROS,YAMAHA,CRYPTON
1651/00049-022,PALANCA DE CAMBIO YAMAHA FAZER 250 NSU,5.125711104652433,0,OTROS,YAMAHA,FAZER 250
1651/00048-022,PALANCA DE CAMBIO YAMAHA XTZ125 NSU,1.936018733304663,0,OTROS,YAMAHA,XTZ125
1651/00047-022,PALANCA DE CAMBIO YAMAHA YBR NSU,2.227360592653799,0,OTROS,YAMAHA,YBR
1651/00055-022,PALANCA DE CAMBIO ZANELLA RX 150 NSU,2.691028210069885,0,OTROS,ZANELLA,NS 150
1651/00800-022,PALANCA DE CAMBIO ZANELLA RX 150 Z7 NEGRO NSU,3.460584838489151,0,OTROS,ZANELLA,NS 150
1651/00130-022,PALANCA DE CAMBIO ZX-830 AZUL (TIPO PEDAL) NSU,12.4185934409002,0,OTROS,,UNIVERSAL
1651/00120-022,PALANCA DE CAMBIO ZX-830 ROJO (TIPO PEDAL) NSU,12.4185934409002,0,OTROS,,UNIVERSAL
1651/00090-022,PALANCA DE CAMBIO ZX-852 AZUL (SIMPLE) NSU,12.4185934409002,0,OTROS,,UNIVERSAL
1651/00060-022,PALANCA DE CAMBIO ZX-852-3 AZUL SMASH (DOBLE) NSU,16.85147718883309,0,OTROS,GILERA,SMASH
1651/00070-022,PALANCA DE CAMBIO ZX-852-3 CROMADA SMASH (DOBLE) NSU,20.59561800067576,0,OTROS,GILERA,SMASH
1651/00050-022,PALANCA DE CAMBIO ZX-852-3 ROJA SMASH (DOBLE) NSU,16.85147718883309,0,OTROS,GILERA,SMASH
1651/00100-022,PALANCA DE CAMBIO ZX-852-ROJA (SIMPLE) NSU,11.72843892447607,0,OTROS,,UNIVERSAL
1655/00003-022,PALANCA DE FRENO PIE BAJAJ ROUSER NS200 NSU,8.137504220033454,0,OTROS,BAJAJ,NS200 / ROUSER
1655/00041-150,PALANCA DE FRENO PIE GILERA SMASH CROMADO CROMOFORTE,7.622966602266311,0,OTROS,GILERA,SMASH
1655/00041-647,PALANCA DE FRENO PIE GILERA SMASH CROMADO JN,0,8298.447894,OTROS,GILERA,SMASH
1655/00004-128,PALANCA DE FRENO PIE GILERA SMASH PINTADO .,5.953151837445145,0,OTROS,GILERA,SMASH
1655/00004-647,PALANCA DE FRENO PIE GILERA SMASH PINTADO JN,0,6274.462986,OTROS,GILERA,SMASH
1655/00004-022,PALANCA DE FRENO PIE GILERA SMASH PINTADO NSU,5.953204942396546,0,OTROS,GILERA,SMASH
1655/00014-647,PALANCA DE FRENO PIE GUERRERO TRIP CROMADO JN,0,8298.447894,OTROS,,UNIVERSAL
1655/00023-647,PALANCA DE FRENO PIE GUERRERO TRIP PINTADO JN,0,6274.462986,OTROS,,UNIVERSAL
1655/00025-548,PALANCA DE FRENO PIE HONDA BIZ HP,0,19281.791529,OTROS,HONDA,BIZ
1655/00009-022,PALANCA DE FRENO PIE HONDA C90/LUXE-GUERRERO70/110 NSU,5.587436377009164,0,OTROS,HONDA,NS 110
1655/00070-022,PALANCA DE FRENO PIE HONDA CG TODAY NSU,4.780560986696241,0,OTROS,HONDA,CG
1655/00082-647,PALANCA DE FRENO PIE HONDA CG150 TITAN PINTADO JN,0,6274.462986,OTROS,HONDA,CG150 / TITAN
1655/00072-647,PALANCA DE FRENO PIE HONDA CG150/MOTOMEL SERIE CRO JN,0,8298.447894,OTROS,HONDA,CG150
1655/00026-647,PALANCA DE FRENO PIE HONDA NEW WAVE PINTADO JN,0,6274.462986,OTROS,HONDA,WAVE
1655/00006-647,PALANCA DE FRENO PIE HONDA STORM JN,0,10463.84163,OTROS,HONDA,UNIVERSAL
1655/00006-022,PALANCA DE FRENO PIE HONDA STORM NSU,5.294728333359275,0,OTROS,HONDA,UNIVERSAL
1655/00081-022,PALANCA DE FRENO PIE HONDA TITAN 150 NEW NSU,4.924678424003791,0,OTROS,HONDA,TITAN
1655/00030-647,PALANCA DE FRENO PIE HONDA WAVE 110S CROMADO JN,0,8298.447894,OTROS,HONDA,WAVE110
1655/00096-022,PALANCA DE FRENO PIE HONDA WAVE 110S NSU,4.549511449467087,0,OTROS,HONDA,WAVE110
1655/00096-077,PALANCA DE FRENO PIE HONDA WAVE 110S NSU,3.533184520415497,0,OTROS,HONDA,WAVE110
1655/00008-647,PALANCA DE FRENO PIE HONDA WAVE CROMADO JN,0,8298.447894,OTROS,HONDA,WAVE
1655/00008-022,PALANCA DE FRENO PIE HONDA WAVE CROMADO NSU,3.99667993043232,0,OTROS,HONDA,WAVE
1655/00028-647,PALANCA DE FRENO PIE HONDA WAVE PINTADO JN,0,6274.462986,OTROS,HONDA,WAVE
1655/00095-022,PALANCA DE FRENO PIE HONDA XR150L NSU,6.84130476938015,0,OTROS,HONDA,XR
1655/00032-647,PALANCA DE FRENO PIE MOTOMEL S2 PINTADO JN,0,6274.462986,OTROS,MOTOMEL,UNIVERSAL
1655/00018-022,PALANCA DE FRENO PIE MOTOMEL SKUA NSU,6.996189348302193,0,OTROS,MOTOMEL,UNIVERSAL
1655/00010-022,PALANCA DE FRENO PIE SUZUKI AX-100/VECTRA NSU,4.271281286666679,0,OTROS,SUZUKI,100
1655/00022-022,PALANCA DE FRENO PIE SUZUKI EN125 NSU,5.348306524994658,0,OTROS,SUZUKI,EN125
1655/00100-647,PALANCA DE FRENO PIE YAMAHA CRYPTON CROMADO JN,0,8298.447894,OTROS,YAMAHA,CRYPTON
1655/00100-022,PALANCA DE FRENO PIE YAMAHA CRYPTON CROMADO NSU,5.384403012892284,0,OTROS,YAMAHA,CRYPTON
1655/00150-022,PALANCA DE FRENO PIE YAMAHA FZ16 NSU,6.489699862766877,0,OTROS,YAMAHA,FZ16
1655/00107-647,PALANCA DE FRENO PIE YAMAHA NEW CRYPTON CROMADO JN,0,8298.447894,OTROS,YAMAHA,CRYPTON
1655/00106-647,PALANCA DE FRENO PIE YAMAHA NEW CRYPTON PINTADO JN,0,6274.462986,OTROS,YAMAHA,CRYPTON
1655/00016-022,PALANCA DE FRENO PIE YAMAHA V80/SIGMA NSU,4.536100481694729,0,OTROS,YAMAHA,UNIVERSAL
1655/00155-022,PALANCA DE FRENO PIE YAMAHA XTZ 125 NSU,8.073084630209657,0,OTROS,YAMAHA,XTZ125
1655/00110-022,PALANCA DE FRENO PIE YAMAHA YBR 125 NSU,4.910158487618522,0,OTROS,YAMAHA,YBR125
1655/00114-647,PALANCA DE FRENO PIE YAMAHA YBR 125 PINTADO JN,0,7149.427659,OTROS,YAMAHA,YBR125
1655/00040-548,PALANCA DE FRENO PIE ZANELLA RX 150 CROMADO HP,0,7792.520274,OTROS,ZANELLA,150
1655/00040-647,PALANCA DE FRENO PIE ZANELLA RX 150 CROMADO JN,0,8298.447894,OTROS,ZANELLA,150
1655/00040-022,PALANCA DE FRENO PIE ZANELLA RX 150 CROMADO NSU,4.903314819652633,0,OTROS,ZANELLA,NS 150
1537/00520-138,"PALANCA PARA DESARMAR NEUMATICOS 10"" .",1.863366109531402,0,OTROS,,UNIVERSAL
1537/00530-138,"PALANCA PARA DESARMAR NEUMATICOS 12"" .",1.960234314566803,0,OTROS,,UNIVERSAL
1507/00050-566,PALANCA RUEDA LIBRE JIALING VC,0,1579.284135,OTROS,GILERA,UNIVERSAL
1001/00017-022,PARABRISAS DEL.DE MOTOS UNIVERSAL C/SOPORTES NSU,26.45035113032914,0,ACCESORIOS,,UNIVERSAL
1001/00019-022,PARABRISAS DEL.DE MOTOS UNIVERSAL C/SOPORTES NSU,48.66443494262387,0,ACCESORIOS,,UNIVERSAL
1001/00013-022,PARABRISAS DEL.YAMAHA FZ 16 FUME NSU,30.73355481283264,0,ACCESORIOS,YAMAHA,FZ16
1001/00012-022,PARABRISAS DEL.YAMAHA FZ 16 TRANSPARENTE NSU,34.03280599846355,0,ACCESORIOS,YAMAHA,FZ16
1002/00192-138,PARCHE (16 UNIDADES DIAM.50) .,1.176134693424225,0,OTROS,,50
1002/00190-138,PARCHE (20 UNIDADES DIAM.40) .,1.08901360502243,0,OTROS,,UNIVERSAL
1002/00194-138,PARCHE (24 UNIDADES 50X30mm) .,1.08901360502243,0,OTROS,,UNIVERSAL
2016/00007-050,"PASO A PASO CHEVROLET CORSA 1.0EFI/1.4,1.6SPI NSU",12.15564654041914,0,OTROS,,UNIVERSAL
2016/00005-050,PASO A PASO CHEVROLET CORSA MPI NSU,28.97176751928192,0,OTROS,,UNIVERSAL
1511/00159-546,PASTILLA FRENO CUATRICICLO PANTHER HYD,0,12914.865909,FRENOS,,UNIVERSAL
1511/00110-546,PASTILLA FRENO CUATRICICLO POLARIS(T) 98/02 HYD,0,11005.83693,FRENOS,,UNIVERSAL
1511/00032-546,PASTILLA FRENO D/TRASKAWASAKI KLR250/KMX125/KLR650 HYD,0,7684.513254,FRENOS,KAWASAKI,UNIVERSAL
1511/00032-644,PASTILLA FRENO D/TRASKAWASAKI KLR250/KMX125/KLR650 LITTON,0,5454.697545,FRENOS,KAWASAKI,UNIVERSAL
1511/00040-546,PASTILLA FRENO DEL YAMAHA XT 225/ XTR 350/YBR125ED HYD,0,7684.513254,FRENOS,YAMAHA,YBR125
1511/00154-134,PASTILLA FRENO DEL. BAJAJ-KTM-BMW-YAMAHA FZ16 DIAFRAG,5.551950942077178,0,FRENOS,YAMAHA,FZ16
1511/00154-644,PASTILLA FRENO DEL. BAJAJ-KTM-BMW-YAMAHA FZ16 LITTON,0,5248.327689000001,FRENOS,YAMAHA,FZ16
1511/00167-546,PASTILLA FRENO DEL. CORVEN TOURING HYD,0,12679.122456,FRENOS,CORVEN,UNIVERSAL
1511/00105-546,PASTILLA FRENO DEL. CUATRICICLO POLARIS92/02 HYD,0,12241.341189,FRENOS,,UNIVERSAL
1511/00096-644,PASTILLA FRENO DEL. GILERA SMASH/BIT/TRIP/ZB/LD/BU LITTON,0,4369.354407,FRENOS,GILERA,SMASH
1511/00061-644,PASTILLA FRENO DEL. GILERA SMASH-ZANELLA ZB110 LITTON,0,4369.354407,FRENOS,GILERA,SMASH / ZB110
1511/00148-546,PASTILLA FRENO DEL. GILERA YL 150 HYD,0,11005.83693,FRENOS,GILERA,150
1511/00019-546,PASTILLA FRENO DEL. HONDA CBN 400/TRANSALP 89/90 HYD,0,11005.83693,FRENOS,HONDA,CB
1511/00050-644,PASTILLA FRENO DEL. HONDA CBR 250/400-YAMAHAXTZ250 LITTON,0,5454.697545,FRENOS,HONDA,CB 250
1511/00036-546,PASTILLA FRENO DEL. HONDA CBR1000 VFR 750 HYD,0,9145.21509,FRENOS,HONDA,CB
1512/00030-134,PASTILLA FRENO DEL. HONDA CR125/250 DIAFRAG,5.686857402427311,0,FRENOS,HONDA,250
1511/00150-644,PASTILLA FRENO DEL. HONDA ELITE BIZ/V MEN LITTON,0,5425.892406000001,FRENOS,HONDA,BIZ
1511/00102-546,PASTILLA FRENO DEL. HONDA NSR 125/NX 125 90/91 HYD,0,9145.21509,FRENOS,HONDA,NS 125
1511/00088-546,PASTILLA FRENO DEL. HONDA NSR400/NTVHAWK/BR 750VRF HYD,0,9644.046786,FRENOS,HONDA,UNIVERSAL
1512/00040-134,PASTILLA FRENO DEL. HONDA TORNADO/FALCON DIAFRAG,5.808083372934495,0,FRENOS,HONDA,TORNADO
1511/00151-644,PASTILLA FRENO DEL. HONDA TWISTER/STORM125/GLH LITTON,0,6917.428188,FRENOS,HONDA,TWISTER
1511/00047-644,PASTILLA FRENO DEL. HONDA TWISTER/TORNADO/XR 250R LITTON,0,4369.354407,FRENOS,HONDA,TWISTER
1511/00147-644,PASTILLA FRENO DEL. HONDA WAVE-NEW TITAN LITTON,0,5638.074255,FRENOS,HONDA,TITAN
1511/00070-644,PASTILLA FRENO DEL. HONDACR125/XR250/NX250/TORNADO LITTON,0,5454.697545,FRENOS,HONDA,TORNADO
1511/00022-546,PASTILLA FRENO DEL. KAWASAKI 400 M-78/81 HYD,0,14754.4254,FRENOS,KAWASAKI,UNIVERSAL
1511/00049-546,PASTILLA FRENO DEL. KAWASAKI KX 80/100/125/250 HYD,0,7916.032476,FRENOS,KAWASAKI,80
1511/00049-644,PASTILLA FRENO DEL. KAWASAKI KX 80/100/125/250 LITTON,0,5454.697545,FRENOS,KAWASAKI,80
1512/00050-134,PASTILLA FRENO DEL. KAWASAKI KX125/YAMAHA XTZ 125 DIAFRAG,5.094132997900658,0,FRENOS,YAMAHA,XTZ125
1511/00042-546,PASTILLA FRENO DEL. KAWASAKI NINJA M-86 HYD,0,10200.331944,FRENOS,KAWASAKI,UNIVERSAL
1511/00163-546,PASTILLA FRENO DEL. KEEWAY RKV125/150/200 HYD,0,13556.821608,FRENOS,KEEWAY,150
1511/00172-546,PASTILLA FRENO DEL. KTM DUKE 200/390 HYD,0,13638.904983,FRENOS,,200
1512/00060-134,PASTILLA FRENO DEL. KTM/HUSQVARNA/BMW DIAFRAG,5.686857402427311,0,FRENOS,,UNIVERSAL
1511/00120-546,PASTILLA FRENO DEL. KYMCO 125 HYD,0,16065.70119,FRENOS,,125
1511/00153-546,PASTILLA FRENO DEL. KYMCO 250 HYD,0,15280.621488,FRENOS,,250
1511/00095-134,PASTILLA FRENO DEL. MONDIAL HJ125/HD125/CUSTOM 200 DIAFRAG,5.026317978700677,0,FRENOS,MONDIAL,HD 200
1511/00095-644,PASTILLA FRENO DEL. MONDIAL HJ125/HD125/CUSTOM 200 LITTON,0,4369.354407,FRENOS,MONDIAL,HD 200
1511/00091-644,PASTILLA FRENO DEL. SUZUKI RM175 LITTON,0,5575.916313000001,FRENOS,SUZUKI,UNIVERSAL
1511/00073-546,PASTILLA FRENO DEL. SUZUKI ZZ50CC PERNO LADO IZQ. HYD,0,9477.772821,FRENOS,SUZUKI,UNIVERSAL
1511/00058-134,PASTILLA FRENO DEL. SUZ-YAM.YBR-KAW-TRAS.ZAN.SEXY DIAFRAG,5.372427681097125,0,FRENOS,,YBR
1511/00058-546,PASTILLA FRENO DEL. SUZ-YAM.YBR-KAW-TRAS.ZAN.SEXY HYD,0,8124.401736000001,FRENOS,,YBR
1511/00058-644,PASTILLA FRENO DEL. SUZ-YAM.YBR-KAW-TRAS.ZAN.SEXY LITTON,0,6324.320673,FRENOS,,YBR
1511/00081-546,PASTILLA FRENO DEL. VESPA CICLOMOTOR HEXAGONAL HYD,0,7916.032476,FRENOS,,UNIVERSAL
1511/00043-546,PASTILLA FRENO DEL. YAMAHA CICLOMOTOR AXIS 90 HYD,0,7099.393554,FRENOS,YAMAHA,90
1511/00079-644,PASTILLA FRENO DEL. YAMAHA DT-HONDA XT600 LITTON,0,6125.301567,FRENOS,YAMAHA,UNIVERSAL
1511/00600-644,PASTILLA FRENO DEL. YAMAHA DTZ180/TDR180/XT600/225 LITTON,0,5977.159452000001,FRENOS,YAMAHA,UNIVERSAL
1511/00155-134,PASTILLA FRENO DEL. YAMAHA NEW CRYPTON/YBR ED DIAFRAG,5.626434578965302,0,FRENOS,YAMAHA,CRYPTON
1511/00155-644,PASTILLA FRENO DEL. YAMAHA NEW CRYPTON/YBR ED LITTON,0,5751.030780000001,FRENOS,YAMAHA,CRYPTON
1511/00324-134,PASTILLA FRENO DEL. YAMAHA SZ150R DIAFRAG,5.420825119315252,0,FRENOS,YAMAHA,UNIVERSAL
1511/00066-546,PASTILLA FRENO DEL. YAMAHA VIRAGO-125RD-750 HYD,0,9145.21509,FRENOS,YAMAHA,UNIVERSAL
1511/00325-134,PASTILLA FRENO DEL. YAMAHA XTZ 250/TENERE 250 DIAFRAG,5.16664808720398,0,FRENOS,YAMAHA,XTZ 250
1511/00097-644,PASTILLA FRENO DEL. YAMAHA YBR 125 M/V TWISTER LITTON,0,4787.014221,FRENOS,HONDA / YAMAHA,YBR125
1511/00525-056,PASTILLA FRENO DEL. YAMAHA YBR125 2009 (FA101) NSU,2.426455877850186,0,FRENOS,YAMAHA,YBR125
1511/00053-134,PASTILLA FRENO DEL. YAMAHA YZ/XTZ 125 -XTZ/YBR 250 DIAFRAG,5.082078815227748,0,FRENOS,YAMAHA,XTZ125
1511/00053-644,PASTILLA FRENO DEL. YAMAHA YZ/XTZ 125 -XTZ/YBR 250 LITTON,0,4369.354407,FRENOS,YAMAHA,XTZ125
1511/00099-644,PASTILLA FRENO DEL. ZAN.SEXY/YAMAHA SIGMA/CRYPTON LITTON,0,5454.697545,FRENOS,YAMAHA,CRYPTON
1511/00031-546,PASTILLA FRENO DEL. ZANELLA JR200 HYD,0,8720.057511,FRENOS,ZANELLA,UNIVERSAL
1511/00112-546,PASTILLA FRENO DEL. ZANELLA M-89/GARE/GILE/CAGIVA HYD,0,7385.631759,FRENOS,ZANELLA,UNIVERSAL
1511/00044-644,PASTILLA FRENO DEL. ZANELLA RX 150/HONDA CG 125 LITTON,0,4369.354407,FRENOS,HONDA / ZANELLA,CG125
1511/00149-546,PASTILLA FRENO DEL.MOTOMEL X3M HYD,0,10200.331944,FRENOS,MOTOMEL,UNIVERSAL
1511/00149-644,PASTILLA FRENO DEL.MOTOMEL X3M LITTON,0,6469.081443000001,FRENOS,MOTOMEL,UNIVERSAL
1511/00127-546,PASTILLA FRENO DEL.SUZUKI VL125 INTRUDER GZ250 HYD,0,24678.418149,FRENOS,SUZUKI,UNIVERSAL
1511/00023-644,PASTILLA FRENO DEL.SUZUKI125/MOTOMEL DAKAR200/SKUA LITTON,0,5638.074255,FRENOS,MOTOMEL,UNIVERSAL
1511/00076-644,PASTILLA FRENO DEL.TRAS. HONDA CB400/450/CBR450 LITTON,0,6092.448615,FRENOS,HONDA,CB
1511/00075-546,PASTILLA FRENO DEL/TRAS HONDA 200/250-CUATRICICLO HYD,0,7099.393554,FRENOS,HONDA,200
1511/00034-134,PASTILLA FRENO DEL/TRAS HONDA XR250R(TD)SCOT.PEUG. DIAFRAG,4.960896264069557,0,FRENOS,HONDA,XR
1511/00034-546,PASTILLA FRENO DEL/TRAS HONDA XR250R(TD)SCOT.PEUG. HYD,0,7099.393554,FRENOS,HONDA,XR
1511/00131-546,PASTILLA FRENO HONDA CR125/250 02/04 (T) HYD,0,13291.616349,FRENOS,HONDA,250
1511/00069-546,PASTILLA FRENO HONDA CR125/250RG/RX/XL/350 HYD,0,9644.046786,FRENOS,HONDA,UNIVERSAL
1511/00115-546,PASTILLA FRENO HONDA CRM125/XR250/XR400/XR600 HYD,0,7916.032476,FRENOS,HONDA,XR
1511/00107-546,PASTILLA FRENO JIANSHE 150/YAMAHA 250 VIRAGO HYD,0,9644.909274,FRENOS,YAMAHA,NS 150
1511/00033-546,PASTILLA FRENO KAWA NINJA250/650/SUZUKIGS500E D HYD,0,11005.83693,FRENOS,SUZUKI,UNIVERSAL
1511/00165-546,PASTILLA FRENO SUZUKI GSX 150 GIXXER HYD,0,13295.830779,FRENOS,SUZUKI,GIXXER 150
1511/00068-546,PASTILLA FRENO SUZUKI ZZ50CC. HYD,0,9145.21509,FRENOS,SUZUKI,UNIVERSAL
1511/00171-546,"PASTILLA FRENO TRAS, BENELLI TNT 250/300 HYD",0,14914.387521,FRENOS,BENELLI,250
1512/00070-134,"PASTILLA FRENO TRAS, KTM/HUSQVARNA/BMW DIAFRAG",5.21498503038869,0,FRENOS,,UNIVERSAL
1511/01152-546,PASTILLA FRENO TRAS. BAJAJ ROUSER 220 MOD.2010 HYD,0,15280.621488,FRENOS,BAJAJ,ROUSER
1511/00174-546,PASTILLA FRENO TRAS. BAJAJ ROUSER NS160/180/250 HYD,0,12914.865909,FRENOS,BAJAJ,ROUSER
1511/00173-546,PASTILLA FRENO TRAS. BENELLI TNT 600 HYD,0,13394.742471,FRENOS,BENELLI,UNIVERSAL
1512/00010-134,PASTILLA FRENO TRAS. BMW650/850-KTM DUKE 200 DIAFRAG,8.518437046778415,0,FRENOS,,200
1511/00166-546,PASTILLA FRENO TRAS. GUERRERO GXR 250 HYD,0,13295.830779,FRENOS,,XR 250
1511/00035-546,PASTILLA FRENO TRAS. HONDA 600HWKCBR600 F1CB1600F2 HYD,0,8124.401736000001,FRENOS,HONDA,CB
1511/00100-134,PASTILLA FRENO TRAS. HONDA CB500/ROUSER180/200/220 DIAFRAG,7.078372420615769,0,FRENOS,HONDA,ROUSER
1511/00100-546,PASTILLA FRENO TRAS. HONDA CB500/ROUSER180/200/220 HYD,0,8720.057511,FRENOS,HONDA,ROUSER
1511/00100-644,PASTILLA FRENO TRAS. HONDA CB500/ROUSER180/200/220 LITTON,0,6252.25392,FRENOS,HONDA,ROUSER
1511/00037-134,PASTILLA FRENO TRAS. HONDA CBR300/CBR600/TRANSALP DIAFRAG,7.13896872275734,0,FRENOS,HONDA,CB
1511/00545-644,PASTILLA FRENO TRAS. HONDA CR 125/250/500-XR LITTON,0,5958.831582,FRENOS,HONDA,XR 125
1512/00020-134,PASTILLA FRENO TRAS. HONDA CR125/250 DIAFRAG,5.094132997900658,0,FRENOS,HONDA,250
1511/00490-546,PASTILLA FRENO TRAS. SUZUKI 750/1400 INTRUDER HYD,0,8720.057511,FRENOS,SUZUKI,UNIVERSAL
1511/00125-546,PASTILLA FRENO TRAS. VESPA/PIAGGIO HEXAG.92/02 HYD,0,9644.046786,FRENOS,,UNIVERSAL
1511/00500-134,PASTILLA FRENO TRAS. XTZ 250 / SUZUKI DR 250S DIAFRAG,5.36020947728119,0,FRENOS,SUZUKI / YAMAHA,XTZ 250
1511/00500-546,PASTILLA FRENO TRAS. XTZ 250 / SUZUKI DR 250S HYD,0,8124.401736000001,FRENOS,SUZUKI / YAMAHA,XTZ 250
1512/00090-134,PASTILLA FRENO TRAS. YAMAHA TENERE 250/SUZUKI DR DIAFRAG,5.686987149288941,0,FRENOS,YAMAHA,250
1511/00161-546,PASTILLA FRENO TRAS. ZANELLA  KEEWAY/NACKED 200 HYD,0,14343.998724,FRENOS,ZANELLA,200
1511/00162-134,PASTILLA FRENO TRAS..HONDA CB190R/150 INVICTA DIAFRAG,5.384606658704682,0,FRENOS,HONDA,CB 150
1511/00162-546,PASTILLA FRENO TRAS..HONDA CB190R/150 INVICTA HYD,0,14343.998724,FRENOS,HONDA,CB 150
1511/00114-546,PASTILLA FRENO YAMAHA BLASTER/BANSHEE HYD,0,22897.78227,FRENOS,YAMAHA,UNIVERSAL
1511/00164-546,PASTILLA FRENO YAMAHA SZ 150 RR HYD,0,12914.865909,FRENOS,YAMAHA,150
1511/00146-546,PASTILLA FRENO ZANELLA PATAGONIA HYD,0,11005.83693,FRENOS,ZANELLA,UNIVERSAL
1751/00180-038,PEDALIN DEL. GILERA SMASH R TUNNING xJGO. H-018 NSU,19.63832723512152,0,OTROS,GILERA,SMASH
1751/00025-022,PEDALIN DEL. HONDA XR 250 TORNADO NSU,7.247881948293114,0,OTROS,HONDA,XR 250
1751/00030-566,PEDALIN DEL. JUKI MONDIAL XJGO. VC,0,8180.120421,OTROS,GILERA / MONDIAL,UNIVERSAL
1751/00170-038,PEDALIN DEL. TUNNING ALUMINIO NEGROxJGO NSU,7.877060716715396,0,OTROS,,UNIVERSAL
1751/00150-038,PEDALIN DEL. TUNNING ALUMINIO NEGROxJGO NSU,5.626386758985634,0,OTROS,,UNIVERSAL
1751/00156-038,PEDALIN DEL. TUNNING ALUMINIO PLATAxJGO FINO NSU,5.459617945033774,0,OTROS,,UNIVERSAL
1751/00160-038,PEDALIN DEL. TUNNING ALUMINIO PLATAxJGO NSU,5.622591615034783,0,OTROS,,UNIVERSAL
1751/00045-103,PEDALIN DEL. ZANELLA SEXY xJGO. .,15.8356082684313,0,OTROS,ZANELLA,UNIVERSAL
1755/00001-566,PEDALIN TRAS. AX100/HONDA CG VC,0,6983.810361,OTROS,GILERA / HONDA / SUZUKI,AX100
1755/00001-515,PEDALIN TRAS. AX100/HONDA CG xJGO. BUHO,0,6751.428651,OTROS,HONDA / SUZUKI,AX100
1755/00001-022,PEDALIN TRAS. AX100/HONDA CG xJGO. NSU,2.66201550368351,0,OTROS,HONDA / SUZUKI,AX100
1755/00018-022,PEDALIN TRAS. BAJAJ PULSAR 135 x JGO. NSU,4.779474204591294,0,OTROS,BAJAJ,PULSAR
1755/00002-566,PEDALIN TRAS. CUADRADO (PED008) XJGO. VC,0,6983.810361,OTROS,GILERA,UNIVERSAL
1755/00003-566,PEDALIN TRAS. CUADRADO INVERTIDO(PED009) XJGO. VC,0,6983.810361,OTROS,GILERA,UNIVERSAL
1755/00020-038,PEDALIN TRAS. GILERA SMASH XJGO. NSU,4.694862840721607,0,OTROS,GILERA,SMASH
1755/00020-566,PEDALIN TRAS. GILERA SMASH XJGO. VC,0,8253.657324,OTROS,GILERA,SMASH
1755/00006-022,PEDALIN TRAS. HONDA C90/GUERRERO XJGO. NSU,3.007530009300613,0,OTROS,HONDA,C90
1755/00006-566,PEDALIN TRAS. HONDA C90/GUERRERO XJGO. VC,0,6983.810361,OTROS,GILERA / HONDA,C90
1755/00015-022,PEDALIN TRAS. HONDA STORM xJGO. NSU,4.578271224258327,0,OTROS,HONDA,UNIVERSAL
1755/00014-077,PEDALIN TRAS. HONDA WAVE 110 S x JGO. NSU,5.203592266599083,0,OTROS,HONDA,WAVE110
1755/00016-077,PEDALIN TRAS. HONDA WAVE 2014 x JGO NSU,6.037994210545349,0,OTROS,HONDA,WAVE
1755/00007-566,PEDALIN TRAS. INVERTIDO (PED004) XJGO. VC,0,6983.810361,OTROS,GILERA,UNIVERSAL
1755/00040-022,PEDALIN TRAS. MOTOMEL CUSTON/CERRO/ZANELLA 150 JGO NSU,3.864981465203762,0,OTROS,MOTOMEL,NS 150
1755/00170-038,PEDALIN TRAS. MOTOMEL SKUA NSU,4.312361567772675,0,OTROS,MOTOMEL,UNIVERSAL
1755/00170-022,PEDALIN TRAS. MOTOMEL SKUA NSU,4.290667640102863,0,OTROS,MOTOMEL,UNIVERSAL
1755/00009-566,PEDALIN TRAS. REDONDO ZANELLA  DUE JUEGO VC,0,9068.973111000001,OTROS,GILERA / ZANELLA,DUE
1755/00021-022,PEDALIN TRAS. SUZUKI GN 125 C/SOPORTE xJGO. NSU,7.598911391784669,0,OTROS,SUZUKI,NS 125
1755/18007-056,PEDALIN TRAS. UNIVERSAL H08 VIOLETA JGO.ALUMINIO NSU,13.53952031301598,0,OTROS,,UNIVERSAL
1755/00033-022,PEDALIN TRAS. UNIVERSAL TUNNING xJGO. NSU,7.598766708290864,0,OTROS,,UNIVERSAL
1755/00046-022,PEDALIN TRAS. YAMAHA FZ 16 x JGO. NSU,5.251286135715407,0,OTROS,YAMAHA,FZ16
1755/00045-022,PEDALIN TRAS. YAMAHA XTZ 125 xJGO. NSU,5.009477216706848,0,OTROS,YAMAHA,XTZ125
1755/22150-077,PEDALIN TRAS. YAMAHA YBR 125 CHINA XJGO. NSU,4.985211509878438,0,OTROS,YAMAHA,YBR125
1755/22150-022,PEDALIN TRAS. YAMAHA YBR 125 CHINA XJGO. NSU,4.985178158942414,0,OTROS,YAMAHA,YBR125
1755/00050-022,PEDALIN TRAS. ZANELLA RX 150 xJGO. NSU,7.623084308558465,0,OTROS,ZANELLA,NS 150
1755/00010-566,PEDALIN TRAS. ZANELLA SOL 70 (PED006) XJGO. VC,0,9068.973111000001,OTROS,GILERA / ZANELLA,SOL 70
1755/00168-566,PEDALIN UNIVERSAL CON BULON x JUEGO VC,0,9068.973111000001,OTROS,GILERA,UNIVERSAL
1755/00169-566,PEDALIN UNIVERSAL MOTO IMPORTADA xJgo. VC,0,8805.669246,OTROS,GILERA,UNIVERSAL
1751/22000-022,PEDALIN UNIVERSAL TUNNING C/ABRAZADERAS x JGO. NSU,4.508938203361227,0,OTROS,,UNIVERSAL
1297/00150-566,PEDANA CENTRAL YAMAHA CRYPTON NEGRA VC,0,5583.972735,OTROS,GILERA / YAMAHA,CRYPTON
1297/00060-566,PEDANA HONDA WAVE CENTRAL - GUERRERO FLASH VC,0,5076.339741000001,OTROS,GILERA / HONDA,WAVE
1297/00030-505,PEDANA ZANELLA DUE JGO  NEGRO ZAN,0,3280.580919,OTROS,ZANELLA,DUE
1573/00005-566,PEGA JUNTAS X 15 cc VC,0,3170.045241,MOTOR,GILERA,UNIVERSAL
1537/00531-156,PEINE PARA ROSCAS 52 PIEZAS MILIMETRICO NSU,9.5830257061615,0,OTROS,,UNIVERSAL
1665/00010-999,PERNO DE PISTON 10CC X 10UNID. .,0,23.973246,MOTOR,,UNIVERSAL
1665/00040-040,PERNO DE PISTON SUZUKI AX 100 NSU,0.458357712685488,0,MOTOR,SUZUKI,100
1819/00037-621,PERNO HOR  MOTOMEL CG150 26X32 x5UNID. .,0,8345.855331,TORNILLERÍA Y FIJACIONES,HONDA / MOTOMEL,CG150
1819/00021-621,PERNO HOR HONDA BIZ C/REBAJE x5UNID. .,0,6815.742813000001,TORNILLERÍA Y FIJACIONES,HONDA,BIZ
1819/00047-621,PERNO HOR YAMAHA CRYPTON x 3UNID. .,0,11546.16606,TORNILLERÍA Y FIJACIONES,YAMAHA,CRYPTON
1819/00020-515,PERNO HOR. HONDA BIZ BUHO,0,1741.44168,TORNILLERÍA Y FIJACIONES,HONDA,BIZ
1819/00018-022,PERNO HOR.C/TUERCA GIL.SMASH/H.WAVE x5UNID. NSU,4.921978610866813,0,TORNILLERÍA Y FIJACIONES,,SMASH
1819/00015-515,PERNO HOR.C/TUERCA GILERA SMASH/HONDA WAVE/G.TRIP BUHO,0,3789.0666,TORNILLERÍA Y FIJACIONES,GILERA / HONDA,SMASH
1819/00030-515,PERNO HOR.C/TUERCA HONDA C 90 BUHO,0,3789.0666,TORNILLERÍA Y FIJACIONES,HONDA,C90
1067/00010-999,PERNO TRABA ASIENTO ZANELLA DUE .,0,3.410748,TORNILLERÍA Y FIJACIONES,ZANELLA,DUE
1111/00050-540,PERNOS REBOTE PATADA  MORINI 50  FRA,0,50.22032400000001,TORNILLERÍA Y FIJACIONES,,50
1771/00053-077,PIERNAS MOTOMEL CG 150 S2 x JGO. NSU,89.38421937721768,0,OTROS,HONDA / MOTOMEL,CG150
1070/00100-631,PILAS ALCALINAS AA x 4UNIDADES BLISTER PHILIPS,0,2853.904185,OTROS,,UNIVERSAL
1070/00200-631,PILAS ALCALINAS AAA x 4UNIDADES BLISTER PHILIPS,0,2853.904185,OTROS,,UNIVERSAL
1070/00300-631,PILAS RECARGABLES AA x 2UNIDADES BLISTER PHILIPS,0,16306.668576,OTROS,,UNIVERSAL
1070/00400-631,PILAS RECARGABLES AAA x 2UNIDADES BLISTER PHILIPS,0,9176.519484,OTROS,,UNIVERSAL
1008/00100-654,PINTURA ALTA TEMPERATURA P/ESCAPESx163G/237MLNEGRO ARGOIL,0,5051.14137,OTROS,,UNIVERSAL
1537/01020-156,PINZA 8 PULGADAS 200MM NSU,3.929040539526215,0,OTROS,,UNIVERSAL
1537/01050-156,PINZA ATLAS 10 PULGADAS MANGO PLASTICO NSU,6.942369733796999,0,CARROCERÍA,,UNIVERSAL
1537/01090-156,PINZA SEGURO SEEGUER 4 EN 1 NSU,5.021473799380875,0,OTROS,,UNIVERSAL
1659/01787-517,PIÑON BETA 200 TR MOTARD CAD.428 Z15 CATALANO,0,6642.343521,TRANSMISIÓN,BETA,200
1659/01790-517,PIÑON BETA 250 CHRONO CAD.520 Z15 CATALANO,0,16997.511663,TRANSMISIÓN,BETA,250
1659/00411-517,PIÑON CAGIVA AGRALE SXT Z-16 CATALANO,0,18313.452729,TRANSMISIÓN,,UNIVERSAL
1659/01785-517,PIÑON CORVEN TRIAX 150/GILERA YL 150 CAD.428 Z17 CATALANO,0,5374.731186,TRANSMISIÓN,CORVEN,TRIAX 150
1659/00418-523,PIÑON DEI INX/IMT-GREEN Z-10 DGM,0,21.621006,TRANSMISIÓN,,UNIVERSAL
1659/00421-517,PIÑON GARELLI 50 STD Z-10 ESTRIADO CATALANO,0,3176.425692,TRANSMISIÓN,,50
1659/00420-517,PIÑON GARELLI 50 STD Z-9 ESTRIADO CATALANO,0,3176.425692,TRANSMISIÓN,,50
1659/00425-517,PIÑON GARELLI URKA A.C.1/2 X 3/16 Z-14 CATALANO,0,10914.795441,TRANSMISIÓN,,UNIVERSAL
1659/00427-517,PIÑON GARELLI VIP Z-16 CATALANO,0,3849.430959,TRANSMISIÓN,,UNIVERSAL
1659/01779-517,PIÑON GILERA 110 SMASH C/REB.CAD.428 Z-13 CATALANO,0,5510.053593000001,TRANSMISIÓN,GILERA,SMASH
1659/00460-517,PIÑON GILERA 150 SPORT Y SUPER Z-17 CATALANO,0,63416.21398200001,TRANSMISIÓN,GILERA,150
1659/00449-517,PIÑON GILERA FUTURA /SMASH 110 Z-14 CATALANO,0,4658.758335,TRANSMISIÓN,GILERA,SMASH
1659/00449-625,PIÑON GILERA FUTURA /SMASH 110 Z-14 CREUSSO,0,4436.9127,TRANSMISIÓN,GILERA,SMASH
1659/00449-077,PIÑON GILERA FUTURA /SMASH 110 Z-14 NSU,0.8148683500050409,0,TRANSMISIÓN,GILERA,SMASH
1659/01738-517,PIÑON GILERA FUTURA 110 1/2 X 5/16 Z-17 CATALANO,0,6189.380505000001,TRANSMISIÓN,GILERA,FUTURA 110
1659/01717-517,PIÑON GILERA FUTURA/GUERRERO FLASH 110 Z-16 CATALANO,0,5925.959027999999,TRANSMISIÓN,GILERA,FUTURA 110
1659/00709-517,PIÑON GUERRERO 80 M.4T 1/2 X 5/16 Z13 CATALANO,0,16495.818075,LUBRICANTES,,80
1659/00703-517,PIÑON GUERRERO NXR-MAGIC125 GXL MOD 98 1/2X5/16Z14 CATALANO,0,4658.758335,TRANSMISIÓN,,XR
1659/00584-517,PIÑON HONDA 125 XLR CAD.428-Z17 CATALANO,0,5082.288948,TRANSMISIÓN,HONDA,125
1659/00497-517,PIÑON HONDA BIZ 100  Z-15 CATALANO,0,4235.247324,TRANSMISIÓN,HONDA,BIZ
1659/00492-517,PIÑON HONDA BROSS NXR 125 / TITAN 150 Z-17 CATALANO,0,5082.288948,TRANSMISIÓN,HONDA,TITAN
1659/01723-517,PIÑON HONDA C100 BIZ CAD.428Z-13 CATALANO,0,4242.245238,TRANSMISIÓN,HONDA,BIZ
1659/00537-517,PIÑON HONDA CB1 MOT.BIT/CD 100 1/2 X 5/16 Z-14 CATALANO,0,4235.247324,TRANSMISIÓN,HONDA,CB
1659/01682-517,PIÑON HONDA CG 125 INT.18MM 1/2 X 5/16 Z14 CATALANO,0,5183.307855,TRANSMISIÓN,HONDA,CG125
1659/01725-517,PIÑON HONDA CG 125 TODAY 1/2 X 5/16 Z-13 CATALANO,0,4664.913363000001,TRANSMISIÓN,HONDA,CG125
1659/02000-128,PIÑON HONDA CG 150 Z-16 .,1.681879756788254,0,TRANSMISIÓN,HONDA,CG150
1659/00508-517,PIÑON HONDA CG125-ZANELLA RX150 Z-15 CATALANO,0,4235.247324,TRANSMISIÓN,HONDA,CG125 / RX150
1659/00504-517,PIÑON HONDA DAX 70 C/PIV.Z-15 CATALANO,0,4235.247324,TRANSMISIÓN,HONDA,70
1659/01940-517,PIÑON HONDA HONDA XR250 TORNADO CAD.520 Z-14 CATALANO,0,8061.146081999999,TRANSMISIÓN,HONDA,TORNADO
1659/00538-517,PIÑON HONDA NIGHTHAWK 250 Z-14 CATALANO,0,9101.336013,TRANSMISIÓN,HONDA,250
1659/01689-517,PIÑON HONDA NXR BROSS 125 1/2 X 5/16 Z-15 CATALANO,0,4235.247324,TRANSMISIÓN,HONDA,XR 125
1659/01683-517,PIÑON HONDA TITAN 150/CG150 Z-16 CATALANO,0,4658.758335,TRANSMISIÓN,HONDA,CG150 / TITAN
1659/01742-128,PIÑON HONDA WAVE NF 110 1/2 X 5/16 Z-17 .,0.9679916026108932,0,TRANSMISIÓN,HONDA,WAVE
1659/01742-517,PIÑON HONDA WAVE NF 110 1/2 X 5/16 Z-17 CATALANO,0,4351.291164,TRANSMISIÓN,HONDA,WAVE
1659/00541-517,PIÑON HONDA XR 200 Z-13 CATALANO,0,8338.141944,TRANSMISIÓN,HONDA,XR 200
1659/00582-517,PIÑON HONDA XR 250 R MOD.NVO./TORNADO CAD.520 Z12 CATALANO,0,10122.649218,TRANSMISIÓN,HONDA,XR 250
1659/00517-517,PIÑON HONDA XR 250 Z-13 CATALANO,0,7093.17972,TRANSMISIÓN,HONDA,XR 250
1659/00416-517,PIÑON KAWASAKI ARO 12 AGUJ.Z-16 CATALANO,0,7040.048499,MOTOR,KAWASAKI,UNIVERSAL
1659/00653-999,PIÑON KAWASAKI KH100 428/Z15 .,0,10.732095,TRANSMISIÓN,KAWASAKI,UNIVERSAL
1659/00841-517,PIÑON KINETIC SAFARI Z-13 CATALANO,0,18520.008804,TRANSMISIÓN,,UNIVERSAL
1659/00741-517,PIÑON PUMITA 50 Z-13 CATALANO,0,5292.971243999999,TRANSMISIÓN,,50
1659/01777-517,PIÑON SUZUKI 125 EN (18 ESTRIAS) CAD.428 Z-14 CATALANO,0,5143.702014,TRANSMISIÓN,SUZUKI,125
1659/00793-517,PIÑON SUZUKI 125 GS (19 ESTRIAS) CAD.428 Z14 CATALANO,0,4658.758335,TRANSMISIÓN,SUZUKI,125
1659/00826-517,PIÑON SUZUKI 160 LTF Z-11 CATALANO,0,5981.94234,TRANSMISIÓN,SUZUKI,160
1659/00828-517,PIÑON SUZUKI 80 FR N Z-13 CATALANO,0,3404.298942,TRANSMISIÓN,SUZUKI,80
1659/00788-517,PIÑON SUZUKI AX 100 Z-14 CATALANO,0,4658.758335,TRANSMISIÓN,SUZUKI,100
1659/00796-517,PIÑON SUZUKI DR 125 BETA CHRONO Z-16 CATALANO,0,18788.801229,TRANSMISIÓN,SUZUKI,125
1659/00804-517,PIÑON SUZUKI DR 350 Z-14 CATALANO,0,16327.074258,TRANSMISIÓN,SUZUKI,UNIVERSAL
1659/00837-517,PIÑON TVS ASTRA Z-13 CATALANO,0,4597.531488000001,TRANSMISIÓN,TVS,UNIVERSAL
1659/01905-517,PIÑON YAMAHA 160 FZ CAD.428. Z-14 CATALANO,0,4710.007764000001,TRANSMISIÓN,YAMAHA,FZ 160
1659/01652-517,PIÑON YAMAHA 250 XTZ CAD.520 Z13 CATALANO,0,16913.860128,TRANSMISIÓN,YAMAHA,XTZ 250
1659/00875-517,PIÑON YAMAHA AXZ125/RXZ135 Z-16 CATALANO,0,5432.341464,TRANSMISIÓN,YAMAHA,UNIVERSAL
1659/00862-517,PIÑON YAMAHA CRYPTON100 Z-15 CATALANO,0,4743.684,TRANSMISIÓN,YAMAHA,CRYPTON
1659/00846-517,PIÑON YAMAHA GT80 Z-15 CATALANO,0,5145.672015,TRANSMISIÓN,YAMAHA,UNIVERSAL
1659/00866-517,PIÑON YAMAHA -SIGMA100 Z-14 CATALANO,0,4728.090609,TRANSMISIÓN,YAMAHA,UNIVERSAL
1659/01782-517,PIÑON YAMAHA YBR 125 (CHINA) CAD.428 Z14 CATALANO,0,4991.6493,TRANSMISIÓN,YAMAHA,YBR125
1659/00887-517,PIÑON YAMAHA YBR 125 MOD.2000 1/2 X 5/16 Z14 CATALANO,0,4658.758335,TRANSMISIÓN,YAMAHA,YBR125
1659/00873-517,PIÑON YAMAHA YBR125/XTZ125 Z-15 CATALANO,0,5189.658903,TRANSMISIÓN,YAMAHA,XTZ125 / YBR125
1659/00917-517,PIÑON ZANELLA 100/125 M/V BBE Z-13 CATALANO,0,4005.600093,TRANSMISIÓN,ZANELLA,100
1659/00918-517,PIÑON ZANELLA 100/125 M/V BBE Z-14 CATALANO,0,3726.967464,TRANSMISIÓN,ZANELLA,100
1659/00928-517,PIÑON ZANELLA 125 M/V CATALANO,0,7537.351239000001,TRANSMISIÓN,ZANELLA,125
1659/00906-517,PIÑON ZANELLA 48/50 CAD415Z14-GILERA FANTI CATALANO,0,1924.42635,TRANSMISIÓN,ZANELLA,50
1659/00902-517,PIÑON ZANELLA 48/50 Z-10 CATALANO,0,3176.425692,TRANSMISIÓN,ZANELLA,50
1659/00900-517,PIÑON ZANELLA 48/50 Z-8 CATALANO,0,3176.425692,TRANSMISIÓN,ZANELLA,50
1659/00899-517,PIÑON ZANELLA 50 C/REB. Z-10 CATALANO,0,3176.425692,TRANSMISIÓN,ZANELLA,50
1659/00898-517,PIÑON ZANELLA 50 C/REB.Z-9 CATALANO,0,3176.425692,TRANSMISIÓN,ZANELLA,50
1659/00914-517,PIÑON ZANELLA 50 CARGO Z-9 ESTRIADO CATALANO,0,3176.425692,TRANSMISIÓN,ZANELLA,50
1659/00913-517,PIÑON ZANELLA CARGO Z-10 ESTRIADO CATALANO,0,3176.425692,TRANSMISIÓN,ZANELLA,UNIVERSAL
1245/00030-566,PIPETA ENTRADA NAFTA VC,0,571.163076,OTROS,GILERA,UNIVERSAL
1537/00546-156,PISTOLA AIRE COMPRESOR 2 PICOS NSU,4.216531310711059,0,OTROS,,UNIVERSAL
1537/00545-138,PISTOLA AIRE COMPRESOR AZUL PLASTICA C/ACOPLE RAP .,3.194305175503493,0,OTROS,,UNIVERSAL
1537/00547-138,PISTOLA AIRE COMPRESOR DG10 METAL 1 PICO LARGO .,3.136359182464599,0,OTROS,,UNIVERSAL
1537/00543-138,PISTOLA AIRE COMPRESOR DG10 METAL 2 PICOS LARGO .,4.307581127629852,0,OTROS,,UNIVERSAL
1537/00544-138,PISTOLA AIRE COMPRESOR ROJA PLASTICA .,3.02490712016201,0,OTROS,,UNIVERSAL
1537/00542-138,PISTOLA AIRE COMPRESOR ROSCA 1/4 METAL .,4.203592515386581,0,OTROS,,UNIVERSAL
1537/00534-138,PISTOLA PARA INFLAR NEUMATICOS C/MANOMETRO 12BAR .,24.33074196341114,0,OTROS,,UNIVERSAL
1537/00532-156,PISTOLA PARA INFLAR NEUMATICOS CON MANOMETRO NSU,8.81638364966858,0,OTROS,,UNIVERSAL
1537/00536-156,PISTOLA PARA INFLAR NEUMATICOS DIGITAL NSU,19.166051412323,0,OTROS,,UNIVERSAL
1663/00053-022,PISTON KIT BAJAJ PULSAR 180 0.75 NSU,11.70249744319161,0,MOTOR,BAJAJ,PULSAR
1663/00050-022,PISTON KIT BAJAJ PULSAR 180 STD PISTON 63.5 PER17 NSU,11.70051191837476,0,MOTOR,BAJAJ,PULSAR
1663/00020-022,PISTON KIT BAJAJ PULSAR 220 STD PISTON67 PER17 NSU,11.70085096292271,0,MOTOR,BAJAJ,PULSAR
1663/00004-022,PISTON KIT BRAVA ELECTRA 150 0.25 NSU,7.317548559440259,0,MOTOR,BRAVA,NS 150
1663/00006-022,PISTON KIT BRAVA ELECTRA 150 0.50 NSU,7.317548559440259,0,MOTOR,BRAVA,NS 150
1663/00007-022,PISTON KIT BRAVA ELECTRA 150 0.75 NSU,7.317548559440259,0,MOTOR,BRAVA,NS 150
1663/00008-022,PISTON KIT BRAVA ELECTRA 150 1.00 NSU,7.317548559440259,0,MOTOR,BRAVA,NS 150
1663/00002-022,PISTON KIT BRAVA ELECTRA 150 STD DIAM62 PERNO 13 NSU,7.317548559440259,0,MOTOR,BRAVA,NS 150
1661/01101-055,PISTON KIT DEI 50 CH 0.25 NSU,9.256904297153959,0,MOTOR,,50
1661/01102-055,PISTON KIT DEI 50 CH 0.50 NSU,9.256904297153959,0,MOTOR,,50
1661/01103-055,PISTON KIT DEI 50 CH 0.75 NSU,9.256904297153959,0,MOTOR,,50
1661/01104-055,PISTON KIT DEI 50 CH 1.00 NSU,9.256904297153959,0,MOTOR,,50
1661/01100-055,PISTON KIT DEI 50 CH STD PISTON 39 PERNO 12 NSU,9.252218238583431,0,MOTOR,,50
1661/04001-020,PISTON KIT GARELLI NOI  0.25  TW.,4.895260371481012,0,MOTOR,,UNIVERSAL
1661/04007-020,PISTON KIT GARELLI NOI  1.75 TW.,4.895260371481012,0,MOTOR,,UNIVERSAL
1661/04008-020,PISTON KIT GARELLI NOI  2.00 TW.,4.895260371481012,0,MOTOR,,UNIVERSAL
1661/04000-020,PISTON KIT GARELLI NOI  STD PISTON 40 PERNO 12 TW.,4.895260371481012,0,MOTOR,,UNIVERSAL
1661/05001-055,PISTON KIT GARELLI TEAM  0.25 NSU,7.326395204112529,0,MOTOR,,UNIVERSAL
1661/05001-012,PISTON KIT GARELLI TEAM  0.25 REGENT/TOUGH,8.213674900112315,0,MOTOR,,UNIVERSAL
1661/05005-055,PISTON KIT GARELLI TEAM  1.25 NSU,7.326395204112529,0,MOTOR,,UNIVERSAL
1661/05006-055,PISTON KIT GARELLI TEAM  1.50 NSU,7.326395204112529,0,MOTOR,,50
1661/05007-055,PISTON KIT GARELLI TEAM  1.75 NSU,7.326395204112529,0,MOTOR,,UNIVERSAL
1661/05008-055,PISTON KIT GARELLI TEAM  2.00 NSU,7.326395204112529,0,MOTOR,,UNIVERSAL
1663/00311-022,PISTON KIT GIL.REVOLUTION 0.25 NSU,5.880706633694058,0,MOTOR,,UNIVERSAL
1663/00311-575,PISTON KIT GIL.REVOLUTION 0.25 YAMASIDA/KIM,0,21177.040302,MOTOR,,UNIVERSAL
1663/00312-022,PISTON KIT GIL.REVOLUTION 0.50 NSU,5.880706633694058,0,MOTOR,,50
1663/00312-575,PISTON KIT GIL.REVOLUTION 0.50 YAMASIDA/KIM,0,21177.040302,MOTOR,,50
1663/00313-022,PISTON KIT GIL.REVOLUTION 0.75 NSU,5.880706633694058,0,MOTOR,,UNIVERSAL
1663/00313-575,PISTON KIT GIL.REVOLUTION 0.75 YAMASIDA/KIM,0,21177.040302,MOTOR,,UNIVERSAL
1663/00314-022,PISTON KIT GIL.REVOLUTION 1.00 NSU,5.880706633694058,0,MOTOR,,UNIVERSAL
1663/00314-575,PISTON KIT GIL.REVOLUTION 1.00 YAMASIDA/KIM,0,21177.040302,MOTOR,,UNIVERSAL
1663/00310-022,PISTON KIT GIL.REVOLUTION STD P52.5 PERNO 14 NSU,5.880706633694058,0,MOTOR,,UNIVERSAL
1663/00310-575,PISTON KIT GIL.REVOLUTION STD P52.5 PERNO 14 YAMASIDA/KIM,0,21177.040302,MOTOR,,UNIVERSAL
1663/19651-022,PISTON KIT GILERA 150 CADENERA 0.25 YAMASIDA,17.46041485481128,0,MOTOR,GILERA,150
1663/00101-022,PISTON KIT GILERA C110 POTENCIADO 0.25 NSU,8.32483951087761,0,MOTOR,GILERA,UNIVERSAL
1663/00102-022,PISTON KIT GILERA C110 POTENCIADO 0.50 NSU,8.32483951087761,0,MOTOR,GILERA,50
1663/00103-022,PISTON KIT GILERA C110 POTENCIADO 0.75 NSU,8.32483951087761,0,MOTOR,GILERA,UNIVERSAL
1663/00104-022,PISTON KIT GILERA C110 POTENCIADO 1.00 NSU,8.32483951087761,0,MOTOR,GILERA,UNIVERSAL
1663/00100-022,PISTON KIT GILERA C110 POTENCIADO STD P54 PERNO13 NSU,8.32483951087761,0,MOTOR,GILERA,UNIVERSAL
1663/00181-138,PISTON KIT GILERA FUT110 CC. 13MM/52.4 MM 0.25 .,3.883997685395136,0,MOTOR,GILERA,UNIVERSAL
1663/00181-022,PISTON KIT GILERA FUT110 CC. 13MM/52.4 MM 0.25 YAMASIDA,5.885931686572266,0,MOTOR,GILERA,UNIVERSAL
1663/00181-575,PISTON KIT GILERA FUT110 CC. 13MM/52.4 MM 0.25 YAMASIDA/KIM,0,21177.040302,MOTOR,GILERA,UNIVERSAL
1663/00182-138,PISTON KIT GILERA FUT110 CC. 13MM/52.4 MM 0.50 .,3.883997685395136,0,MOTOR,GILERA,50
1663/00182-022,PISTON KIT GILERA FUT110 CC. 13MM/52.4 MM 0.50 YAMASIDA,5.885931686572266,0,MOTOR,GILERA,50
1663/00182-575,PISTON KIT GILERA FUT110 CC. 13MM/52.4 MM 0.50 YAMASIDA/KIM,0,21177.040302,MOTOR,GILERA,50
1663/00183-138,PISTON KIT GILERA FUT110 CC. 13MM/52.4 MM 0.75 .,3.883997685395136,0,MOTOR,GILERA,UNIVERSAL
1663/00183-022,PISTON KIT GILERA FUT110 CC. 13MM/52.4 MM 0.75 YAMASIDA,5.885931686572266,0,MOTOR,GILERA,UNIVERSAL
1663/00183-575,PISTON KIT GILERA FUT110 CC. 13MM/52.4 MM 0.75 YAMASIDA/KIM,0,21177.040302,MOTOR,GILERA,UNIVERSAL
1663/00184-138,PISTON KIT GILERA FUT110 CC. 13MM/52.4 MM 1.00 .,3.883997685395136,0,MOTOR,GILERA,UNIVERSAL
1663/00184-022,PISTON KIT GILERA FUT110 CC. 13MM/52.4 MM 1.00 YAMASIDA,5.885931686572266,0,MOTOR,GILERA,UNIVERSAL
1663/00184-575,PISTON KIT GILERA FUT110 CC. 13MM/52.4 MM 1.00 YAMASIDA/KIM,0,21177.040302,MOTOR,GILERA,UNIVERSAL
1663/00185-138,PISTON KIT GILERA FUT110 CC. 13MM/52.4 MM 1.25 .,3.883997685395136,0,MOTOR,GILERA,UNIVERSAL
1663/00185-022,PISTON KIT GILERA FUT110 CC. 13MM/52.4 MM 1.25 YAMASIDA,5.885931686572266,0,MOTOR,GILERA,UNIVERSAL
1663/00186-138,PISTON KIT GILERA FUT110 CC. 13MM/52.4 MM 1.50 .,3.887519514298925,0,MOTOR,GILERA,50
1663/00186-022,PISTON KIT GILERA FUT110 CC. 13MM/52.4 MM 1.50 YAMASIDA,5.890494055549335,0,MOTOR,GILERA,50
1663/00187-022,PISTON KIT GILERA FUT110 CC. 13MM/52.4 MM 1.75 NSU,5.890494055549335,0,MOTOR,GILERA,UNIVERSAL
1663/00188-138,PISTON KIT GILERA FUT110 CC. 13MM/52.4MM 2.00 .,3.890935743750001,0,MOTOR,GILERA,UNIVERSAL
1663/00188-022,PISTON KIT GILERA FUT110 CC. 13MM/52.4MM 2.00 NSU,5.890494055549335,0,MOTOR,GILERA,UNIVERSAL
1663/00180-138,"PISTON KIT GILERA FUT110CC. STD PISTON 52,40 PER13 .",3.887519514298925,0,MOTOR,GILERA,UNIVERSAL
1663/00180-022,"PISTON KIT GILERA FUT110CC. STD PISTON 52,40 PER13 YAMASIDA",5.890494055549335,0,MOTOR,GILERA,UNIVERSAL
1663/00180-575,"PISTON KIT GILERA FUT110CC. STD PISTON 52,40 PER13 YAMASIDA/KIM",0,21177.040302,MOTOR,GILERA,UNIVERSAL
1663/00191-575,PISTON KIT GILERA SMASH 0.25 YAMASIDA/KIM,0,21177.040302,MOTOR,GILERA,SMASH
1663/00192-575,PISTON KIT GILERA SMASH 0.50 YAMASIDA/KIM,0,21177.040302,MOTOR,GILERA,SMASH
1663/00193-575,PISTON KIT GILERA SMASH 0.75 YAMASIDA/KIM,0,21177.040302,MOTOR,GILERA,SMASH
1663/00194-575,PISTON KIT GILERA SMASH 1.00 YAMASIDA/KIM,0,21177.040302,MOTOR,GILERA,SMASH
1664/00500-071,PISTON KIT GILERA SMASH 110CC.STD 52.4MM IZUMI/IKT,37.8913782752344,0,MOTOR,GILERA,SMASH
1666/00101-022,PISTON KIT GILERA SMASH 125 0.25 TEFLON NSU,13.2978793169133,0,MOTOR,GILERA,SMASH
1666/00102-022,PISTON KIT GILERA SMASH 125 0.50 TEFLON NSU,13.2997856197134,0,MOTOR,GILERA,SMASH
1666/00103-022,PISTON KIT GILERA SMASH 125 0.75 TEFLON NSU,13.2997856197134,0,MOTOR,GILERA,SMASH
1666/00104-022,PISTON KIT GILERA SMASH 125 1.00 TEFLON NSU,13.2997856197134,0,MOTOR,GILERA,SMASH
1666/00100-022,PISTON KIT GILERA SMASH 125 STD TEFLON P54 PERNO14 NSU,13.2978793169133,0,MOTOR,GILERA,SMASH
1663/00190-575,PISTON KIT GILERA SMASH STD PISTON 50 PERNO 13 YAMASIDA/KIM,0,21177.040302,MOTOR,GILERA,SMASH
1663/00381-022,PISTON KIT GILERA VC 200 0.25 NSU,9.868658279246864,0,MOTOR,GILERA,NS 200
1663/00382-022,PISTON KIT GILERA VC 200 0.50 NSU,9.868658279246864,0,MOTOR,GILERA,NS 200
1663/00383-022,PISTON KIT GILERA VC 200 0.75 NSU,9.868658279246864,0,MOTOR,GILERA,NS 200
1663/00384-022,PISTON KIT GILERA VC 200 1.00 NSU,9.868658279246864,0,MOTOR,GILERA,NS 200
1663/00385-022,PISTON KIT GILERA VC 200 1.25 NSU,9.868658279246864,0,MOTOR,GILERA,NS 200
1663/00386-022,PISTON KIT GILERA VC 200 1.50 NSU,9.86954995633229,0,MOTOR,GILERA,NS 200
1663/00380-022,PISTON KIT GILERA VC 200 STD PISTON 65.5 PERNO15 NSU,9.868658279246864,0,MOTOR,GILERA,NS 200
1661/06000-055,PISTON KIT HERO PUCH 50   STD PISTON 38 PERNO 12 NSU,9.94285142604637,0,MOTOR,HERO,50
1661/06001-055,PISTON KIT HERO PUCH 50  0.25 NSU,9.94285142604637,0,MOTOR,HERO,50
1661/06002-055,PISTON KIT HERO PUCH 50  0.50 NSU,9.94285142604637,0,MOTOR,HERO,50
1661/06003-055,PISTON KIT HERO PUCH 50  0.75 NSU,9.94285142604637,0,MOTOR,HERO,50
1661/06004-547,PISTON KIT HERO PUCH 50  1.00 HIDRO-OESTE,0,753.216651,MOTOR,HERO,50
1661/06004-055,PISTON KIT HERO PUCH 50  1.00 NSU,9.94285142604637,0,MOTOR,HERO,50
1661/06005-055,PISTON KIT HERO PUCH 50  1.25 NSU,9.94285142604637,0,MOTOR,HERO,50
1661/06006-547,PISTON KIT HERO PUCH 50  1.50 HIDRO-OESTE,0,753.216651,MOTOR,HERO,50
1661/06006-055,PISTON KIT HERO PUCH 50  1.50 NSU,9.94285142604637,0,MOTOR,HERO,50
1661/06007-055,PISTON KIT HERO PUCH 50  1.75 NSU,9.94285142604637,0,MOTOR,HERO,50
1661/06008-547,PISTON KIT HERO PUCH 50  2.00 HIDRO-OESTE,0,63.09883799999999,MOTOR,HERO,50
1661/06008-055,PISTON KIT HERO PUCH 50  2.00 NSU,9.94285142604637,0,MOTOR,HERO,50
1661/06008-012,PISTON KIT HERO PUCH 50  2.00 REGENT/TOUGH,12.84916189399243,0,MOTOR,HERO,50
1663/00851-022,PISTON KIT HONDA BIZ 100CC. 0.25 YAMASIDA,6.489480943854047,0,MOTOR,HONDA,BIZ
1663/00852-022,PISTON KIT HONDA BIZ 100CC. 0.50 YAMASIDA,6.49794821855919,0,MOTOR,HONDA,BIZ
1664/00853-071,PISTON KIT HONDA BIZ 100CC. 0.75 50/13MM JPN/IKT/TP,58.37173613869437,0,MOTOR,HONDA,BIZ
1663/00853-022,PISTON KIT HONDA BIZ 100CC. 0.75 YAMASIDA,6.497793423802328,0,MOTOR,HONDA,BIZ
1663/00854-022,PISTON KIT HONDA BIZ 100CC. 1.00 YAMASIDA,6.497793423802328,0,MOTOR,HONDA,BIZ
1663/00855-022,PISTON KIT HONDA BIZ 100CC. 1.25 YAMASIDA,6.497793423802328,0,MOTOR,HONDA,BIZ
1663/00856-022,PISTON KIT HONDA BIZ 100CC. 1.50 YAMASIDA,6.497793423802328,0,MOTOR,HONDA,BIZ
1663/00857-022,PISTON KIT HONDA BIZ 100CC. 1.75 YAMASIDA,6.49794821855919,0,MOTOR,HONDA,BIZ
1663/00858-022,PISTON KIT HONDA BIZ 100CC. 2.00 YAMASIDA,6.497793423802328,0,MOTOR,HONDA,BIZ
1663/00850-022,PISTON KIT HONDA BIZ 100CC. STD PISTON50 PERNO13 YAMASIDA,6.489480943854047,0,MOTOR,HONDA,BIZ
1666/00151-022,PISTON KIT HONDA BIZ 125 0.25 TEFLON NSU,7.349733818576976,0,MOTOR,HONDA,BIZ
1666/00152-022,PISTON KIT HONDA BIZ 125 0.50 TEFLON NSU,7.349796696711817,0,MOTOR,HONDA,BIZ
1666/00153-022,PISTON KIT HONDA BIZ 125 0.75 TEFLON NSU,7.349796696711817,0,MOTOR,HONDA,BIZ
1666/00154-022,PISTON KIT HONDA BIZ 125 1.00 TEFLON NSU,7.349796696711817,0,MOTOR,HONDA,BIZ
1666/00150-022,PISTON KIT HONDA BIZ 125 STD TEFLON DIAM.52.4 P13 NSU,7.349745369832992,0,MOTOR,HONDA,BIZ
1664/01001-071,PISTON KIT HONDA C90 M/VIEJO 0.25 47/15MM JPN/IKT/TP,41.63977268525763,0,MOTOR,HONDA,C90
1664/01002-071,PISTON KIT HONDA C90 M/VIEJO 0.50 47/15MM JPN/IKT/TP,41.63977268525763,0,MOTOR,HONDA,C90
1664/01004-071,PISTON KIT HONDA C90 M/VIEJO 1.00 47/15MM JPN/IKT/TP,41.63977268525763,0,MOTOR,HONDA,C90
1664/01000-071,PISTON KIT HONDA C90 M/VIEJO STD 47/15MM JPN/IKT/TP,41.63977268525763,0,MOTOR,HONDA,C90
1664/01011-071,PISTON KIT HONDA C90R 0.25 47/13MM JPN/IKT/TP,31.75270337186302,0,MOTOR,HONDA,UNIVERSAL
1664/01013-071,PISTON KIT HONDA C90R 0.75 47/13MM JPN/IKT/TP,31.75270337186302,0,MOTOR,HONDA,UNIVERSAL
1664/01014-071,PISTON KIT HONDA C90R 1.00 47/13MM JPN/IKT/TP,48.91926327863604,0,MOTOR,HONDA,UNIVERSAL
1663/00941-022,PISTON KIT HONDA CB 190 0.25 NSU,8.881270080238037,0,MOTOR,HONDA,CB
1663/00942-022,PISTON KIT HONDA CB 190 0.50 NSU,8.879724198534968,0,MOTOR,HONDA,CB 50
1663/00943-022,PISTON KIT HONDA CB 190 0.75 NSU,8.879724198534968,0,MOTOR,HONDA,CB
1663/00944-022,PISTON KIT HONDA CB 190 1.00 NSU,8.879724198534968,0,MOTOR,HONDA,CB
1663/00940-022,PISTON KIT HONDA CB 190 STD DIAM.61 PERNO14 NSU,8.881270080238037,0,MOTOR,HONDA,CB
1663/00921-022,PISTON KIT HONDA CB1 125 0.25 NSU,7.308332231073075,0,MOTOR,HONDA,CB 125
1663/00922-022,PISTON KIT HONDA CB1 125 0.50 NSU,7.308332231073075,0,MOTOR,HONDA,CB 125
1663/00923-022,PISTON KIT HONDA CB1 125 0.75 NSU,7.308332231073075,0,MOTOR,HONDA,CB 125
1663/00924-022,PISTON KIT HONDA CB1 125 1.00 NSU,7.308332231073075,0,MOTOR,HONDA,CB 125
1663/00920-022,PISTON KIT HONDA CB1 125 STD PISTON52.5 PER12 NSU,7.308332231073075,0,MOTOR,HONDA,CB 125
1663/01101-022,PISTON KIT HONDA CBX 200 0.25 YAMASIDA,8.361248755039673,0,MOTOR,HONDA,CB 200
1663/01102-022,PISTON KIT HONDA CBX 200 0.50 YAMASIDA,8.361248755039673,0,MOTOR,HONDA,CB 200
1663/01103-022,PISTON KIT HONDA CBX 200 0.75 YAMASIDA,8.360371777453995,0,MOTOR,HONDA,CB 200
1663/01104-022,PISTON KIT HONDA CBX 200 1.00 YAMASIDA,8.361248755039673,0,MOTOR,HONDA,CB 200
1663/01105-022,PISTON KIT HONDA CBX 200 1.25 NSU,8.360371777453995,0,MOTOR,HONDA,CB 200
1663/01106-022,PISTON KIT HONDA CBX 200 1.50 NSU,8.361248755039673,0,MOTOR,HONDA,CB 200
1663/01107-022,PISTON KIT HONDA CBX 200 1.75 NSU,8.360401875419312,0,MOTOR,HONDA,CB 200
1663/01108-022,PISTON KIT HONDA CBX 200 2.00 NSU,8.361248755039673,0,MOTOR,HONDA,CB 200
1663/01100-022,PISTON KIT HONDA CBX 200 STD PISTON 63.50 PER15 YAMASIDA,8.360371777453995,0,MOTOR,HONDA,CB 200
1663/04001-022,PISTON KIT HONDA CG 125 2000 KS-ES/TITAN2000 0.25 YAMASIDA,7.409677439468767,0,MOTOR,HONDA,CG125 / TITAN
1663/04002-022,PISTON KIT HONDA CG 125 2000 KS-ES/TITAN2000 0.50 YAMASIDA,7.405047429331971,0,MOTOR,HONDA,CG125 / TITAN
1663/04003-022,PISTON KIT HONDA CG 125 2000 KS-ES/TITAN2000 0.75 YAMASIDA,7.409677439468767,0,MOTOR,HONDA,CG125 / TITAN
1663/04004-022,PISTON KIT HONDA CG 125 2000 KS-ES/TITAN2000 1.00 YAMASIDA,7.409421340188216,0,MOTOR,HONDA,CG125 / TITAN
1663/03000-609,PISTON KIT HONDA CG 125 STD PISTON 56.5 PERNO15 DS,0,314.161254,MOTOR,HONDA,CG125
1663/00951-575,PISTON KIT HONDA CG 190 CC 0.25 YAMASIDA/KIM,0,61879.69161,MOTOR,HONDA,CG
1663/00952-575,PISTON KIT HONDA CG 190 CC 0.50 YAMASIDA/KIM,0,61879.69161,MOTOR,HONDA,CG 50
1663/00953-575,PISTON KIT HONDA CG 190 CC 0.75 YAMASIDA/KIM,0,61879.69161,MOTOR,HONDA,CG
1663/00954-575,PISTON KIT HONDA CG 190 CC 1.00 YAMASIDA/KIM,0,61879.69161,MOTOR,HONDA,CG
1663/00950-575,PISTON KIT HONDA CG 190CC STD DIAM64.50 CARA PLANA YAMASIDA/KIM,0,61879.69161,MOTOR,HONDA,CG 50
1663/04000-022,PISTON KIT HONDA CG125 KS-ES/TITAN2000STD P56.5P15 YAMASIDA,7.409677439468767,0,MOTOR,HONDA,CG125 / TITAN
1664/16101-071,PISTON KIT HONDA CG125 STORM 0.25 IZUMI/IKT,36.85921169856131,0,MOTOR,HONDA,CG125
1664/16102-071,PISTON KIT HONDA CG125 STORM 0.50 IZUMI/IKT,36.85921169856131,0,MOTOR,HONDA,CG125
1664/16103-071,PISTON KIT HONDA CG125 STORM 0.75 IZUMI/IKT,36.85921169856131,0,MOTOR,HONDA,CG125
1664/16104-071,PISTON KIT HONDA CG125 STORM 1.00 IZUMI/IKT,36.85921169856131,0,MOTOR,HONDA,CG125
1664/16100-071,PISTON KIT HONDA CG125 STORM STD IZUMI/IKT,36.85921169856131,0,MOTOR,HONDA,CG125
1664/04001-071,"PISTON KIT HONDA CG125 TITAN 2000 0.25 56,50/15MM JPN/IKT/TP",40.25449649024899,0,MOTOR,HONDA,CG125 / TITAN
1664/04003-071,"PISTON KIT HONDA CG125 TITAN 2000 0.75 56,50/15MM JPN/IKT/TP",40.25449649024899,0,MOTOR,HONDA,CG125 / TITAN
1664/04004-071,"PISTON KIT HONDA CG125 TITAN 2000 1.00 56,50/15MM JPN/IKT/TP",40.25449649024899,0,MOTOR,HONDA,CG125 / TITAN
1664/04000-071,"PISTON KIT HONDA CG125 TITAN 2000 STD 56,50/15MM JPN/IKT/TP",40.25449649024899,0,MOTOR,HONDA,CG125 / TITAN
1664/05001-071,"PISTON KIT HONDA CG125 TODAY 0.25 56,50/15MM JPN/IKT/TP",64.53757332039932,0,MOTOR,HONDA,CG125
1664/05003-071,"PISTON KIT HONDA CG125 TODAY 0.75 56,50/15MM JPN/IKT/TP",64.53757332039932,0,MOTOR,HONDA,CG125
1664/05000-071,"PISTON KIT HONDA CG125 TODAY STD 56,50/15MM JPN/IKT/TP",64.53757332039932,0,MOTOR,HONDA,CG125
1663/06007-020,PISTON KIT HONDA DAX 70 1.75 TW.,8.953849262990401,0,MOTOR,HONDA,70
1663/06008-020,PISTON KIT HONDA DAX 70 2.00 TW.,8.953849262990401,0,MOTOR,HONDA,70
1663/06101-022,PISTON KIT HONDA DAX 70 M/N 0.25 NSU,6.789634315675393,0,MOTOR,HONDA,70
1663/06102-022,PISTON KIT HONDA DAX 70 M/N 0.50 NSU,6.7871925,0,MOTOR,HONDA,70
1663/06103-022,PISTON KIT HONDA DAX 70 M/N 0.75 NSU,6.792179352469025,0,MOTOR,HONDA,70
1663/06104-022,PISTON KIT HONDA DAX 70 M/N 1.00 NSU,6.78809324952713,0,MOTOR,HONDA,70
1663/06100-022,PISTON KIT HONDA DAX 70 M/N STD PISTON 47 P13 NSU,6.7871925,0,MOTOR,HONDA,70
1661/07005-020,PISTON KIT HONDA DIO  1.25 TW.,9.185956161779865,0,MOTOR,HONDA,UNIVERSAL
1661/07006-020,PISTON KIT HONDA DIO  1.50 TW.,9.185956161779865,0,MOTOR,HONDA,50
1661/07007-020,PISTON KIT HONDA DIO  1.75 TW.,9.185956161779865,0,MOTOR,HONDA,UNIVERSAL
1661/07008-020,PISTON KIT HONDA DIO  2.00 TW.,9.185956161779865,0,MOTOR,HONDA,UNIVERSAL
1663/07001-012,PISTON KIT HONDA ELITE  80  0.25 REGENT/TOUGH,19.23202057840803,0,MOTOR,HONDA,80
1663/07002-012,PISTON KIT HONDA ELITE  80  0.50 REGENT/TOUGH,19.23202057840803,0,MOTOR,HONDA,80
1663/07003-012,PISTON KIT HONDA ELITE  80  0.75 REGENT/TOUGH,19.23202057840803,0,MOTOR,HONDA,80
1663/07004-012,PISTON KIT HONDA ELITE  80  1.00 REGENT/TOUGH,19.23202057840803,0,MOTOR,HONDA,80
1663/07000-012,PISTON KIT HONDA ELITE  80 STD PISTON 49.5 PERNO13 REGENT/TOUGH,19.23202057840803,0,MOTOR,HONDA,80
1661/08000-055,PISTON KIT HONDA ELITE 50   STD PISTON 41 PERNO 10 NSU,9.94285142604637,0,MOTOR,HONDA,50
1661/08000-012,PISTON KIT HONDA ELITE 50   STD PISTON 41 PERNO 10 REGENT/TOUGH,10.70593426625192,0,MOTOR,HONDA,50
1661/08001-055,PISTON KIT HONDA ELITE 50  0.25 NSU,9.94285142604637,0,MOTOR,HONDA,50
1661/08001-012,PISTON KIT HONDA ELITE 50  0.25 REGENT/TOUGH,11.14700298283399,0,MOTOR,HONDA,50
1661/08001-020,PISTON KIT HONDA ELITE 50  0.25 TW.,11.14748697769316,0,MOTOR,HONDA,50
1661/08002-055,PISTON KIT HONDA ELITE 50  0.50 NSU,9.94285142604637,0,MOTOR,HONDA,50
1661/08002-012,PISTON KIT HONDA ELITE 50  0.50 REGENT/TOUGH,11.14700298283399,0,MOTOR,HONDA,50
1661/08003-055,PISTON KIT HONDA ELITE 50  0.75 NSU,9.94285142604637,0,MOTOR,HONDA,50
1661/08003-012,PISTON KIT HONDA ELITE 50  0.75 REGENT/TOUGH,11.14700298283399,0,MOTOR,HONDA,50
1661/08004-055,PISTON KIT HONDA ELITE 50  1.00 NSU,9.94285142604637,0,MOTOR,HONDA,50
1661/11002-547,PISTON KIT HONDA NC 50 EXPRESS  0.50 HIDRO-OESTE,0,59.893911,MOTOR,HONDA,50
1661/11007-012,PISTON KIT HONDA NC 50 EXPRESS  1.75 REGENT/TOUGH,11.14700298283399,0,MOTOR,HONDA,50
1661/11007-020,PISTON KIT HONDA NC 50 EXPRESS  1.75 TW.,11.14728884652904,0,MOTOR,HONDA,50
1663/08500-055,PISTON KIT HONDA NH100 STD PISTON 49 PERNO 14 NSU,11.44417996120387,0,MOTOR,HONDA,UNIVERSAL
1663/08601-022,PISTON KIT HONDA NX150 0.25 YAMASIDA,8.49418261253208,0,MOTOR,HONDA,UNIVERSAL
1663/08602-022,PISTON KIT HONDA NX150 0.50 YAMASIDA,8.497434057567215,0,MOTOR,HONDA,50
1663/08603-022,PISTON KIT HONDA NX150 0.75 YAMASIDA,8.497434057567215,0,MOTOR,HONDA,UNIVERSAL
1663/08604-022,PISTON KIT HONDA NX150 1.00 YAMASIDA,8.497434057567215,0,MOTOR,HONDA,UNIVERSAL
1663/08605-022,PISTON KIT HONDA NX150 1.25 YAMASIDA,8.497434057567215,0,MOTOR,HONDA,UNIVERSAL
1663/08606-022,PISTON KIT HONDA NX150 1.50 YAMASIDA,8.497434057567215,0,MOTOR,HONDA,50
1663/08600-022,PISTON KIT HONDA NX150 STD PISTON 62.50 PERNO 15 YAMASIDA,8.497403655358287,0,MOTOR,HONDA,50
1663/08701-022,PISTON KIT HONDA STORM 0.25 YAMASIDA,7.678584768541718,0,MOTOR,HONDA,UNIVERSAL
1663/08702-022,PISTON KIT HONDA STORM 0.50 YAMASIDA,7.678584768541718,0,MOTOR,HONDA,50
1663/08703-022,PISTON KIT HONDA STORM 0.75 YAMASIDA,7.678584768541718,0,MOTOR,HONDA,UNIVERSAL
1663/08704-022,PISTON KIT HONDA STORM 1.00 YAMASIDA,7.678584768541718,0,MOTOR,HONDA,UNIVERSAL
1663/08705-022,PISTON KIT HONDA STORM 1.25 YAMASIDA,7.684051847634116,0,MOTOR,HONDA,UNIVERSAL
1663/08700-022,PISTON KIT HONDA STORM STD PISTON 56.5 PER15 YAMASIDA,7.674015437760431,0,MOTOR,HONDA,UNIVERSAL
1663/05031-022,PISTON KIT HONDA TITAN 150 0.25 YAMASIDA,8.881270080238037,0,MOTOR,HONDA,TITAN
1663/05032-022,PISTON KIT HONDA TITAN 150 0.50 YAMASIDA,8.879861698701555,0,MOTOR,HONDA,TITAN
1663/05033-022,PISTON KIT HONDA TITAN 150 0.75 YAMASIDA,8.879620213582994,0,MOTOR,HONDA,TITAN
1663/05034-022,PISTON KIT HONDA TITAN 150 1.00 YAMASIDA,8.881270080238037,0,MOTOR,HONDA,TITAN
1663/05035-022,PISTON KIT HONDA TITAN 150 1.25 NSU,8.879861698701555,0,MOTOR,HONDA,TITAN
1663/05036-022,PISTON KIT HONDA TITAN 150 1.50 NSU,8.879861698701555,0,MOTOR,HONDA,TITAN
1663/05037-022,PISTON KIT HONDA TITAN 150 1.75 NSU,8.879861698701555,0,MOTOR,HONDA,TITAN
1663/05038-022,PISTON KIT HONDA TITAN 150 2.00 NSU,8.881270080238037,0,MOTOR,HONDA,TITAN
1663/05030-022,PISTON KIT HONDA TITAN 150 STD PISTON 57.3 PERNO14 YAMASIDA,8.881270080238037,0,MOTOR,HONDA,TITAN
1663/05051-022,PISTON KIT HONDA TITAN 2002 0.25 YAMASIDA,7.448717057252598,0,MOTOR,HONDA,TITAN
1663/05052-022,PISTON KIT HONDA TITAN 2002 0.50 YAMASIDA,7.453550238750001,0,MOTOR,HONDA,TITAN
1663/05053-022,PISTON KIT HONDA TITAN 2002 0.75 YAMASIDA,7.453550238750001,0,MOTOR,HONDA,TITAN
1663/05054-022,PISTON KIT HONDA TITAN 2002 1.00 YAMASIDA,7.453550238750001,0,MOTOR,HONDA,TITAN
1663/05055-022,PISTON KIT HONDA TITAN 2002 1.25 YAMASIDA,7.448741778378039,0,MOTOR,HONDA,TITAN
1664/05500-071,PISTON KIT HONDA TITAN 2002 STD IZUMI/IKT,42.02004458192658,0,MOTOR,HONDA,TITAN
1663/05050-022,PISTON KIT HONDA TITAN 2002 STD PISTON 56.5PERNO13 YAMASIDA,7.448717057252598,0,MOTOR,HONDA,TITAN
1663/08901-022,PISTON KIT HONDA WAVE 110S 50.00 MM 0.25 KWW NSU,7.072765125036163,0,MOTOR,HONDA,WAVE110
1663/08902-022,PISTON KIT HONDA WAVE 110S 50.00 MM 0.50 KWW NSU,7.072765125036163,0,MOTOR,HONDA,WAVE110
1663/08903-022,PISTON KIT HONDA WAVE 110S 50.00 MM 0.75 KWW NSU,7.07623492603898,0,MOTOR,HONDA,WAVE110
1663/08904-022,PISTON KIT HONDA WAVE 110S 50.00 MM 1.00 KWW NSU,7.072765125036163,0,MOTOR,HONDA,WAVE110
1663/08905-022,PISTON KIT HONDA WAVE 110S 50.00 MM 1.25 KWW NSU,7.078421584701061,0,MOTOR,HONDA,WAVE110
1663/08906-022,PISTON KIT HONDA WAVE 110S 50.00 MM 1.50 KWW NSU,7.078421584701061,0,MOTOR,HONDA,WAVE110
1663/08907-022,PISTON KIT HONDA WAVE 110S 50.00 MM 1.75 KWW NSU,7.078421584701061,0,MOTOR,HONDA,WAVE110
1663/08908-022,PISTON KIT HONDA WAVE 110S 50.00 MM 2.00 KWW NSU,7.078421584701061,0,MOTOR,HONDA,WAVE110
1663/08900-022,PISTON KIT HONDA WAVE 110S 50.00 MM STD PERNO13KWW NSU,7.072765125036163,0,MOTOR,HONDA,WAVE110
1663/08800-022,PISTON KIT HONDA WAVE 52.4 MM STD PISTON52.3 PER13 YAMASIDA,8.203950442160984,0,MOTOR,HONDA,WAVE
1664/08801-071,"PISTON KIT HONDA WAVE 52.40MM 0.25 52,40/13MM JPN/IKT/TP",42.34599192192856,0,MOTOR,HONDA,WAVE
1664/08803-071,"PISTON KIT HONDA WAVE 52.40MM 0.75 52,40/13MM JPN/IKT/TP",42.34599192192856,0,MOTOR,HONDA,WAVE
1664/08804-071,"PISTON KIT HONDA WAVE 52.40MM 1.00 52,40/13MM JPN/IKT/TP",58.37173613869437,0,MOTOR,HONDA,WAVE
1664/08800-071,"PISTON KIT HONDA WAVE 52.40MM STD 52,40/13MM JPN/IKT/TP",42.34599192192856,0,MOTOR,HONDA,WAVE
1663/09101-022,PISTON KIT HONDA XR 125L 0.25 NSU,6.968547817683221,0,MOTOR,HONDA,XR
1663/09102-022,PISTON KIT HONDA XR 125L 0.50 NSU,6.968547817683221,0,MOTOR,HONDA,XR 50
1663/09103-022,PISTON KIT HONDA XR 125L 0.75 NSU,6.968686562678204,0,MOTOR,HONDA,XR
1663/09104-022,PISTON KIT HONDA XR 125L 1.00 NSU,6.968547817683221,0,MOTOR,HONDA,XR
1663/09100-022,PISTON KIT HONDA XR 125L STD PISTON 52.5 PER13 NSU,6.966365843251133,0,MOTOR,HONDA,XR
1663/05071-022,PISTON KIT HONDA XR 200 0.25 NSU,13.53509318529225,0,MOTOR,HONDA,XR 200
1663/05072-022,PISTON KIT HONDA XR 200 0.50 NSU,13.54014034473381,0,MOTOR,HONDA,XR 200
1663/05073-022,PISTON KIT HONDA XR 200 0.75 NSU,13.53509318529225,0,MOTOR,HONDA,XR 200
1663/05074-022,PISTON KIT HONDA XR 200 1.00 NSU,13.52551713114853,0,MOTOR,HONDA,XR 200
1663/05070-022,PISTON KIT HONDA XR 200 STD DIAM.65.5 P15 JAPONESA NSU,13.54014034473381,0,MOTOR,HONDA,XR 200
1663/05101-022,PISTON KIT HONDA XR 250 TORNADO 0.25 NSU,12.25123793587618,0,MOTOR,HONDA,XR 250
1663/05102-022,PISTON KIT HONDA XR 250 TORNADO 0.50 NSU,12.25187220856476,0,MOTOR,HONDA,XR 250
1663/05103-022,PISTON KIT HONDA XR 250 TORNADO 0.75 NSU,12.25123794241905,0,MOTOR,HONDA,XR 250
1663/05104-022,PISTON KIT HONDA XR 250 TORNADO 1.00 NSU,12.25187220856476,0,MOTOR,HONDA,XR 250
1663/05100-022,PISTON KIT HONDA XR 250 TORNADO STD PISTON73 PER17 NSU,12.25125937032938,0,MOTOR,HONDA,XR 250
1664/16023-071,PISTON KIT HONDA XR100 0.75 53/14MM JPN/IKT/TP,53.0750918636616,0,MOTOR,HONDA,XR
1664/16020-071,PISTON KIT HONDA XR100 STD 53/14MM JPN/IKT/TP,53.0750918636616,0,MOTOR,HONDA,XR
1661/12002-020,PISTON KIT JUKI MALANCA 50 J2L. 0.50 TW.,4.895260371481012,0,MOTOR,,50
1661/12003-020,PISTON KIT JUKI MALANCA 50 J2L. 0.75 TW.,4.895260371481012,0,MOTOR,,50
1661/12004-020,PISTON KIT JUKI MALANCA 50 J2L. 1.00 TW.,4.895260371481012,0,MOTOR,,50
1661/12005-020,PISTON KIT JUKI MALANCA 50 J2L. 1.25 TW.,4.895260371481012,0,MOTOR,,50
1661/12007-020,PISTON KIT JUKI MALANCA 50 J2L. 1.75 TW.,4.895260371481012,0,MOTOR,,50
1661/12008-020,PISTON KIT JUKI MALANCA 50 J2L. 2.00 TW.,4.895260371481012,0,MOTOR,,50
1661/12000-020,PISTON KIT JUKI MALANCA 50 J2L. STD PISTO38.5PER12 TW.,4.890854636971611,0,MOTOR,,50
1664/10501-071,PISTON KIT KAWASAKI NEO MAX 0.25 53/13MM JPN/IKT/TP,39.2223299135759,0,MOTOR,KAWASAKI,UNIVERSAL
1664/10500-071,PISTON KIT KAWASAKI NEO MAX STD 53/13MM JPN/IKT/TP,39.2223299135759,0,MOTOR,KAWASAKI,UNIVERSAL
1661/15000-519,PISTON KIT MORINI 43.5  STD PISTON 43.50 PERNO 12 .,0,753.216651,MOTOR,,50
1661/16006-547,PISTON KIT MORINI 50  1.50 HIDRO-OESTE,0,753.216651,MOTOR,,50
1661/16001-055,PISTON KIT MORINI 50 0.25 NSU,5.206943616107145,0,MOTOR,,50
1661/17001-519,PISTON KIT MORINI/JUKI DRIBBLING 0.25 .,0,753.216651,MOTOR,,UNIVERSAL
1661/17001-012,PISTON KIT MORINI/JUKI DRIBBLING 0.25 REGENT/TOUGH,6.068656115955861,0,MOTOR,,UNIVERSAL
1661/17001-020,PISTON KIT MORINI/JUKI DRIBBLING 0.25 TW.,5.078603456555208,0,MOTOR,,UNIVERSAL
1663/10821-022,PISTON KIT MOTOMEL DAKAR 200 0.25 NSU,15.53674109362908,0,MOTOR,MOTOMEL,NS 200
1663/10822-022,PISTON KIT MOTOMEL DAKAR 200 0.50 NSU,15.53674109362908,0,MOTOR,MOTOMEL,NS 200
1663/10823-022,PISTON KIT MOTOMEL DAKAR 200 0.75 NSU,15.53674109362908,0,MOTOR,MOTOMEL,NS 200
1663/10824-022,PISTON KIT MOTOMEL DAKAR 200 1.00 NSU,15.53674109362908,0,MOTOR,MOTOMEL,NS 200
1663/10820-022,PISTON KIT MOTOMEL DAKAR 200 STD DIAM.69 PERNO17 NSU,15.53674109362908,0,MOTOR,MOTOMEL,NS 200
1663/10881-022,PISTON KIT MOTOMEL MOTARD 200 0.25 NSU,12.07589371075522,0,MOTOR,MOTOMEL,NS 200
1663/10882-022,PISTON KIT MOTOMEL MOTARD 200 0.50 NSU,12.07589371075522,0,MOTOR,MOTOMEL,NS 200
1663/10883-022,PISTON KIT MOTOMEL MOTARD 200 0.75 NSU,12.08788787723957,0,MOTOR,MOTOMEL,NS 200
1663/10884-022,PISTON KIT MOTOMEL MOTARD 200 1.00 NSU,12.08788787723957,0,MOTOR,MOTOMEL,NS 200
1663/10885-022,PISTON KIT MOTOMEL MOTARD 200 1.25 NSU,12.07589371075522,0,MOTOR,MOTOMEL,NS 200
1663/10886-022,PISTON KIT MOTOMEL MOTARD 200 1.50 NSU,12.07589371075522,0,MOTOR,MOTOMEL,NS 200
1663/10880-022,PISTON KIT MOTOMEL MOTARD 200 STD DIAM.67 PERNO16 NSU,12.07589371075522,0,MOTOR,MOTOMEL,NS 200
1666/00301-022,PISTON KIT MOTOMEL SR 200R 0.25 TEFLON NSU,30.62790252361107,0,MOTOR,MOTOMEL,UNIVERSAL
1666/00051-022,PISTON KIT PULSAR/ROUSER 135 0.25 TEFLON NSU,8.881270080238037,0,MOTOR,,ROUSER
1666/00052-022,PISTON KIT PULSAR/ROUSER 135 0.50 TEFLON NSU,8.881270080238037,0,MOTOR,,ROUSER
1666/00053-022,PISTON KIT PULSAR/ROUSER 135 0.75 TEFLON NSU,8.881270080238037,0,MOTOR,,ROUSER
1666/00054-022,PISTON KIT PULSAR/ROUSER 135 1.00 TEFLON NSU,8.881270080238037,0,MOTOR,,ROUSER
1666/00050-022,PISTON KIT PULSAR/ROUSER 135 STD TEFLON P54 P14 NSU,8.881270080238037,0,MOTOR,,ROUSER
1666/00061-022,PISTON KIT PULSAR/ROUSER NS200 0.25 TEFLON NSU,12.14303848286631,0,MOTOR,BAJAJ,NS200 / ROUSER
1666/00062-022,PISTON KIT PULSAR/ROUSER NS200 0.50 TEFLON NSU,12.14303848286631,0,MOTOR,BAJAJ,NS200 / ROUSER
1666/00063-022,PISTON KIT PULSAR/ROUSER NS200 0.75 TEFLON NSU,12.14303848286631,0,MOTOR,BAJAJ,NS200 / ROUSER
1666/00064-022,PISTON KIT PULSAR/ROUSER NS200 1.00 TEFLON NSU,12.14363452872368,0,MOTOR,BAJAJ,NS200 / ROUSER
1666/00060-022,PISTON KIT PULSAR/ROUSER NS200 STD TEFLON P72 P17 NSU,12.14303848286631,0,MOTOR,BAJAJ,NS200 / ROUSER
1663/10901-022,PISTON KIT SCOOTER 150 CC 0.25 NSU,6.391072885719109,0,MOTOR,,NS 150
1663/10902-022,PISTON KIT SCOOTER 150 CC 0.50 NSU,6.391072885719109,0,MOTOR,,NS 150
1663/10903-022,PISTON KIT SCOOTER 150 CC 0.75 NSU,6.391072885719109,0,MOTOR,,NS 150
1663/10904-022,PISTON KIT SCOOTER 150 CC 1.00 NSU,6.391072885719109,0,MOTOR,,NS 150
1663/10900-022,PISTON KIT SCOOTER 150 CC STD 57.4MM P15 NSU,6.391072885719109,0,MOTOR,,NS 150
1661/18001-012,PISTON KIT SUZUKI  AE50-ADRESS  0.25 REGENT/TOUGH,9.063140036557062,0,MOTOR,SUZUKI,UNIVERSAL
1661/19007-012,PISTON KIT SUZUKI  FZ 50 CC Y RB 50CC  1.75 REGENT/TOUGH,9.063140036557062,0,MOTOR,SUZUKI / YAMAHA,FZ 50
1661/19007-020,PISTON KIT SUZUKI  FZ 50 CC Y RB 50CC  1.75 TW.,9.062897984574409,0,MOTOR,SUZUKI / YAMAHA,FZ 50
1661/19008-012,PISTON KIT SUZUKI  FZ 50 CC Y RB 50CC  2.00 REGENT/TOUGH,9.06611014921425,0,MOTOR,SUZUKI / YAMAHA,FZ 50
1661/19008-020,PISTON KIT SUZUKI  FZ 50 CC Y RB 50CC  2.00 TW.,9.06308502188165,0,MOTOR,SUZUKI / YAMAHA,FZ 50
1661/19000-012,PISTON KIT SUZUKI  FZ 50 CC Y RB 50CC  STD P41 P12 REGENT/TOUGH,9.063140036557062,0,MOTOR,SUZUKI / YAMAHA,FZ 50
1661/19000-020,PISTON KIT SUZUKI  FZ 50 CC Y RB 50CC  STD P41 P12 TW.,9.062897984574409,0,MOTOR,SUZUKI / YAMAHA,FZ 50
1663/11001-020,PISTON KIT SUZUKI AT 100  0.25 TW.,8.10376436027943,0,MOTOR,SUZUKI,100
1661/20001-022,PISTON KIT SUZUKI AX 100  0.25 NSU,7.840942156075287,0,MOTOR,SUZUKI,100
1661/20001-575,PISTON KIT SUZUKI AX 100  0.25 YAMASIDA/KIM,0,23067.682605,MOTOR,SUZUKI,100
1661/20002-022,PISTON KIT SUZUKI AX 100  0.50 NSU,7.840716726046372,0,MOTOR,SUZUKI,100
1661/20002-575,PISTON KIT SUZUKI AX 100  0.50 YAMASIDA/KIM,0,23067.682605,MOTOR,SUZUKI,100
1661/20003-022,PISTON KIT SUZUKI AX 100  0.75 NSU,7.840716726046372,0,MOTOR,SUZUKI,100
1661/20003-575,PISTON KIT SUZUKI AX 100  0.75 YAMASIDA/KIM,0,23067.682605,MOTOR,SUZUKI,100
1661/20004-022,PISTON KIT SUZUKI AX 100  1.00 NSU,7.831471860002232,0,MOTOR,SUZUKI,100
1661/20004-575,PISTON KIT SUZUKI AX 100  1.00 YAMASIDA/KIM,0,23067.682605,MOTOR,SUZUKI,100
1661/20000-022,PISTON KIT SUZUKI AX 100 STD PISTON 50 PERNO 14 NSU,7.840937258267211,0,MOTOR,SUZUKI,100
1661/20000-575,PISTON KIT SUZUKI AX 100 STD PISTON 50 PERNO 14 YAMASIDA/KIM,0,23067.682605,MOTOR,SUZUKI,100
1664/11011-071,PISTON KIT SUZUKI DR125 0.25 57/14MM JPN/IKT/TP,45.33384253861372,0,MOTOR,SUZUKI,UNIVERSAL
1664/11013-071,PISTON KIT SUZUKI DR125 0.75 57/14MM JPN/IKT/TP,45.33384253861372,0,MOTOR,SUZUKI,UNIVERSAL
1664/11014-071,PISTON KIT SUZUKI DR125 1.00 57/14MM JPN/IKT/TP,45.33384253861372,0,MOTOR,SUZUKI,UNIVERSAL
1664/11010-071,PISTON KIT SUZUKI DR125 STD 57/14MM JPN/IKT/TP,45.33384253861372,0,MOTOR,SUZUKI,UNIVERSAL
1663/11111-022,PISTON KIT SUZUKI EN125 0.25 NSU,8.554744031437684,0,MOTOR,SUZUKI,EN125
1663/11112-022,PISTON KIT SUZUKI EN125 0.50 NSU,8.554744031437684,0,MOTOR,SUZUKI,EN125
1663/11113-022,PISTON KIT SUZUKI EN125 0.75 NSU,8.554744031437684,0,MOTOR,SUZUKI,EN125
1663/11114-022,PISTON KIT SUZUKI EN125 1.00 NSU,8.554744031437684,0,MOTOR,SUZUKI,EN125
1663/11110-022,PISTON KIT SUZUKI EN125 STD PISTON 57 PERNO 14 NSU,8.554744031437684,0,MOTOR,SUZUKI,EN125
1664/00301-071,"PISTON KIT SUZUKI FD/FX/SJ 110CC. 0.25 53,5/14MM JPN/IKT/TP",59.3495781587005,0,MOTOR,SUZUKI,UNIVERSAL
1664/00302-071,"PISTON KIT SUZUKI FD/FX/SJ 110CC. 0.50 53,5/14MM JPN/IKT/TP",59.3495781587005,0,MOTOR,SUZUKI,50
1664/00303-071,"PISTON KIT SUZUKI FD/FX/SJ 110CC. 0.75 53,5/14MM JPN/IKT/TP",59.3495781587005,0,MOTOR,SUZUKI,UNIVERSAL
1664/00304-071,"PISTON KIT SUZUKI FD/FX/SJ 110CC. 1.00 53,5/14MM JPN/IKT/TP",59.3495781587005,0,MOTOR,SUZUKI,UNIVERSAL
1664/00300-071,"PISTON KIT SUZUKI FD/FX/SJ 110CC. STD 53,5/14MM JPN/IKT/TP",51.60832883365259,0,MOTOR,SUZUKI,UNIVERSAL
1661/21001-020,PISTON KIT YAMAHA AXIS 90  0.25  TW.,11.09567401371024,0,MOTOR,YAMAHA,90
1661/21002-020,PISTON KIT YAMAHA AXIS 90  0.50 TW.,11.09567401371024,0,MOTOR,YAMAHA,90
1661/21003-020,PISTON KIT YAMAHA AXIS 90  0.75  TW.,11.09567401371024,0,MOTOR,YAMAHA,90
1661/21004-020,PISTON KIT YAMAHA AXIS 90  1.00 TW.,11.09567401371024,0,MOTOR,YAMAHA,90
1661/21006-020,PISTON KIT YAMAHA AXIS 90  1.50  TW.,11.09648456326135,0,MOTOR,YAMAHA,90
1661/21007-020,PISTON KIT YAMAHA AXIS 90  1.75 TW.,11.09567401371024,0,MOTOR,YAMAHA,90
1661/21000-020,PISTON KIT YAMAHA AXIS 90  STD PISTON 50 PERNO 12 TW.,11.09567401371024,0,MOTOR,YAMAHA,90
1663/15001-022,PISTON KIT YAMAHA CRYPTON 0.25 YAMASIDA,6.80023568873869,0,MOTOR,YAMAHA,CRYPTON
1663/15002-022,PISTON KIT YAMAHA CRYPTON 0.50 YAMASIDA,6.80023568873869,0,MOTOR,YAMAHA,CRYPTON
1664/15503-071,PISTON KIT YAMAHA CRYPTON 0.75 IZUMI/IKT,39.54827725357805,0,MOTOR,YAMAHA,CRYPTON
1663/15003-022,PISTON KIT YAMAHA CRYPTON 0.75 YAMASIDA,6.80023568873869,0,MOTOR,YAMAHA,CRYPTON
1664/15504-071,PISTON KIT YAMAHA CRYPTON 1.00 IZUMI/IKT,39.54827725357805,0,MOTOR,YAMAHA,CRYPTON
1663/15004-022,PISTON KIT YAMAHA CRYPTON 1.00 YAMASIDA,6.79353504368534,0,MOTOR,YAMAHA,CRYPTON
1663/15005-022,PISTON KIT YAMAHA CRYPTON 1.25 YAMASIDA,6.80023568873869,0,MOTOR,YAMAHA,CRYPTON
1663/15006-022,PISTON KIT YAMAHA CRYPTON 1.50 YAMASIDA,6.802291871289167,0,MOTOR,YAMAHA,CRYPTON
1663/15007-022,PISTON KIT YAMAHA CRYPTON 1.75 YAMASIDA,6.802291871289167,0,MOTOR,YAMAHA,CRYPTON
1663/15008-022,PISTON KIT YAMAHA CRYPTON 2.00 YAMASIDA,6.802291871289167,0,MOTOR,YAMAHA,CRYPTON
1664/15500-071,PISTON KIT YAMAHA CRYPTON STD IZUMI/IKT,39.54827725357805,0,MOTOR,YAMAHA,CRYPTON
1663/15000-022,PISTON KIT YAMAHA CRYPTON STD PISTON 49 PERNO 13 YAMASIDA,6.80023568873869,0,MOTOR,YAMAHA,CRYPTON
1663/15081-022,PISTON KIT YAMAHA FZ16 0.25 NSU,7.811322738387107,0,MOTOR,YAMAHA,FZ16
1663/15082-022,PISTON KIT YAMAHA FZ16 0.50 NSU,7.811322738387107,0,MOTOR,YAMAHA,FZ16
1663/15083-022,PISTON KIT YAMAHA FZ16 0.75 NSU,7.811322738387107,0,MOTOR,YAMAHA,FZ16
1663/15084-022,PISTON KIT YAMAHA FZ16 1.00 NSU,7.811322738387107,0,MOTOR,YAMAHA,FZ16
1663/15085-022,PISTON KIT YAMAHA FZ16 1.25 NSU,7.804320527252197,0,MOTOR,YAMAHA,FZ16
1663/15086-022,PISTON KIT YAMAHA FZ16 1.50 NSU,7.811541331861096,0,MOTOR,YAMAHA,FZ16
1663/15080-022,PISTON KIT YAMAHA FZ16 STD DIAM.58 PERNO 15 NSU,7.811322738387107,0,MOTOR,YAMAHA,FZ16
1661/22001-020,PISTON KIT YAMAHA GT 80 CC  0.25 TW.,3.336844148350353,0,MOTOR,YAMAHA,80
1661/22002-020,PISTON KIT YAMAHA GT 80 CC  0.50 TW.,3.336844148350353,0,MOTOR,YAMAHA,80
1661/22003-020,PISTON KIT YAMAHA GT 80 CC  0.75 TW.,3.336844148350353,0,MOTOR,YAMAHA,80
1661/22000-020,PISTON KIT YAMAHA GT 80 CC STD PISTON49 PERNO12 TW.,3.336844148350353,0,MOTOR,YAMAHA,80
1661/23001-012,PISTON KIT YAMAHA JOG 50  0.25 REGENT/TOUGH,5.940315956403924,0,MOTOR,YAMAHA,50
1661/23002-012,PISTON KIT YAMAHA JOG 50  0.50 REGENT/TOUGH,5.939127893239199,0,MOTOR,YAMAHA,50
1661/23000-012,PISTON KIT YAMAHA JOG 50 STD PISTON 40 PERNO 10 REGENT/TOUGH,5.940315956403924,0,MOTOR,YAMAHA,50
1663/15021-022,PISTON KIT YAMAHA NEW CRYPTON 0.25 NSU,6.007148723159722,0,MOTOR,YAMAHA,CRYPTON
1663/15022-022,PISTON KIT YAMAHA NEW CRYPTON 0.50 NSU,6.007148723159722,0,MOTOR,YAMAHA,CRYPTON
1663/15023-022,PISTON KIT YAMAHA NEW CRYPTON 0.75 NSU,6.007148723159722,0,MOTOR,YAMAHA,CRYPTON
1663/15024-022,PISTON KIT YAMAHA NEW CRYPTON 1.00 NSU,6.007148723159722,0,MOTOR,YAMAHA,CRYPTON
1663/15025-022,PISTON KIT YAMAHA NEW CRYPTON 1.25 NSU,6.007148723159722,0,MOTOR,YAMAHA,CRYPTON
1663/15026-022,PISTON KIT YAMAHA NEW CRYPTON 1.50 NSU,6.007148723159722,0,MOTOR,YAMAHA,CRYPTON
1663/15020-022,PISTON KIT YAMAHA NEW CRYPTON STD PISTON 51 PER13 NSU,6.007473974723339,0,MOTOR,YAMAHA,CRYPTON
1661/25001-012,PISTON KIT YAMAHA RX 125  0.25 REGENT/TOUGH,10.789467498206,0,MOTOR,YAMAHA / ZANELLA,125
1661/25001-022,PISTON KIT YAMAHA RX 125  0.25 YAMASIDA,10.51180171506503,0,MOTOR,YAMAHA / ZANELLA,125
1661/25002-022,PISTON KIT YAMAHA RX 125  0.50 YAMASIDA,10.51180171506503,0,MOTOR,YAMAHA / ZANELLA,125
1661/25003-022,PISTON KIT YAMAHA RX 125  0.75 YAMASIDA,10.51180171506503,0,MOTOR,YAMAHA / ZANELLA,125
1661/25004-022,PISTON KIT YAMAHA RX 125  1.00 YAMASIDA,10.51180171506503,0,MOTOR,YAMAHA / ZANELLA,125
1661/25000-022,PISTON KIT YAMAHA RX 125 STD PISTON 56 PERNO 16 YAMASIDA,10.51180171506503,0,MOTOR,YAMAHA / ZANELLA,125
1663/16001-022,PISTON KIT YAMAHA V80 0.25 YAMASIDA,4.46498538174648,0,MOTOR,YAMAHA,UNIVERSAL
1663/16003-022,PISTON KIT YAMAHA V80 0.75 YAMASIDA,4.468958326749759,0,MOTOR,YAMAHA,UNIVERSAL
1663/16004-022,PISTON KIT YAMAHA V80 1.00 YAMASIDA,4.468958326749759,0,MOTOR,YAMAHA,UNIVERSAL
1663/16101-022,PISTON KIT YAMAHA YBR125/ XTZ 125 0.25 YAMASIDA,6.90143913774416,0,MOTOR,YAMAHA,XTZ125 / YBR125
1663/16102-022,PISTON KIT YAMAHA YBR125/ XTZ 125 0.50 YAMASIDA,6.89993941657362,0,MOTOR,YAMAHA,XTZ125 / YBR125
1663/16103-022,PISTON KIT YAMAHA YBR125/ XTZ 125 0.75 YAMASIDA,6.89993941657362,0,MOTOR,YAMAHA,XTZ125 / YBR125
1663/16104-022,PISTON KIT YAMAHA YBR125/ XTZ 125 1.00 YAMASIDA,6.90143913774416,0,MOTOR,YAMAHA,XTZ125 / YBR125
1663/16105-022,PISTON KIT YAMAHA YBR125/ XTZ 125 1.25 YAMASIDA,6.90143913774416,0,MOTOR,YAMAHA,XTZ125 / YBR125
1663/16106-022,PISTON KIT YAMAHA YBR125/ XTZ 125 1.50 YAMASIDA NSU,6.90143913774416,0,MOTOR,YAMAHA,XTZ125 / YBR125
1663/16107-022,PISTON KIT YAMAHA YBR125/ XTZ 125 1.75 NSU,6.901571320424079,0,MOTOR,YAMAHA,XTZ125 / YBR125
1663/16108-022,PISTON KIT YAMAHA YBR125/ XTZ 125 2.00 NSU,6.90143913774416,0,MOTOR,YAMAHA,XTZ125 / YBR125
1663/16100-022,PISTON KIT YAMAHA YBR125/ XTZ 125 STD PISTON54 P15 YAMASIDA,6.901571320424079,0,MOTOR,YAMAHA,XTZ125 / YBR125
1661/28001-012,PISTON KIT ZANELLA DUE  0.25 REGENT/TOUGH,10.18823602372721,0,MOTOR,ZANELLA,DUE
1661/28002-575,PISTON KIT ZANELLA DUE  0.50 YAMASIDA/KIM,0,21048.706008,MOTOR,ZANELLA,DUE 50
1661/28003-575,PISTON KIT ZANELLA DUE  0.75 YAMASIDA/KIM,0,21048.706008,MOTOR,ZANELLA,DUE
1661/28004-575,PISTON KIT ZANELLA DUE  1.00 YAMASIDA/KIM,0,21048.706008,MOTOR,ZANELLA,DUE
1661/28005-575,PISTON KIT ZANELLA DUE  1.25 YAMASIDA/KIM,0,21048.706008,MOTOR,ZANELLA,DUE
1661/28008-575,PISTON KIT ZANELLA DUE  2.00 YAMASIDA/KIM,0,21048.706008,MOTOR,ZANELLA,DUE
1661/28000-575,PISTON KIT ZANELLA DUE  STD PISTON 40.3 PERNO12 YAMASIDA/KIM,0,21048.706008,MOTOR,ZANELLA,DUE
1661/30001-022,PISTON KIT ZANELLA DUE 90  0.25 YAMASIDA,10.18927371129023,0,MOTOR,ZANELLA,DUE 90
1661/30002-022,PISTON KIT ZANELLA DUE 90  0.50 YAMASIDA,10.18927371129023,0,MOTOR,ZANELLA,DUE 90
1661/30003-022,PISTON KIT ZANELLA DUE 90  0.75 YAMASIDA,10.18927371129023,0,MOTOR,ZANELLA,DUE 90
1661/30004-022,PISTON KIT ZANELLA DUE 90  1.00 YAMASIDA,10.18927371129023,0,MOTOR,ZANELLA,DUE 90
1661/31003-012,PISTON KIT ZANELLA DUE EURO MINARELLI  0.75 REGENT/TOUGH,13.11027713449941,0,MOTOR,ZANELLA,DUE
1663/19801-138,PISTON KIT ZANELLA RX 150 0.25 diam.62 .,4.098390337297511,0,MOTOR,ZANELLA,150
1663/19801-022,PISTON KIT ZANELLA RX 150 0.25 diam.62 NSU,8.351848778217889,0,MOTOR,ZANELLA,NS 150
1663/19801-575,PISTON KIT ZANELLA RX 150 0.25 diam.62 YAMASIDA/KIM,0,24603.626718,MOTOR,ZANELLA,150
1663/19802-138,PISTON KIT ZANELLA RX 150 0.50 diam.62 .,4.098390337297511,0,MOTOR,ZANELLA,150
1663/19802-022,PISTON KIT ZANELLA RX 150 0.50 diam.62 NSU,8.351848778217889,0,MOTOR,ZANELLA,NS 150
1663/19802-575,PISTON KIT ZANELLA RX 150 0.50 diam.62 YAMASIDA/KIM,0,24603.626718,MOTOR,ZANELLA,150
1663/19803-022,PISTON KIT ZANELLA RX 150 0.75 diam.62 NSU,8.351848778217889,0,MOTOR,ZANELLA,NS 150
1663/19803-575,PISTON KIT ZANELLA RX 150 0.75 diam.62 YAMASIDA/KIM,0,24603.626718,MOTOR,ZANELLA,150
1663/19804-022,PISTON KIT ZANELLA RX 150 1.00 diam.62 NSU,8.351848778217889,0,MOTOR,ZANELLA,NS 150
1663/19804-575,PISTON KIT ZANELLA RX 150 1.00 diam.62 YAMASIDA/KIM,0,24603.626718,MOTOR,ZANELLA,150
1663/19805-022,PISTON KIT ZANELLA RX 150 1.25 diam.62 NSU,8.351848778217889,0,MOTOR,ZANELLA,NS 150
1663/19806-022,PISTON KIT ZANELLA RX 150 1.50 diam.62 NSU,8.351848778217889,0,MOTOR,ZANELLA,NS 150
1663/19807-022,PISTON KIT ZANELLA RX 150 1.75 diam.62 NSU,8.351848778217889,0,MOTOR,ZANELLA,NS 150
1663/19808-022,PISTON KIT ZANELLA RX 150 2.00 diam.62 NSU,8.35041524625,0,MOTOR,ZANELLA,NS 150
1664/16040-071,PISTON KIT ZANELLA RX 150 STD 62/15 Z3RO IZUMI/IKT,43.83991723027113,0,MOTOR,ZANELLA,150
1663/19800-022,PISTON KIT ZANELLA RX 150 STD PISTON 62 PERNO 15 NSU,8.351848778217889,0,MOTOR,ZANELLA,NS 150
1663/19800-575,PISTON KIT ZANELLA RX 150 STD PISTON 62 PERNO 15 YAMASIDA/KIM,0,24603.626718,MOTOR,ZANELLA,150
1661/33001-575,PISTON KIT ZANELLA SOL 50  0.25 YAMASIDA/KIM,0,21972.607074,MOTOR,ZANELLA,SOL 50
1661/33002-575,PISTON KIT ZANELLA SOL 50  0.50 YAMASIDA/KIM,0,21972.607074,MOTOR,ZANELLA,SOL 50
1661/33003-575,PISTON KIT ZANELLA SOL 50  0.75 YAMASIDA/KIM,0,21972.607074,MOTOR,ZANELLA,SOL 50
1661/33004-575,PISTON KIT ZANELLA SOL 50  1.00 YAMASIDA/KIM,0,21972.607074,MOTOR,ZANELLA,SOL 50
1661/33005-575,PISTON KIT ZANELLA SOL 50  1.25 YAMASIDA/KIM,0,21972.607074,MOTOR,ZANELLA,SOL 50
1661/33006-575,PISTON KIT ZANELLA SOL 50  1.50 YAMASIDA/KIM,0,21972.607074,MOTOR,ZANELLA,SOL 50
1661/33007-575,PISTON KIT ZANELLA SOL 50  1.75 YAMASIDA/KIM,0,21972.607074,MOTOR,ZANELLA,SOL 50
1661/33008-575,PISTON KIT ZANELLA SOL 50  2.00 YAMASIDA/KIM,0,21972.607074,MOTOR,ZANELLA,SOL 50
1661/33000-575,"PISTON KIT ZANELLA SOL 50 STD PISTON40,30 PERNO12 YAMASIDA/KIM",0,21972.607074,MOTOR,ZANELLA,SOL 50
1661/35001-022,PISTON KIT ZANELLA SOL 90  0.25 YAMASIDA,10.18927371129023,0,MOTOR,ZANELLA,SOL 90
1661/35002-022,PISTON KIT ZANELLA SOL 90  0.50 YAMASIDA,10.18927371129023,0,MOTOR,ZANELLA,SOL 90
1661/35003-022,PISTON KIT ZANELLA SOL 90  0.75 YAMASIDA,10.18927371129023,0,MOTOR,ZANELLA,SOL 90
1661/35004-022,PISTON KIT ZANELLA SOL 90  1.00 YAMASIDA,10.18927371129023,0,MOTOR,ZANELLA,SOL 90
1661/36001-020,PISTON KIT ZANELLA V3  0.25  TW.,4.895260371481012,0,MOTOR,ZANELLA,UNIVERSAL
1661/36001-519,PISTON KIT ZANELLA V3  0.25 .,0,16.544088,MOTOR,ZANELLA,UNIVERSAL
1661/36001-012,PISTON KIT ZANELLA V3  0.25 REGENT/TOUGH,5.940315956403924,0,MOTOR,ZANELLA,UNIVERSAL
1661/36008-519,PISTON KIT ZANELLA V3  2.00 .,0,753.216651,MOTOR,ZANELLA,UNIVERSAL
1661/36000-012,PISTON KIT ZANELLA V3 STD PISTON 38.80 PERNO 12 REGENT/TOUGH,5.940315956403924,0,MOTOR,ZANELLA,80
1883/00206-667,PLAQUETA DE ENCENDIDO COMPLETA PARA MOTOS CDI/MAGN PIETCARD,0,51798.657438,ELECTRICIDAD,,UNIVERSAL
1883/00211-667,PLAQUETA DE ENCENDIDO COMPLETA ZANELLA VENTO SEXY PIETCARD,0,68111.68686300001,OTROS,ZANELLA,UNIVERSAL
1883/00063-038,PLAQUETA ENCENDIDO COMPLETA HONDA BIZ NSU,20.48529588240938,0,OTROS,HONDA,BIZ
1883/02860-623,PLAQUETA ENCENDIDO GUERRERO FLASH/MB100-MOTOMEL110 DZE,0,8329.57587,OTROS,MOTOMEL,UNIVERSAL
1883/02879-022,PLAQUETA ENCENDIDO HONDA BIZ C100ES NSU,14.06042170634004,0,OTROS,HONDA,BIZ
1883/02861-623,PLAQUETA ENCENDIDO HONDA C90/DAX 70 DZE,0,7442.908803,OTROS,HONDA,C90
1883/00110-579,PLAQUETA ENCENDIDO KENIA/JIALING SG,0,376.603425,OTROS,,UNIVERSAL
1883/02706-623,PLAQUETA ENCENDIDO MOTOR MORINI X5UNID DZE,0,2724.413373,OTROS,,UNIVERSAL
1883/02875-623,PLAQUETA ENCENDIDO ZANELLA 110/GUERRERO/BIZ DZE,0,15283.865619,OTROS,ZANELLA,BIZ
1883/02875-022,PLAQUETA ENCENDIDO ZANELLA 110/GUERRERO/BIZ NSU,2.920734488670159,0,OTROS,ZANELLA,BIZ
1883/00064-022,PLAQUETA ENCENDIDO ZANELLA ZB110/SEXY NSU,12.46267710963707,0,OTROS,ZANELLA,ZB110
1952/00024-074,PLAQUETA LED 27MMx20MM ROJO 12LED YAMASIDA,2.752328066798452,0,OTROS,,UNIVERSAL
1952/00025-074,PLAQUETA LED 27MMx20MM VERDE 12LED YAMASIDA,2.752328066798452,0,OTROS,,UNIVERSAL
1952/00034-074,PLAQUETA LED 40MMx20MM ROJO 18LED YAMASIDA,2.420128722979376,0,OTROS,,UNIVERSAL
1952/00042-074,PLAQUETA LED 40MMx40MM AMBAR 36LED YAMASIDA,4.638580052377138,0,OTROS,,UNIVERSAL
1435/00010-019,PLATINO CICLOMOTOR P/VOLANTE MOTOPLAT CONTAC POINT TERCOM,0.458357712685488,0,OTROS,,UNIVERSAL
1435/00667-623,PLATINO PUMA 4TA. SERIE DZE,0,703.701999,LUBRICANTES,,UNIVERSAL
1513/00040-565,PLATO FRENO ARMADO DEL. 115 ZANELLA  GRIS PEIX,0,1822.544955,OTROS,ZANELLA,UNIVERSAL
1513/00080-565,PLATO FRENO ARMADO DEL. MONDIAL  PEIX,0,209.868813,OTROS,MONDIAL,UNIVERSAL
1513/00100-077,PLATO FRENO ARMADO DEL. YAMAHA AXIS V80 NSU,15.9170951034318,0,OTROS,YAMAHA,UNIVERSAL
1515/00068-077,PLATO FRENO ARMADO TRAS. HONDA DAX 110 NSU,23.57645935045479,0,OTROS,HONDA,NS 110
1515/00083-022,PLATO FRENO ARMADO TRAS. MOTOMEL CG125 NSU,19.46577397704954,0,OTROS,HONDA / MOTOMEL,CG125
1515/00110-022,PLATO FRENO ARMADO TRAS. YAMAHA YBR 125 NSU,19.23875043750001,0,OTROS,YAMAHA,YBR125
1519/00030-541,PLATO FRENO DEL. SOLO 115 ROJO FUNDEMAP,0,1868.648859,OTROS,,UNIVERSAL
1519/00040-565,PLATO FRENO DEL. SOLO 115 ZANELLA  SOL BLANCO PEIX,0,79.613523,OTROS,ZANELLA,SOL
1519/00050-022,PLATO FRENO DEL. SOLO SUZUKI AX100  NSU,14.0358481968467,0,OTROS,SUZUKI,AX100
1519/00060-565,PLATO FRENO DEL. SOLO ZANELLA RZA  NEGRO PEIX,0,79.613523,OTROS,ZANELLA,SOL
1517/00098-134,PLATO FRENO TRAS. SOLO HONDA BIZ C100/125 DIAFRAG,26.0024265901271,0,OTROS,HONDA,BIZ
1517/00106-134,PLATO FRENO TRAS. SOLO HONDA TITAN 150 DIAFRAG,25.96648623565636,0,OTROS,HONDA,TITAN
1517/00121-134,PLATO FRENO TRAS. SOLO YAMAHA YBR 125 BRASIL DIAFRAG,28.55637736875,0,OTROS,YAMAHA,YBR125
1517/00107-022,PLATO FRENO TRAS.SOLO MOTOMEL 150 15MM NSU,23.71266898514673,0,OTROS,MOTOMEL,NS 150
1409/00040-022,PLATO FRICCION GILERA SMASH NSU,0.7622967864106179,0,OTROS,GILERA,SMASH
1409/00044-022,PLATO FRICCION HONDA BIZ 125 NSU,1.587513044789429,0,OTROS,HONDA,BIZ
1409/00042-022,PLATO FRICCION HONDA BIZ NSU,4.80373153789135,0,OTROS,HONDA,BIZ
1409/00050-038,PLATO FRICCION HONDA C100 NSU,1.935971956713867,0,OTROS,HONDA,UNIVERSAL
1409/00045-022,PLATO FRICCION HONDA C90 NSU,0.8691929066720436,0,OTROS,HONDA,C90
1409/00070-022,PLATO FRICCION HONDA WAVE/ZANELLA SEXY NSU,3.109691972432099,0,OTROS,HONDA,WAVE
1409/00110-022,PLATO FRICCION UNIVERSAL 5 AGUJEROS ESTRELLA NSU,1.9964637,0,OTROS,,UNIVERSAL
1409/00100-022,PLATO FRICCION UNIVERSAL 6 AGUJEROS ESTRELLA NSU,1.778705126566315,0,OTROS,,UNIVERSAL
1409/00120-022,PLATO FRICCION UNIVERSAL 6 AGUJEROS HEXAGONAL NSU,1.586523144686737,0,OTROS,,UNIVERSAL
2018/00020-022,POLAR FILM DARK BRONCE NSU,49.96099068271819,0,OTROS,,UNIVERSAL
1735/00090-022,PORTA CORONA BAJAJ PULSAR 200 NSU,10.29993576725581,0,TRANSMISIÓN,BAJAJ,PULSAR
1735/00060-514,PORTA CORONA GILERA ESTILO/SUZUKI AX 100 BRN,0,10966.681935,TRANSMISIÓN,GILERA,100
1735/00061-514,PORTA CORONA GILERA GL 150-MOTOMEL-MONDIAL BRN,0,11042.49267,TRANSMISIÓN,GILERA,150
1735/00002-514,PORTA CORONA GILERA SMASH BRN,0,9955.934207999999,TRANSMISIÓN,GILERA,SMASH
1735/00003-038,PORTA CORONA GILERA SMASH C/RULEMAN Y RETEN NSU,6.872769889027404,0,MOTOR,GILERA,SMASH
1735/00030-514,PORTA CORONA GILERA SMASH TUNNING 110 BRN,0,10530.851067,TRANSMISIÓN,GILERA,SMASH
1735/00059-022,PORTA CORONA GILERA VC 200 C/RUL. Y RETEN NSU,12.43885566218788,0,MOTOR,GILERA,NS 200
1735/00008-022,PORTA CORONA HONDA BIZ C/RULEMAN Y RETEN NSU,6.374596185557471,0,MOTOR,HONDA,BIZ
1735/00050-514,PORTA CORONA HONDA CG 150 BRN,0,20037.45843,TRANSMISIÓN,HONDA,CG150
1735/00050-038,PORTA CORONA HONDA CG 150 NSU,10.65279332799248,0,TRANSMISIÓN,HONDA,CG150
1735/00005-038,PORTA CORONA HONDA MB100 NSU,13.1461878207795,0,TRANSMISIÓN,HONDA,UNIVERSAL
1735/00007-514,PORTA CORONA HONDA STORM 125CC. BRN,0,9955.934207999999,TRANSMISIÓN,HONDA,STORM 125
1735/00007-038,PORTA CORONA HONDA STORM 125CC. NSU,7.701504214718627,0,TRANSMISIÓN,HONDA,STORM 125
1735/00006-038,PORTA CORONA HONDA WAVE BOMBE C/RUL. Y RETEN NSU,7.216408383478776,0,MOTOR,HONDA,WAVE
1735/00067-077,PORTA CORONA MOTOMEL FUSION C/RULEMAN/RETEN NSU,11.42227420012236,0,MOTOR,MOTOMEL,UNIVERSAL
1735/00064-514,PORTA CORONA MOTOMEL SKUA BRN,0,14134.31613,TRANSMISIÓN,MOTOMEL,UNIVERSAL
1735/00064-038,PORTA CORONA MOTOMEL SKUA NSU,8.659836187138366,0,TRANSMISIÓN,MOTOMEL,UNIVERSAL
1735/00010-514,PORTA CORONA SUZUKI AX 100 BAJO BRN,0,10491.999903,TRANSMISIÓN,SUZUKI,100
1735/00010-022,PORTA CORONA SUZUKI AX 100 BAJO NSU,6.778390302523155,0,TRANSMISIÓN,SUZUKI,100
1735/00062-514,PORTA CORONA YAMAHA CRYPTON BRN,0,9329.620905,TRANSMISIÓN,YAMAHA,CRYPTON
1735/00062-022,PORTA CORONA YAMAHA CRYPTON NSU,6.473593378125688,0,TRANSMISIÓN,YAMAHA,CRYPTON
1735/00082-514,PORTA CORONA YAMAHA FZ 16 BRN,0,21002.033646,TRANSMISIÓN,YAMAHA,FZ16
1735/00080-077,PORTA CORONA YAMAHA FZ16 C/CORONA 46D C/RUL.Y RETE NSU,40.09152213204002,0,TRANSMISIÓN,YAMAHA,FZ16
1735/00065-514,PORTA CORONA YAMAHA YBR 125 BRN,0,9329.620905,TRANSMISIÓN,YAMAHA,YBR125
1735/00063-022,PORTA CORONA ZANELLA PATAGONIA 150 NSU,10.38175451546745,0,TRANSMISIÓN,ZANELLA,NS 150
1735/00070-514,PORTA CORONA ZANELLA SEXY C/RUL. Y RETEN BRN,0,9481.242375,MOTOR,ZANELLA,UNIVERSAL
1735/00070-038,PORTA CORONA ZANELLA SEXY C/RUL. Y RETEN NSU,9.62551196639525,0,MOTOR,ZANELLA,UNIVERSAL
1667/00005-548,PORTA EQUIPAJE BAJAJ ROUSER 135 HP,0,57712.786659,OTROS,BAJAJ,ROUSER
1667/00007-548,PORTA EQUIPAJE BAJAJ ROUSER 200NS/150NS HP,0,43741.07892,OTROS,BAJAJ,ROUSER
1667/00006-548,PORTA EQUIPAJE BAJAJ ROUSER 200NS/150NS SOP.LAT HP,0,139516.245099,OTROS,BAJAJ,ROUSER
1667/00007-566,PORTA EQUIPAJE BAJAJ ROUSER 200NS/150NS VC,0,41403.491415,OTROS,BAJAJ / GILERA,ROUSER
1667/00013-566,PORTA EQUIPAJE CENTRAL GILERA FUTURA/FU Y OTRAS VC,0,24941.78082,OTROS,GILERA,FUTURA
1667/00014-566,PORTA EQUIPAJE CENTRAL GILERA SMASH / OTRAS VC,0,24941.78082,OTROS,GILERA,SMASH
1667/00010-551,PORTA EQUIPAJE GARELLI JAL,0,1255.361085,OTROS,,UNIVERSAL
1667/00012-150,PORTA EQUIPAJE HONDA BIZ 100 NEGRO CROMOFORTE,31.54278701268197,0,OTROS,HONDA,BIZ
1667/00016-548,PORTA EQUIPAJE HONDA BIZ 125 HP,0,37908.935064,OTROS,HONDA,BIZ
1667/00022-548,PORTA EQUIPAJE HONDA BROSS/MOTOMEL SKUA 150 HP,0,40825.016793,OTROS,HONDA / MOTOMEL,SKUA150
1667/00039-548,PORTA EQUIPAJE HONDA CBX250 TWISTER P/BAUL LATERAL HP,0,85762.974231,ACCESORIOS,HONDA,TWISTER
1667/00026-548,PORTA EQUIPAJE HONDA CG 150 TITAN NEW HP,0,62695.556253,OTROS,HONDA,CG150 / TITAN
1667/00019-548,PORTA EQUIPAJE HONDA DAX/MAX/DAY110 M/VIEJO HP,0,51031.25874,OTROS,HONDA,UNIVERSAL
1667/00260-150,PORTA EQUIPAJE HONDA NXR 125/150 BROSS NEGRO CROMOFORTE,34.3322000714455,0,OTROS,HONDA,XR 125
1667/00031-548,PORTA EQUIPAJE HONDA TITAN 150/MOTOMEL S2 150 HP,0,49491.48243600001,OTROS,HONDA,TITAN
1667/00038-566,PORTA EQUIPAJE HONDA TORNADO VC,0,40953.458898,OTROS,GILERA / HONDA,TORNADO
1667/00034-548,PORTA EQUIPAJE HONDA TWISTER CBX250 2017/2018 HP,0,77135.879205,OTROS,HONDA,TWISTER
1667/00024-558,PORTA EQUIPAJE HONDA TWISTER CBX250 FIDE,0,226.589319,OTROS,HONDA,TWISTER
1667/00024-548,PORTA EQUIPAJE HONDA TWISTER CBX250 HP,0,44932.44927600001,OTROS,HONDA,TWISTER
1667/00030-551,PORTA EQUIPAJE JUKI MONDIAL M1 JAL,0,1255.361085,OTROS,MONDIAL,UNIVERSAL
1667/00032-548,PORTA EQUIPAJE KAWASAKI VERSYS 650 MOD.2016 HP,0,68535.589914,OTROS,KAWASAKI,UNIVERSAL
1667/00198-548,PORTA EQUIPAJE MOTOMEL SKUA/CORVEN HP,0,39366.971028,OTROS,MOTOMEL,UNIVERSAL
1667/00200-548,PORTA EQUIPAJE MOTOMEL XMM 250 HP,0,41265.58154400001,OTROS,MOTOMEL,250
1667/00009-548,PORTA EQUIPAJE UNIVERSAL CUB 110 HP,0,37908.935064,OTROS,,110
1667/00084-548,PORTA EQUIPAJE YAMAHA CRYPTON SII HP,0,22213.917495,OTROS,YAMAHA,CRYPTON
1667/00122-548,PORTA EQUIPAJE YAMAHA FZ 16 FI 2015 ADEL. HP,0,132522.614136,OTROS,YAMAHA,FZ16
1667/00120-548,PORTA EQUIPAJE YAMAHA FZ16 HP,0,62639.523936,OTROS,YAMAHA,FZ16
1667/00046-548,PORTA EQUIPAJE YAMAHA XTZ125 HP,0,53196.917103,OTROS,YAMAHA,XTZ125
1667/00045-548,PORTA EQUIPAJE YAMAHA YBR125 HP,0,45563.623875,OTROS,YAMAHA,YBR125
1667/00045-022,PORTA EQUIPAJE YAMAHA YBR125 NSU,22.93538156468725,0,OTROS,YAMAHA,YBR125
1667/00250-548,PORTA EQUIPAJE ZANELLA RX 150 HP,0,35037.565497,OTROS,ZANELLA,150
1299/00023-621,PORTA PATENTE GILERA SMASH .,0,2126.709189,CARROCERÍA,GILERA,SMASH
1299/00005-621,PORTA PATENTE HONDA WAVE x1unid. .,0,2126.709189,CARROCERÍA,HONDA,WAVE
1299/00100-536,PORTA PATENTE MERCOSUR NEGRO C/KIT INSTALACION AF,0,3648.902499,CARROCERÍA,,UNIVERSAL
1299/00110-560,PORTA PATENTE MERCOSUR NEGRO S/KIT INSTALACION MDA,0,1429.201422,CARROCERÍA,,UNIVERSAL
1299/00096-621,PORTA PATENTE REBATIBLE .,0,13778.44182,CARROCERÍA,,UNIVERSAL
1299/00060-566,PORTA PATENTE UNIVERSAL CHICO NEGRO C/KIT INSTAL VC,0,3938.031999,CARROCERÍA,GILERA,UNIVERSAL
1299/00050-566,PORTA PATENTE UNIVERSAL GRANDE NEGRO C/KIT INSTAL VC,0,3938.031999,CARROCERÍA,GILERA,UNIVERSAL
1299/03093-560,PORTA PATENTE UNIVERSAL MERCOSUR CERRADO C/TORNILL MDA,0,2582.916336,CARROCERÍA,,UNIVERSAL
1299/00092-566,PORTA PATENTE UNIVERSAL MERCOSUR ECONOMICO VC,0,1675.529955,CARROCERÍA,GILERA,UNIVERSAL
1299/00098-566,PORTA PATENTE UNIVERSAL METALICO LATERAL CHOPERA VC,0,14108.549301,CARROCERÍA,GILERA,UNIVERSAL
1299/00095-566,PORTA PATENTE UNIVERSAL METALICO VC,0,7952.972445,CARROCERÍA,GILERA,UNIVERSAL
1058/00100-022,PORTAESCOBILLA BAJAJ PULSAR 150/180 NSU,1.911818596588611,0,OTROS,BAJAJ,PULSAR
1058/10202-022,PORTAESCOBILLA CG 125/CBX/XR/NX150/TORNADO NSU,3.075198003779755,0,OTROS,HONDA,CG125
1058/00110-022,PORTAESCOBILLA CUSTOM 200 4 CARBONES NSU,3.388013247174568,0,OTROS,,NS 200
1058/10204-022,PORTAESCOBILLA GILERA SMASH/HONDA BIZ NSU,1.572977214830017,0,OTROS,GILERA / HONDA,SMASH
1058/02885-022,PORTAESCOBILLA HONDA BIZ 125 2012-2018 NSU,1.161593469519997,0,OTROS,HONDA,BIZ
1058/10210-022,PORTAESCOBILLA HONDA TITAN 150 NSU,1.161593469519997,0,OTROS,HONDA,TITAN
1058/00255-022,PORTAESCOBILLA HONDA WAVE 110 S NSU,2.084760938312073,0,OTROS,HONDA,WAVE110
1058/00250-022,PORTAESCOBILLA HONDA XR150L NSU,2.353658714602948,0,OTROS,HONDA,XR
1058/00150-022,PORTAESCOBILLA SUZUKI GN125 NSU,2.407503703960104,0,OTROS,SUZUKI,GN125
1058/00200-022,PORTAESCOBILLA YAMAHA CRYPTON NSU,1.789893309193039,0,OTROS,YAMAHA,CRYPTON
1058/00205-022,PORTAESCOBILLA YAMAHA FZ 16 NSU,1.949835697485123,0,OTROS,YAMAHA,FZ16
1058/00260-022,PORTAESCOBILLA YAMAHA NEW CRYPTON NSU,1.984440317716599,0,OTROS,YAMAHA,CRYPTON
1058/10211-022,PORTAESCOBILLA YAMAHA YBR NSU,2.081190881888581,0,OTROS,YAMAHA,YBR
1669/00035-038,PORTALAM DEL. LAMP.0913 Y DEL.GIL.SMASH 502/306 NSU,0.955640619031105,0,OTROS,,SMASH
1669/00027-038,PORTALAMPARA BOSCH / 913  HDA STORM 125 FS308T NSU,1.285722615576668,0,ELECTRICIDAD,MONDIAL,STORM 125
1669/00040-038,PORTALAMPARA BOSCH LAMPARA BA20D DZ-0319 NSU,0.5510239781042863,0,ELECTRICIDAD,,UNIVERSAL
1669/90035-515,PORTALAMPARA DEL. CG TITAN BUHO,0,1902.971961,ELECTRICIDAD,HONDA,TITAN
1669/00020-038,PORTALAMPARA DEL. GIL.SMASH/HONDA BIZ DZ-0305 NSU,0.4046166409268189,0,ELECTRICIDAD,HONDA,SMASH
1669/00020-566,PORTALAMPARA DEL. GIL.SMASH/HONDA BIZ DZ-0305 VC,0,3894.074514,ELECTRICIDAD,GILERA / HONDA,SMASH
1669/00030-038,PORTALAMPARA DEL. LAMPARA 0913 ZXD-0502 NSU,0.5565922908703995,0,ELECTRICIDAD,,UNIVERSAL
1669/00025-038,PORTALAMPARA DEL.GIL.SMASH/HONDA BIZ C/CAP.DZ-0306 NSU,0.7080791216219332,0,ELECTRICIDAD,HONDA,SMASH
1669/00200-038,PORTALAMPARA DELANTERO 110 COMPLETO NSU,1.506664597135391,0,ELECTRICIDAD,,NS 110
1669/00060-038,PORTALAMPARA LAMPARA BA15D WDZ-0402 NSU,0.5510239781042863,0,ELECTRICIDAD,,UNIVERSAL
1669/00050-038,PORTALAMPARA LAMPARA BA15S ZXD-0504-1 NSU,0.3802718966690192,0,ELECTRICIDAD,,UNIVERSAL
1669/90010-038,PORTALAMPARA LAMPARA PT 43/45 NSU,0.7501891332266234,0,ELECTRICIDAD,,UNIVERSAL
1669/90018-515,PORTALAMPARA PARA LAMP.SIN CULOTE X10UNID. BUHO,0,12855.609063,ELECTRICIDAD,,UNIVERSAL
1669/00136-038,PORTALAMPARA TABLERO x 10UNID. NSU,0.2369136910689926,0,ELECTRICIDAD,,UNIVERSAL
1669/90024-515,PORTALAMPARA TIPO BOSCH 2 POLOS HONDA WAVE BUHO,0,629.479026,ELECTRICIDAD,HONDA,WAVE
1669/90032-038,PORTALAMPARA TIPO BOSCH YAMAHA YBR NSU,0.7229903652053832,0,ELECTRICIDAD,YAMAHA,YBR
1669/01122-636,PORTALAMPARA TRIPLE ENT.1P CABLE A MAZA x 10UNID. FAROLITO,0,1753.291089,MOTOR,,UNIVERSAL
1669/90017-515,PORTALAMPARAS TRASERO 2 POLOS PATA DESPAREJA BUHO,0,2037.088845,ELECTRICIDAD,,UNIVERSAL
1001/00900-022,PORTANUMERO CROSS NSU,9.437958650424957,0,OTROS,,UNIVERSAL
1001/01520-566,PORTAPAQUETE P/TAPA BAUL UNIV. INCLUYE TENSOR ELAS VC,0,7550.504181,ACCESORIOS,GILERA,UNIVERSAL
1001/02490-566,PRECINTOS PLASTICOS 3MM x 150MM (x100U.) VC,0,5362.950384000001,CARROCERÍA,GILERA,UNIVERSAL
1001/02520-566,PRECINTOS PLASTICOS 4.8MM x 300MM (x100U.) VC,0,14486.083821,CARROCERÍA,GILERA,UNIVERSAL
1001/02500-566,PRECINTOS PLASTICOS 4MM x 200MM (x100U.) VC,0,7053.446466,CARROCERÍA,GILERA,UNIVERSAL
1001/02550-566,PRECINTOS REUTILIZABLES 8MM x 200MM (x100UNID.) VC,0,15936.200577,OTROS,GILERA,UNIVERSAL
1537/00260-138,PRENSA RESORTES DE VALVULAS .,24.91437462204881,0,MOTOR,,UNIVERSAL
1537/00260-156,PRENSA RESORTES DE VALVULAS NSU,24.9158668360199,0,MOTOR,,UNIVERSAL
1537/00024-038,PROBADOR BATERIA TESTER UNIV.12/24V.BM410 NSU,14.61456257940102,0,BATERÍAS,,UNIVERSAL
1537/00026-038,PROBADOR BATERIA TESTER UNIV.12V.BM310 NSU,6.461371691444778,0,BATERÍAS,,UNIVERSAL
1537/00022-038,PROBADOR BATERIA TESTER UNIV.9/18V.DY2015 NSU,68.03785159637455,0,BATERÍAS,,UNIVERSAL
1537/04011-667,PROBADOR DE CDI ANALOGICOS PIETCARD,0,800923.302729,ELECTRICIDAD,,UNIVERSAL
1537/00710-138,PROBADOR DE LIQUIDOS DE FRENO DIGITAL .,5.590178081547261,0,OTROS,,UNIVERSAL
1537/00710-156,PROBADOR DE LIQUIDOS DE FRENO DIGITAL NSU,5.590262926351317,0,OTROS,,UNIVERSAL
1537/04015-667,PROBADOR DE REGULADORES 6/12V. PIETCARD,0,1059006.429855,ELECTRICIDAD,,UNIVERSAL
1287/02615-536,PROTECTOR DE  MANOS CARBONO AZUL/BLANCO xJGO. AF,0,13907.766015,OTROS,,UNIVERSAL
1282/00100-152,PROTECTOR DE CHASIS HONDA CRF 230 NEGRO CIRCUIT,19.75379002069949,0,OTROS,HONDA,UNIVERSAL
1282/00200-152,PROTECTOR DE CHASIS HONDA CRF 230 ROJO CIRCUIT,19.75379002069949,0,OTROS,HONDA,UNIVERSAL
1282/00300-152,PROTECTOR DE CHASIS HONDA TORNADO NEGRO CIRCUIT,19.75379002069949,0,OTROS,HONDA,TORNADO
1498/00040-152,PROTECTOR DE DISCO CIRCUIT I AZUL CIRCUIT,23.02900809618851,0,FRENOS,,UNIVERSAL
1498/00020-152,PROTECTOR DE DISCO CIRCUIT I BLANCO CIRCUIT,23.02900809618851,0,FRENOS,,UNIVERSAL
1498/00030-152,PROTECTOR DE DISCO CIRCUIT I GRIS CIRCUIT,23.02900809618851,0,FRENOS,,UNIVERSAL
1498/00010-152,PROTECTOR DE DISCO CIRCUIT I NEGRO CIRCUIT,23.02900809618851,0,FRENOS,,UNIVERSAL
1498/00060-152,PROTECTOR DE DISCO CIRCUIT I ROJO CIRCUIT,23.02900809618851,0,FRENOS,,UNIVERSAL
1498/00050-152,PROTECTOR DE DISCO CIRCUIT I VERDE CIRCUIT,23.02900809618851,0,FRENOS,,UNIVERSAL
1289/00200-152,PROTECTOR DE MANILLAR I.11 BLANCO CIRCUIT,19.4014370214451,0,OTROS,,UNIVERSAL
1289/00250-152,PROTECTOR DE MANILLAR I.11 NEGRO CIRCUIT,21.17442945706066,0,OTROS,,UNIVERSAL
1289/00150-152,PROTECTOR DE MANILLAR I.9 BLANCO CIRCUIT,15.89992909135455,0,OTROS,,UNIVERSAL
1289/00100-152,PROTECTOR DE MANILLAR I.9 NEGRO CIRCUIT,16.80697210146213,0,OTROS,,UNIVERSAL
1289/00500-536,PROTECTOR DE MANILLAR MOTOMEL SAHEL/SKUA DIAM.10 AF,0,4196.229543,OTROS,GILERA / MOTOMEL,UNIVERSAL
1289/00340-152,PROTECTOR DE MANILLAR MX III BLANCO CIRCUIT,7.221557186645279,0,OTROS,,UNIVERSAL
1289/00330-152,PROTECTOR DE MANILLAR MX III NEGRO/CELESTE CIRCUIT,8.591123651637567,0,OTROS,,UNIVERSAL
1289/00320-152,PROTECTOR DE MANILLAR MX III NEGRO/NARANJA CIRCUIT,7.221557186645279,0,OTROS,,UNIVERSAL
1289/00310-152,PROTECTOR DE MANILLAR MX III NEGRO/VERDE CIRCUIT,7.221557186645279,0,OTROS,,UNIVERSAL
1287/00030-022,PROTECTOR DE MANOS AMARILLO NSU,15.45859314747189,0,OTROS,,UNIVERSAL
1287/00020-038,PROTECTOR DE MANOS AZUL NSU,10.36740951981354,0,OTROS,,UNIVERSAL
1287/00120-022,PROTECTOR DE MANOS AZUL PC163 NSU,34.83805052698028,0,OTROS,,UNIVERSAL
1287/01010-022,PROTECTOR DE MANOS AZUL/NEGRO NSU,10.72923471404755,0,OTROS,,UNIVERSAL
1287/00500-022,PROTECTOR DE MANOS BLANCO 8 LEDS (CI1023) NSU,27.22460564128876,0,OTROS,,UNIVERSAL
1287/00372-022,PROTECTOR DE MANOS BLANCO PC163C NSU,36.0700506774344,0,OTROS,,UNIVERSAL
1287/01000-022,PROTECTOR DE MANOS BLANCO/NEGRO NSU,9.656474186978443,0,OTROS,,UNIVERSAL
1287/02619-536,PROTECTOR DE MANOS CARBONO BLANCO/NEGRO xJGO. AF,0,13907.766015,OTROS,,UNIVERSAL
1287/02609-536,PROTECTOR DE MANOS CARBONO NEGRO/AZUL xJGO. AF,0,13907.766015,OTROS,,UNIVERSAL
1287/02605-536,PROTECTOR DE MANOS CARBONO NEGRO/BLANCO xJGO. AF,0,13907.766015,OTROS,,UNIVERSAL
1287/02613-536,PROTECTOR DE MANOS CARBONO NEGRO/FUCSIA xJGO. AF,0,13907.766015,OTROS,,UNIVERSAL
1287/02614-536,PROTECTOR DE MANOS CARBONO NEGRO/NARANJA xJGO. AF,0,13907.766015,OTROS,,UNIVERSAL
1287/02607-536,PROTECTOR DE MANOS CARBONO NEGRO/ROJO xJGO. AF,0,13907.766015,OTROS,,UNIVERSAL
1287/02611-536,PROTECTOR DE MANOS CARBONO NEGRO/VERDE xJGO. AF,0,13907.766015,OTROS,,UNIVERSAL
1287/02617-536,PROTECTOR DE MANOS CARBONO ROJO/BLANCO xJGO. AF,0,13907.766015,OTROS,,UNIVERSAL
1287/01305-152,PROTECTOR DE MANOS FHS LED ALUMINIO BLANCO xJGO. CIRCUIT,123.4819122463894,0,OTROS,,UNIVERSAL
1287/01300-152,PROTECTOR DE MANOS FHS LED ALUMINIO NEGRO xJGO. CIRCUIT,123.4819122463894,0,OTROS,,UNIVERSAL
1287/01405-152,PROTECTOR DE MANOS FHS LED FATBAR BLANCO xJGO. CIRCUIT,123.4819122463894,0,OTROS,,UNIVERSAL
1287/01400-152,PROTECTOR DE MANOS FHS LED FATBAR NEGRO xJGO. CIRCUIT,123.4819122463894,0,OTROS,,UNIVERSAL
1287/01205-152,PROTECTOR DE MANOS FHS LED HIERRO BLANCO xJGO. CIRCUIT,123.4819122463894,0,OTROS,,UNIVERSAL
1287/01200-152,PROTECTOR DE MANOS FHS LED HIERRO NEGRO xJGO. CIRCUIT,123.4819122463894,0,OTROS,,UNIVERSAL
1287/01030-022,PROTECTOR DE MANOS NARANJA/NEGRO NSU,9.342931732235622,0,OTROS,,UNIVERSAL
1287/00040-038,PROTECTOR DE MANOS NEGRO NSU,9.472507124951361,0,OTROS,,UNIVERSAL
1287/00010-038,PROTECTOR DE MANOS ROJO NSU,14.67103748447228,0,OTROS,,UNIVERSAL
1287/01020-022,PROTECTOR DE MANOS ROJO/NEGRO NSU,9.119822487686392,0,OTROS,,UNIVERSAL
1287/01602-152,PROTECTOR DE MANOS STREET BLANCO/AZUL xJGO. CIRCUIT,47.98339227910753,0,OTROS,,UNIVERSAL
1287/01600-152,PROTECTOR DE MANOS STREET BLANCO/NEGRO xJGO. CIRCUIT,47.98339227910753,0,OTROS,,UNIVERSAL
1287/01601-152,PROTECTOR DE MANOS STREET BLANCO/ROJO xJGO. CIRCUIT,59.18005673648602,0,OTROS,,UNIVERSAL
1287/01506-152,PROTECTOR DE MANOS STREET NEGRO/AMARILLO xJGO. CIRCUIT,47.98339227910753,0,OTROS,,UNIVERSAL
1287/01502-152,PROTECTOR DE MANOS STREET NEGRO/AZUL xJGO. CIRCUIT,47.98339227910753,0,OTROS,,UNIVERSAL
1287/01500-152,PROTECTOR DE MANOS STREET NEGRO/NEGRO x JGO. CIRCUIT,59.18005673648602,0,OTROS,,UNIVERSAL
1287/01504-152,PROTECTOR DE MANOS STREET NEGRO/PLATA xJGO. CIRCUIT,59.18005673648602,0,OTROS,,UNIVERSAL
1287/01501-152,PROTECTOR DE MANOS STREET NEGRO/ROJO xJGO. CIRCUIT,59.18005673648602,0,OTROS,,UNIVERSAL
1287/01102-152,PROTECTOR DE MANOS SX FRENO A DISCO AZULxJGO. CIRCUIT,23.98380771782936,0,FRENOS,,UNIVERSAL
1287/01104-152,PROTECTOR DE MANOS SX FRENO A DISCO GRISxJGO. CIRCUIT,20.91486964801383,0,FRENOS,,UNIVERSAL
1287/01107-152,PROTECTOR DE MANOS SX FRENO A DISCO NARANJAxJGO. CIRCUIT,20.91486964801383,0,FRENOS,,UNIVERSAL
1287/01109-152,PROTECTOR DE MANOS SX FRENO A DISCO ROJO FLUOxJGO. CIRCUIT,20.91486964801383,0,FRENOS,,UNIVERSAL
1287/01101-152,PROTECTOR DE MANOS SX FRENO A DISCO ROJO xJGO. CIRCUIT,25.79524109521106,0,FRENOS,,UNIVERSAL
1287/01108-152,PROTECTOR DE MANOS SX FRENO A DISCO VERDE xJGO. CIRCUIT,20.91486964801383,0,FRENOS,,UNIVERSAL
1287/02100-152,PROTECTOR DE MANOS VECTOR AMARILLO/NEGRO xJGO. CIRCUIT,17.04524123840838,0,OTROS,,UNIVERSAL
1287/01905-152,PROTECTOR DE MANOS VECTOR AZUL/BLANCO xJGO. CIRCUIT,17.07166796901057,0,OTROS,,UNIVERSAL
1287/01802-152,PROTECTOR DE MANOS VECTOR BLANCO/AZUL xJGO. CIRCUIT,17.04524123840838,0,OTROS,,UNIVERSAL
1287/01807-152,PROTECTOR DE MANOS VECTOR BLANCO/NARANJA xJGO. CIRCUIT,17.04524123840838,0,OTROS,,UNIVERSAL
1287/01800-152,PROTECTOR DE MANOS VECTOR BLANCO/NEGRO xJGO. CIRCUIT,17.07166796901057,0,OTROS,,UNIVERSAL
1287/01808-152,PROTECTOR DE MANOS VECTOR BLANCO/VERDE xJGO. CIRCUIT,17.04524123840838,0,OTROS,,UNIVERSAL
1287/03006-152,PROTECTOR DE MANOS VECTOR CARBONO/AMARILLO xJGO. CIRCUIT,21.46096365417492,0,OTROS,,UNIVERSAL
1287/03002-152,PROTECTOR DE MANOS VECTOR CARBONO/AZUL xJGO. CIRCUIT,21.0226558745267,0,OTROS,,UNIVERSAL
1287/03005-152,PROTECTOR DE MANOS VECTOR CARBONO/BLANCO xJGO. CIRCUIT,21.05409657011367,0,OTROS,,UNIVERSAL
1287/03003-152,PROTECTOR DE MANOS VECTOR CARBONO/CELESTE xJGO. CIRCUIT,17.04524123840838,0,OTROS,,UNIVERSAL
1287/03004-152,PROTECTOR DE MANOS VECTOR CARBONO/GRIS xJGO. CIRCUIT,21.46096365417492,0,OTROS,,UNIVERSAL
1287/03007-152,PROTECTOR DE MANOS VECTOR CARBONO/NARANJA xJGO. CIRCUIT,17.04524123840838,0,OTROS,,UNIVERSAL
1287/03000-152,PROTECTOR DE MANOS VECTOR CARBONO/NEGRO xJGO. CIRCUIT,17.07166796901057,0,OTROS,,UNIVERSAL
1287/03001-152,PROTECTOR DE MANOS VECTOR CARBONO/ROJO xJGO. CIRCUIT,21.05409657011367,0,OTROS,,UNIVERSAL
1287/03008-152,PROTECTOR DE MANOS VECTOR CARBONO/VERDE xJGO. CIRCUIT,17.04524123840838,0,OTROS,,UNIVERSAL
1287/02500-152,PROTECTOR DE MANOS VECTOR CELESTE/BLANCO xJGO. CIRCUIT,17.04524123840838,0,OTROS,,UNIVERSAL
1287/02300-152,PROTECTOR DE MANOS VECTOR NARANJA/NEGRO xJGO. CIRCUIT,17.04524123840838,0,OTROS,,UNIVERSAL
1287/01705-152,PROTECTOR DE MANOS VECTOR NEGRO/BLANCO xJGO. CIRCUIT,21.05409657011367,0,OTROS,,UNIVERSAL
1287/02400-152,PROTECTOR DE MANOS VECTOR ROJO FLUO/BLANCO xJGO. CIRCUIT,21.46096365417492,0,OTROS,,UNIVERSAL
1287/02005-152,PROTECTOR DE MANOS VECTOR ROJO/BLANCO xJGO. CIRCUIT,17.04524123840838,0,OTROS,,UNIVERSAL
1287/02200-152,PROTECTOR DE MANOS VECTOR VERDE/NEGRO xJGO. CIRCUIT,17.04524123840838,0,OTROS,,UNIVERSAL
1285/00008-566,PROTECTOR ESCAPE SILENCIADOR YAMAHA FZ16 VC,0,8429.252040000001,OTROS,GILERA / YAMAHA,FZ16
1204/30009-038,PROTECTOR TANQUE DE NAFTA BLANCO (FS-30009) NSU,1.824247009412786,0,OTROS,,UNIVERSAL
1204/30001-038,PROTECTOR TANQUE DE NAFTA CARBONO (FS-30001) NSU,2.250615903682709,0,OTROS,,UNIVERSAL
1204/30008-038,PROTECTOR TANQUE DE NAFTA NEGRO (FS-30008) NSU,2.262744568276406,0,OTROS,,UNIVERSAL
1204/30010-038,PROTECTOR TANQUE DE NAFTA NEGRO (FS-30010) NSU,2.262744568276406,0,OTROS,,UNIVERSAL
1204/00440-038,PROTECTOR TANQUE DE NAFTA NEGRO (R) DJ001 NSU,1.681943512415886,0,OTROS,,UNIVERSAL
1001/01065-156,PUERTO USB CON TECLA DE ENCENDIDO NSU,3.649535623096504,0,OTROS,,UNIVERSAL
1645/00143-056,PUNTERA MANOPLA RU014 AZUL NSU,0.7260019446399266,0,OTROS,,UNIVERSAL
1645/00144-056,PUNTERA MANOPLA RU014 ROJO NSU,0.7260019446399266,0,OTROS,,UNIVERSAL
1645/00163-056,PUNTERA MANOPLA RU016 AZUL NSU,2.214329738462312,0,OTROS,,UNIVERSAL
1645/00168-056,PUNTERA MANOPLA RU016 NEGRO NSU,2.214329738462312,0,OTROS,,UNIVERSAL
1645/00164-056,PUNTERA MANOPLA RU016 ROJO NSU,2.214329738462312,0,OTROS,,UNIVERSAL
1645/00260-536,PUNTERA MANUBRIO 110/150 UNIVERSALxJGO. AF,0,2740.271391,OTROS,,110
1645/00215-056,PUNTERA MANUBRIO RU021 VERDE KIT NSU,11.0959053662967,0,OTROS,,UNIVERSAL
1645/00234-056,PUNTERA MANUBRIO RU023 ROJO KIT NSU,10.27278830357848,0,OTROS,,UNIVERSAL
1645/00235-056,PUNTERA MANUBRIO RU023 VERDE KIT NSU,10.27278830357848,0,OTROS,,UNIVERSAL
1645/00237-056,PUNTERA MANUBRIO RU023 VIOLETA KIT NSU,10.27611789020988,0,OTROS,,UNIVERSAL
1645/00280-536,PUNTERA MANUBRIO UNIVERSAL 150/200 xJGO. AF,0,2740.271391,OTROS,,150
1645/00270-536,PUNTERA MANUBRIO YAMAHA FZ xJGO. AF,0,2740.271391,OTROS,YAMAHA,FZ
1247/00036-038,PUNZUA HONDA BIZ 125 x 10 unid. NSU,3.609346917474461,0,OTROS,HONDA,BIZ
1247/00035-038,PUNZUA HONDA BIZ x10 unid. NSU,5.699036385269165,0,OTROS,HONDA,BIZ
1247/00040-038,PUNZUA HONDA C90 ECONOPOWER x10unid. NSU,3.799383354145432,0,OTROS,HONDA,C90
1247/00050-038,PUNZUA HONDA CG x10unid. NSU,4.179263988520431,0,OTROS,HONDA,CG
1247/00055-038,PUNZUA HONDA MB100 (C/ASIENTO) x10unid. NSU,7.884113870169537,0,OTROS,HONDA,UNIVERSAL
1247/00056-038,PUNZUA HONDA TITAN 150 x 10UNID. NSU,3.609346917474461,0,OTROS,HONDA,TITAN
1247/00110-038,PUNZUA HONDA TWISTER 250 x 10 UNID. NSU,3.799383354145432,0,OTROS,HONDA,TWISTER
1247/00058-038,PUNZUA HONDA XL125  X10UNID. NSU,3.799383354145432,0,OTROS,HONDA,UNIVERSAL
1247/00070-038,PUNZUA SUZUKI AX100  x 10 UNID. NSU,3.932443037075043,0,OTROS,SUZUKI,AX100
1343/64006-038,PUÑOS 1702 NEGRO JGO. J310-1 NSU,2.988492286709382,0,OTROS,,UNIVERSAL
1343/09000-038,PUÑOS ACERO NEGRO xJGO. J-214-6 NSU,5.37199120625935,0,OTROS,,UNIVERSAL
1343/08970-038,PUÑOS AZUL NEGRO x JGO. J-214 NSU,7.705399882563086,0,OTROS,,UNIVERSAL
1343/04220-560,PUÑOS BARREL 130MM CARAMELO xJGO. MDA,0,9766.245654,OTROS,,UNIVERSAL
1343/04207-560,PUÑOS BARREL 130MM MARRON xJGO MDA,0,9766.245654,OTROS,,UNIVERSAL
1343/04200-560,PUÑOS BARREL 130MM NEGRO xJGO. MDA,0,9766.245654,OTROS,,UNIVERSAL
1343/03402-560,PUÑOS CICLO/SCOOTER AZUL x JGO. MDA,0,5418.688671,OTROS,,UNIVERSAL
1343/03404-560,PUÑOS CICLO/SCOOTER GRIS x JGO. MDA,0,5416.483446,OTROS,,UNIVERSAL
1343/03403-560,PUÑOS CICLO/SCOOTER LILA x JGO. MDA,0,5418.718074,OTROS,,UNIVERSAL
1343/03400-560,PUÑOS CICLO/SCOOTER NEGRO x JGO. MDA,0,5418.649467,OTROS,,UNIVERSAL
1343/03401-560,PUÑOS CICLO/SCOOTER ROJO x JGO. MDA,0,5416.483446,OTROS,,UNIVERSAL
1343/76302-152,PUÑOS CIRCUIT COBRA II AZUL x JGO. CIRCUIT,8.288001651529907,0,OTROS,,UNIVERSAL
1343/76300-152,PUÑOS CIRCUIT COBRA II NEGRO x JGO. CIRCUIT,8.566924784033317,0,OTROS,,UNIVERSAL
1343/76002-152,PUÑOS CIRCUIT I AZUL x JGO. CIRCUIT,6.172529219224296,0,OTROS,,UNIVERSAL
1343/76004-152,PUÑOS CIRCUIT I GRIS x JGO. CIRCUIT,6.425529370287231,0,OTROS,,UNIVERSAL
1343/76000-152,PUÑOS CIRCUIT I NEGRO x JGO. CIRCUIT,7.612855449579437,0,OTROS,,UNIVERSAL
1343/76001-152,PUÑOS CIRCUIT I ROJO x JGO. CIRCUIT,7.612855449579437,0,OTROS,,UNIVERSAL
1343/76102-152,PUÑOS CIRCUIT II AZUL x JGO. CIRCUIT,9.66157495894638,0,OTROS,,UNIVERSAL
1343/76104-152,PUÑOS CIRCUIT II GRIS x JGO. CIRCUIT,7.833637999932976,0,OTROS,,UNIVERSAL
1343/76100-152,PUÑOS CIRCUIT II NEGRO x JGO. CIRCUIT,9.999595769604605,0,OTROS,,UNIVERSAL
1343/76101-152,PUÑOS CIRCUIT II ROJO x JGO. CIRCUIT,11.43092362612692,0,OTROS,,UNIVERSAL
1343/76202-152,PUÑOS CIRCUIT III AZUL x JGO. CIRCUIT,9.49861345520153,0,OTROS,,UNIVERSAL
1343/76200-152,PUÑOS CIRCUIT III BLANCO x JGO. CIRCUIT,7.701504346922058,0,OTROS,,UNIVERSAL
1343/76204-152,PUÑOS CIRCUIT III GRIS x JGO. CIRCUIT,9.498608634337646,0,OTROS,,UNIVERSAL
1343/76105-152,PUÑOS CIRCUIT III NEGRO x JGO. CIRCUIT,9.827227541653059,0,OTROS,,UNIVERSAL
1343/76201-152,PUÑOS CIRCUIT III ROJO x JGO. CIRCUIT,9.999595769604605,0,OTROS,,UNIVERSAL
1343/76506-152,PUÑOS CIRCUIT IV AMARILLO FLUO x JGO. CIRCUIT,9.66157495894638,0,OTROS,,UNIVERSAL
1343/76502-152,PUÑOS CIRCUIT IV AZUL x JGO. CIRCUIT,9.999595769604605,0,OTROS,,UNIVERSAL
1343/76405-152,PUÑOS CIRCUIT IV BLANCO x JGO. CIRCUIT,7.833637999932976,0,OTROS,,UNIVERSAL
1343/76400-152,PUÑOS CIRCUIT IV NEGRO x JGO. CIRCUIT,11.43068948067286,0,OTROS,,UNIVERSAL
1343/76501-152,PUÑOS CIRCUIT IV ROJO x JGO. CIRCUIT,11.43092362612692,0,OTROS,,UNIVERSAL
1343/76600-152,PUÑOS CIRCUIT KIRA LOCK ON GRIS x JGO. CIRCUIT,39.39470483339788,0,OTROS,,UNIVERSAL
1343/76601-152,PUÑOS CIRCUIT KIRA LOCK ON NEGRO/GRIS x JGO. CIRCUIT,39.39470483339788,0,OTROS,,UNIVERSAL
1343/76706-152,PUÑOS CIRCUIT V NEGRO/AMARILLO x JGO. CIRCUIT,14.41864131083693,0,OTROS,,UNIVERSAL
1343/76705-152,PUÑOS CIRCUIT V NEGRO/BLANCO x JGO. CIRCUIT,15.69132896946954,0,OTROS,,UNIVERSAL
1343/76709-152,PUÑOS CIRCUIT V NEGRO/CELESTE x JGO. CIRCUIT,14.41864131083693,0,OTROS,,UNIVERSAL
1343/76704-152,PUÑOS CIRCUIT V NEGRO/GRIS xJGO. CIRCUIT,15.69132896946954,0,OTROS,,UNIVERSAL
1343/76708-152,PUÑOS CIRCUIT V NEGRO/VERDE x JGO. CIRCUIT,13.72454033208996,0,OTROS,,UNIVERSAL
1343/75050-022,PUÑOS CROSS AMARILLO x JGO. (ZX-B535) NSU,2.371931529267074,0,OTROS,,UNIVERSAL
1343/03202-560,PUÑOS CROSS AZUL x JGO. MDA,0,7636.752981000001,OTROS,,UNIVERSAL
1343/75070-022,PUÑOS CROSS BLANCO x JGO. (ZX-B535) NSU,2.371931529267074,0,OTROS,,UNIVERSAL
1343/03203-560,PUÑOS CROSS LILA x JGO. MDA,0,7636.752981000001,OTROS,,UNIVERSAL
1343/75020-022,PUÑOS CROSS NARANJA x JGO. (ZX-B535) NSU,2.371931529267074,0,OTROS,,UNIVERSAL
1343/03200-560,PUÑOS CROSS NEGRO x JGO. MDA,0,7636.752981000001,OTROS,,UNIVERSAL
1343/03201-560,PUÑOS CROSS ROJO x JGO. MDA,0,7636.752981000001,OTROS,,UNIVERSAL
1343/75030-022,PUÑOS CROSS ROSA x JGO. (ZX-B535) NSU,3.070459814148331,0,OTROS,,UNIVERSAL
1343/75060-022,PUÑOS CROSS VIOLETA x JGO. (ZX-B535) NSU,2.565304069052367,0,OTROS,,UNIVERSAL
1343/08900-038,PUÑOS ESPIGADO NEGRO xJGO. J-193 NSU,5.413866416107697,0,OTROS,,UNIVERSAL
1343/08910-038,PUÑOS ESPIGADO PLATA xJGO. J-194 NSU,5.171588416270834,0,OTROS,,UNIVERSAL
1343/03300-560,PUÑOS GRIPS NEGRO x JGO. MDA,0,2678.995539,OTROS,,UNIVERSAL
1343/00032-150,PUÑOS HONDA BIZ 100 x JGO. CROMOFORTE,3.206571534789011,0,OTROS,HONDA,BIZ
1343/00038-150,PUÑOS HONDA TITAN 150 NEGRO C/COM.ACEL.xJGO CROMOFORTE,3.47994475366951,0,OTROS,HONDA,TITAN
1343/00039-150,PUÑOS HONDA TITAN 150 xJGO. CROMOFORTE,2.903987277053834,0,OTROS,HONDA,TITAN
1343/00045-150,PUÑOS HONDA TITAN 2000 x JGO. CROMOFORTE,2.782987807176589,0,OTROS,HONDA,TITAN
1343/03990-560,PUÑOS HONDA TITAN CROM/NEGRO xJGO. MDA,0,6536.051676000001,OTROS,HONDA,TITAN
1343/03601-022,PUÑOS IMP.CUSTOM ESPONJA (CORTO) NEG. x JGO. NSU,4.679062248084942,0,OTROS,,UNIVERSAL
1343/76806-152,PUÑOS INTERLAGOS AMARILLO x JGO. CIRCUIT,6.076315817554229,0,OTROS,,UNIVERSAL
1343/76802-152,PUÑOS INTERLAGOS AZUL x JGO. CIRCUIT,6.588934011480378,0,OTROS,,UNIVERSAL
1343/76809-152,PUÑOS INTERLAGOS CELESTE x JGO. CIRCUIT,6.076315817554229,0,OTROS,,UNIVERSAL
1343/76804-152,PUÑOS INTERLAGOS GRIS x JGO. CIRCUIT,6.274651207119256,0,OTROS,,UNIVERSAL
1343/76800-152,PUÑOS INTERLAGOS NEGRO x JGO. CIRCUIT,5.959015880610581,0,OTROS,,UNIVERSAL
1343/76801-152,PUÑOS INTERLAGOS ROJO x JGO. CIRCUIT,7.170518282784301,0,OTROS,,UNIVERSAL
1343/51006-022,PUÑOS J098 NEGRO JGO. NSU,6.48467535365828,0,OTROS,,UNIVERSAL
1343/77011-152,PUÑOS JUPITER RACING AZUL/BLANCO xJGO. CIRCUIT,16.64347617185628,0,OTROS,,UNIVERSAL
1343/77006-152,PUÑOS JUPITER RACING NEGRO/AMARILLO xJGO. CIRCUIT,14.66683548421186,0,OTROS,,UNIVERSAL
1343/77005-152,PUÑOS JUPITER RACING NEGRO/BLANCO xJGO. CIRCUIT,14.68571172035628,0,OTROS,,UNIVERSAL
1343/77009-152,PUÑOS JUPITER RACING NEGRO/CELESTE xJGO. CIRCUIT,14.68571172035628,0,OTROS,,UNIVERSAL
1343/77004-152,PUÑOS JUPITER RACING NEGRO/GRIS xJGO. CIRCUIT,14.68571172035628,0,OTROS,,UNIVERSAL
1343/77007-152,PUÑOS JUPITER RACING NEGRO/NARANJA xJGO. CIRCUIT,14.68571172035628,0,OTROS,,UNIVERSAL
1343/77001-152,PUÑOS JUPITER RACING NEGRO/ROJO xJGO. CIRCUIT,16.64347617185628,0,OTROS,,UNIVERSAL
1343/77008-152,PUÑOS JUPITER RACING NEGRO/VERDE xJGO. CIRCUIT,14.66683548421186,0,OTROS,,UNIVERSAL
1343/77012-152,PUÑOS JUPITER RACING ROJO/BLANCO xJGO. CIRCUIT,14.66683548421186,0,OTROS,,UNIVERSAL
1343/08960-038,PUÑOS LINEA PLATA xJGO. J-197 NSU,9.91396395575314,0,OTROS,,UNIVERSAL
1343/03900-560,PUÑOS MOTO LARGO (TITAN/N.HAWK/600) x JGO. MDA,0,2967.674193,OTROS,,TITAN
1343/70250-077,PUÑOS MOTOMEL MOTARD 200 xJGO NSU,3.509296686063707,0,OTROS,MOTOMEL,NS 200
1343/08810-038,PUÑOS NEGRO CUSTOM x JGO. J-051 NSU,3.447730077536272,0,OTROS,,UNIVERSAL
1343/09060-038,PUÑOS NEGRO YOSHIMURA xJGO. J311-2 NSU,3.601646598854856,0,OTROS,,UNIVERSAL
1343/09090-038,PUÑOS PLATA NEGRO xJGO. J-324-4 NSU,5.763823526983166,0,OTROS,,UNIVERSAL
1343/03702-560,PUÑOS PROGRESS AZUL x JGO. MDA,0,7636.752981000001,OTROS,,UNIVERSAL
1343/03700-560,PUÑOS PROGRESS NEGRO x JGO. MDA,0,7636.752981000001,OTROS,,UNIVERSAL
1343/03701-560,PUÑOS PROGRESS ROJO x JGO. MDA,0,7636.752981000001,OTROS,,UNIVERSAL
1343/03102-560,PUÑOS STREET x JGO. AZUL MDA,0,7636.752981000001,OTROS,,UNIVERSAL
1343/03104-560,PUÑOS STREET x JGO. GRIS MDA,0,7636.752981000001,OTROS,,UNIVERSAL
1343/03100-560,PUÑOS STREET x JGO. NEGRO MDA,0,7636.752981000001,OTROS,,UNIVERSAL
1343/03101-560,PUÑOS STREET x JGO. ROJO MDA,0,7636.752981000001,OTROS,,UNIVERSAL
1343/04300-560,PUÑOS STYLER NEGRO C/PUNTERA xJGO. MDA,0,12025.268343,OTROS,ZANELLA,UNIVERSAL
1343/03806-560,PUÑOS SUPERBIKE CUATRICICLO NEGRO X JGO. MDA,0,9117.047016,OTROS,,UNIVERSAL
1343/03606-560,PUÑOS SUPERBIKE MARRON x JGO. MDA,0,7636.752981000001,OTROS,,UNIVERSAL
1343/03600-560,PUÑOS SUPERBIKE NEGRO x JGO. MDA,0,7636.752981000001,OTROS,,UNIVERSAL
1343/03602-560,PUÑOS SUPERBIKE ROJO x JGO. MDA,0,7636.752981000001,OTROS,,UNIVERSAL
1343/04000-560,PUÑOS TUNNING NEGRO PUNTAS CROMADAS X JGO. MDA,0,9096.935363999999,OTROS,,UNIVERSAL
1343/71000-038,PUÑOS UNIVERSAL (NSU) AMARILLOxJGO (120) NSU,3.711938244414173,0,OTROS,,UNIVERSAL
1343/71002-038,PUÑOS UNIVERSAL (NSU) AMARILLOxJGO (130) NSU,3.885421256643038,0,OTROS,,UNIVERSAL
1343/73000-022,PUÑOS UNIVERSAL AZUL x JGO. (ZX-B422-47) NSU,7.026061995269052,0,OTROS,,UNIVERSAL
1343/74000-022,PUÑOS UNIVERSAL AZUL x JGO. (ZX-B545-29) NSU,7.624279278816862,0,OTROS,,UNIVERSAL
1343/72000-022,PUÑOS UNIVERSAL AZUL x JGO. (ZX-B545-50) NSU,8.265979778057625,0,OTROS,,50
1343/73020-022,PUÑOS UNIVERSAL ORO x JGO. (ZX-B422-47) NSU,7.026061995269052,0,OTROS,,UNIVERSAL
1343/74020-022,PUÑOS UNIVERSAL ORO x JGO. (ZX-B545-29) NSU,7.624279278816862,0,OTROS,,UNIVERSAL
1343/72020-022,PUÑOS UNIVERSAL ORO x JGO. (ZX-B545-50) NSU,7.026061995269052,0,OTROS,,50
1343/73010-022,PUÑOS UNIVERSAL PLATA x JGO. (ZX-B422-47) NSU,6.649185106633928,0,OTROS,,UNIVERSAL
1343/74010-022,PUÑOS UNIVERSAL PLATA x JGO. (ZX-B545-29) NSU,7.995173994616504,0,OTROS,,UNIVERSAL
1343/72010-022,PUÑOS UNIVERSAL PLATA x JGO. (ZX-B545-50) NSU,7.026061995269052,0,OTROS,,50
1343/73030-022,PUÑOS UNIVERSAL ROJO x JGO. (ZX-B422-47) NSU,7.026061995269052,0,OTROS,,UNIVERSAL
1343/74030-022,PUÑOS UNIVERSAL ROJO x JGO. (ZX-B545-29) NSU,7.624279278816862,0,OTROS,,UNIVERSAL
1343/72030-022,PUÑOS UNIVERSAL ROJO x JGO. (ZX-B545-50) NSU,7.026061995269052,0,OTROS,,50
1343/70500-038,PUÑOS UNIVERSAL XL-05 LARGO 130MMxJGO NSU,1.455056469720841,0,OTROS,,UNIVERSAL
1343/01000-038,PUÑOS XL-10 x JGO NEGRO NSU,2.020713833896065,0,OTROS,,UNIVERSAL
1343/02762-038,PUÑOS XL-276B xJGO. AZUL NSU,8.52758737697406,0,OTROS,,UNIVERSAL
1343/02761-038,PUÑOS XL-276B xJGO.ROJO NSU,8.52758737697406,0,OTROS,,UNIVERSAL
1343/02806-038,PUÑOS XL-280-8 xJGO. NEGRO NSU,6.030030218161945,0,OTROS,,UNIVERSAL
1343/02807-038,PUÑOS XL-280-8 xJGO. ORO NSU,6.030030218161945,0,OTROS,,UNIVERSAL
1343/02802-038,PUÑOS XL-280B xJGO. AZUL NSU,6.891463106470793,0,OTROS,,UNIVERSAL
1343/02803-038,PUÑOS XL-280B xJGO. NEGRO NSU,6.891463106470793,0,OTROS,,UNIVERSAL
1343/02801-038,PUÑOS XL-280B xJGO. ROJO NSU,6.891463106470793,0,OTROS,,UNIVERSAL
1343/02804-038,PUÑOS XL-280K xJGO. NEGRO NSU,6.030030218161945,0,OTROS,,UNIVERSAL
1343/02805-038,PUÑOS XL-280K xJGO. ROJO NSU,7.094174215650988,0,OTROS,,UNIVERSAL
1343/02981-038,PUÑOS XL-298 xJGO. NEGRO NSU,5.243214078035701,0,OTROS,,UNIVERSAL
1343/02983-038,PUÑOS XL-298 xJGO. ORO NSU,5.243214078035701,0,OTROS,,UNIVERSAL
1343/65004-038,PUÑOS XL-299 UNIVERSAL PLATA 118MMxJGO. NSU,6.397933847543849,0,OTROS,,UNIVERSAL
1343/05001-022,PUÑOS ZX370 AZUL (FUEGO) xJGO. NSU,5.635206811020389,0,OTROS,,UNIVERSAL
1343/67100-022,PUÑOS ZX-420-2 NEGRO JGO. NSU,4.947256934940403,0,OTROS,,UNIVERSAL
1343/67000-022,PUÑOS ZX-476-37 NEGRO PUNTERA CROMO JGO. NSU,5.81804450584246,0,OTROS,,UNIVERSAL
1343/66020-022,PUÑOS ZX-487-43 AZUL JGO. NSU,6.909409624977227,0,OTROS,,UNIVERSAL
1343/66000-022,PUÑOS ZX-487-43 BLANCO JGO. NSU,6.741908785583839,0,OTROS,,UNIVERSAL
1343/66030-022,PUÑOS ZX-487-43 NARANJA JGO. NSU,6.909409624977227,0,OTROS,,UNIVERSAL
1343/66010-022,PUÑOS ZX-487-43 ROJO JGO. NSU,6.909409624977227,0,OTROS,,UNIVERSAL
1537/00556-022,PURGADOR DE FRENOS HIDRAULICOS NSU,25.55508803807374,0,OTROS,,UNIVERSAL
1738/00050-518,"RAYOS / NIPLES 2,5 X 160 x 100 R33",0,16062.212034,OTROS,,160
1738/00155-518,RAYOS / NIPLES HONDA TORNADO XR250 TRAS.(X18)155MM R33,0,13110.552675,OTROS,HONDA,TORNADO
1738/00156-518,RAYOS / NIPLES HONDA TORNADO XR250 TRAS.(X18)205MM R33,0,13110.552675,OTROS,HONDA,TORNADO
1738/00150-518,RAYOS / NIPLES HONDA XR 250/600 TRAS.(BOLSAX18) R33,0,13110.552675,OTROS,HONDA,XR 250
1737/00033-518,RAYOS RUEDA 3 X 110MM (BOLSA X 36) R33,0,4309.293879000001,OTROS,,UNIVERSAL
1737/00040-518,RAYOS RUEDA 3 X 120MM (BOLSA X 36) R33,0,4309.293879000001,OTROS,,UNIVERSAL
1737/00050-518,RAYOS RUEDA 3 X 125MM (BOLSA X 36) R33,0,4309.293879000001,OTROS,,UNIVERSAL
1737/00060-518,RAYOS RUEDA 3 X 130MM (BOLSA X 36) R33,0,4309.293879000001,OTROS,,UNIVERSAL
1737/00070-518,RAYOS RUEDA 3 X 140MM (BOLSA X 36) R33,0,4309.293879000001,OTROS,,UNIVERSAL
1737/00080-518,RAYOS RUEDA 3 X 145MM (BOLSA X 36) R33,0,4309.293879000001,OTROS,,UNIVERSAL
1737/00090-518,RAYOS RUEDA 3 X 150MM (BOLSA X 36) R33,0,4309.293879000001,OTROS,,UNIVERSAL
1737/00100-518,RAYOS RUEDA 3 X 155MM (BOLSA X 36) R33,0,4309.293879000001,OTROS,,UNIVERSAL
1737/00110-518,RAYOS RUEDA 3 X 160MM (BOLSA X 36) R33,0,4309.293879000001,OTROS,,UNIVERSAL
1737/00120-518,RAYOS RUEDA 3 X 165MM (BOLSA X 36) R33,0,4309.293879000001,OTROS,,UNIVERSAL
1737/00130-518,RAYOS RUEDA 3 X 170MM (BOLSA X 36) R33,0,4309.293879000001,OTROS,,UNIVERSAL
1737/00140-518,RAYOS RUEDA 3 X 175MM (BOLSA X 36) R33,0,4309.293879000001,OTROS,,UNIVERSAL
1737/00143-518,RAYOS RUEDA 3 X 185MM (BOLSA X 36) R33,0,4309.293879000001,OTROS,,UNIVERSAL
1737/00144-518,RAYOS RUEDA 3 X 190MM (BOLSA X 36) R33,0,4309.293879000001,OTROS,,UNIVERSAL
1737/00145-518,RAYOS RUEDA 3 X 195MM (BOLSA X 36) R33,0,4309.293879000001,OTROS,,UNIVERSAL
1737/00134-518,RAYOS RUEDA 3 X 200MM (BOLSA X 36) R33,0,4309.293879000001,OTROS,,UNIVERSAL
1737/00135-518,RAYOS RUEDA 3 X 210MM (BOLSA X 36) R33,0,4309.293879000001,OTROS,,UNIVERSAL
1737/00141-518,RAYOS RUEDA 3 X 260MM (BOLSA X 36) R33,0,4309.293879000001,OTROS,,UNIVERSAL
1737/00280-038,"RAYOS RUEDA 3,2 X 105 C/NIPLE NSU",0.1452018164955139,0,OTROS,,UNIVERSAL
1737/00295-038,"RAYOS RUEDA 3,2 X 110 C/NIPLE TRAFILADOS NSU",0.1473961056141205,0,OTROS,,NS 110
1737/00300-022,"RAYOS RUEDA 3,2 X 115 C/NIPLE NSU",0.1815004921048678,0,OTROS,,UNIVERSAL
1737/00300-038,"RAYOS RUEDA 3,2 X 115 C/NIPLE NSU",0.1814981961358369,0,OTROS,,UNIVERSAL
1737/00303-038,"RAYOS RUEDA 3,2 X 115 C/NIPLE TRAFILADOS NSU",0.1473961056141205,0,OTROS,,UNIVERSAL
1737/00306-038,"RAYOS RUEDA 3,2 X 120 C/NIPLE TRAFILADOS NSU",0.1473961056141205,0,OTROS,,UNIVERSAL
1737/00310-038,"RAYOS RUEDA 3,2 X 125 C/NIPLE NSU",0.08470023983150483,0,OTROS,,NS 125
1737/00321-038,"RAYOS RUEDA 3,2 X 130 C/NIPLE TRAFILADOS NSU",0.1473961056141205,0,OTROS,,UNIVERSAL
1737/00330-022,"RAYOS RUEDA 3,2 X 135 C/NIPLE NSU",0.1473961056141205,0,OTROS,,135
1737/00335-038,"RAYOS RUEDA 3,2 X 135 C/NIPLE TRAFILADOS NSU",0.1473961056141205,0,OTROS,,135
1737/00340-038,"RAYOS RUEDA 3,2 X 140 C/NIPLE NSU",0.1555364937224311,0,OTROS,,UNIVERSAL
1737/00350-038,"RAYOS RUEDA 3,2 X 145 C/NIPLE NSU",0.1064780634017944,0,OTROS,,UNIVERSAL
1737/00360-038,"RAYOS RUEDA 3,2 X 150 C/NIPLE NSU",0.1452018164955139,0,OTROS,,NS 150
1737/00370-038,"RAYOS RUEDA 3,2 X 155 C/NIPLE NSU",0.1064780634017944,0,OTROS,,UNIVERSAL
1737/00380-038,"RAYOS RUEDA 3,2 X 160 C/NIPLE NSU",0.1179732911122513,0,OTROS,,160
1737/00390-038,"RAYOS RUEDA 3,2 X 165 C/NIPLE NSU",0.1064780634017944,0,OTROS,,UNIVERSAL
1737/00400-038,"RAYOS RUEDA 3,2 X 170 C/NIPLE NSU",0.1064780634017944,0,OTROS,,UNIVERSAL
1737/00410-038,"RAYOS RUEDA 3,2 X 175 C/NIPLE NSU",0.1330975829910278,0,OTROS,,UNIVERSAL
1737/00420-038,"RAYOS RUEDA 3,2 X 180 C/NIPLE NSU",0.1064780634017944,0,OTROS,,180
1737/00430-038,"RAYOS RUEDA 3,2 X 185 C/NIPLE NSU",0.1330975829910278,0,OTROS,,UNIVERSAL
1737/00431-038,"RAYOS RUEDA 3,2 X 185 C/NIPLE TRAFILADOS NSU",0.1473961056141205,0,OTROS,,UNIVERSAL
1737/00142-038,"RAYOS RUEDA 3,5 X 105 C/NIPLE NSU",0.2283757688507324,0,OTROS,,UNIVERSAL
1737/00285-518,"RAYOS RUEDA 3,5 X 105MM (BOLSA X36) R33",0,5908.591656000001,OTROS,,UNIVERSAL
1737/00296-518,"RAYOS RUEDA 3,5 X 110MM (BOLSA X36) R33",0,5908.591656000001,OTROS,,UNIVERSAL
1737/00304-518,"RAYOS RUEDA 3,5 X 115MM (BOLSA X36) R33",0,5908.591656000001,OTROS,,UNIVERSAL
1737/00313-518,"RAYOS RUEDA 3,5 X 120MM (BOLSA X36) R33",0,5908.591656000001,OTROS,,UNIVERSAL
1737/00312-518,"RAYOS RUEDA 3,5 X 125MM (BOLSA X36) R33",0,5908.591656000001,OTROS,,UNIVERSAL
1737/00323-518,"RAYOS RUEDA 3,5 X 130MM (BOLSA X36) R33",0,5908.591656000001,OTROS,,UNIVERSAL
1737/00337-518,"RAYOS RUEDA 3,5 X 135MM (BOLSA X36) R33",0,5908.591656000001,OTROS,,UNIVERSAL
1737/00150-518,"RAYOS RUEDA 3,5 X 140MM (BOLSA X36) R33",0,5908.591656000001,OTROS,,UNIVERSAL
1737/00352-518,"RAYOS RUEDA 3,5 X 145MM (BOLSA X36) R33",0,5908.591656000001,OTROS,,UNIVERSAL
1737/00365-518,"RAYOS RUEDA 3,5 X 150MM (BOLSA X36) R33",0,5908.591656000001,OTROS,,UNIVERSAL
1737/00155-518,"RAYOS RUEDA 3,5 X 155MM (BOLSA X36) R33",0,5908.591656000001,OTROS,,UNIVERSAL
1737/00382-038,"RAYOS RUEDA 3,5 X 160 C/NIPLE NSU",0.1403601201026917,0,OTROS,,160
1737/00160-518,"RAYOS RUEDA 3,5 X 160MM (BOLSA X36) R33",0,5908.591656000001,OTROS,,UNIVERSAL
1737/00172-038,"RAYOS RUEDA 3,5 X 165 C/NIPLE NSU",0.09679957590179444,0,OTROS,,UNIVERSAL
1737/00170-518,"RAYOS RUEDA 3,5 X 165MM (BOLSA X36) R33",0,5908.591656000001,OTROS,,UNIVERSAL
1737/00180-518,"RAYOS RUEDA 3,5 X 170MM (BOLSA X36) R33",0,5908.591656000001,OTROS,,UNIVERSAL
1737/00190-518,"RAYOS RUEDA 3,5 X 175MM (BOLSA X36) R33",0,5908.591656000001,OTROS,,UNIVERSAL
1737/00422-518,"RAYOS RUEDA 3,5 X 180MM (BOLSA X36) R33",0,5908.591656000001,OTROS,,UNIVERSAL
1737/00432-518,"RAYOS RUEDA 3,5 X 185MM (BOLSA X36) R33",0,5908.591656000001,OTROS,,UNIVERSAL
1737/00434-518,"RAYOS RUEDA 3,5 X 190MM (BOLSA X36) R33",0,5908.591656000001,OTROS,,UNIVERSAL
1737/00435-518,"RAYOS RUEDA 3,5 X 195MM (BOLSA X36) R33",0,5908.591656000001,OTROS,,UNIVERSAL
1737/00440-038,"RAYOS RUEDA 3,5 X 235 C/NIPLES NSU",0.1935989020527649,0,OTROS,,UNIVERSAL
1737/00192-518,RAYOS RUEDA 4 X 110MM (BOLSA X36) R33,0,6900.78609,OTROS,,UNIVERSAL
1737/00200-518,RAYOS RUEDA 4 X 120MM (BOLSA X36) R33,0,6900.78609,OTROS,,UNIVERSAL
1737/00510-038,RAYOS RUEDA 4 X 125 C/NIPLE NSU,0.2177996596875,0,OTROS,,NS 125
1737/00202-518,RAYOS RUEDA 4 X 125MM (BOLSA X36) R33,0,6900.78609,OTROS,,UNIVERSAL
1737/00520-038,RAYOS RUEDA 4 X 130 C/NIPLE NSU,0.1597170951026917,0,OTROS,,UNIVERSAL
1737/00204-518,RAYOS RUEDA 4 X 130MM (BOLSA X36) R33,0,6900.78609,OTROS,,UNIVERSAL
1737/00205-518,RAYOS RUEDA 4 X 135MM (BOLSA X36) R33,0,6900.78609,OTROS,,UNIVERSAL
1737/00540-038,RAYOS RUEDA 4 X 140 C/NIPLE NSU,0.1451993638526917,0,OTROS,,UNIVERSAL
1737/00206-518,RAYOS RUEDA 4 X 140MM (BOLSA X36) R33,0,6900.78609,OTROS,,UNIVERSAL
1737/00207-518,RAYOS RUEDA 4 X 145MM (BOLSA X36) R33,0,6900.78609,OTROS,,UNIVERSAL
1737/00560-038,RAYOS RUEDA 4 X 150 C/NIPLE NSU,0.1330980720240784,0,OTROS,,NS 150
1737/00208-518,RAYOS RUEDA 4 X 150MM (BOLSA X36) R33,0,6900.78609,OTROS,,UNIVERSAL
1737/00209-518,RAYOS RUEDA 4 X 155MM (BOLSA X36) R33,0,6900.78609,OTROS,,UNIVERSAL
1737/00580-038,RAYOS RUEDA 4 X 160 C/NIPLE NSU,0.1572994301076508,0,OTROS,,160
1737/00210-518,RAYOS RUEDA 4 X 160MM (BOLSA X36) R33,0,6900.78609,OTROS,,UNIVERSAL
1737/00590-038,RAYOS RUEDA 4 X 165 C/NIPLE NSU,0.1572994301076508,0,OTROS,,UNIVERSAL
1737/00220-518,RAYOS RUEDA 4 X 165MM (BOLSA X36) R33,0,6900.78609,OTROS,,UNIVERSAL
1737/00600-038,RAYOS RUEDA 4 X 170 C/NIPLE NSU,0.205703385308075,0,OTROS,,UNIVERSAL
1737/00230-518,RAYOS RUEDA 4 X 170MM (BOLSA X36) R33,0,6900.78609,OTROS,,UNIVERSAL
1737/00610-038,RAYOS RUEDA 4 X 175 C/NIPLE NSU,0.205703385308075,0,OTROS,,UNIVERSAL
1737/00240-518,RAYOS RUEDA 4 X 175MM (BOLSA X36) R33,0,6900.78609,OTROS,,UNIVERSAL
1737/00620-038,RAYOS RUEDA 4 X 180 C/NIPLE NSU,0.1277736760821533,0,OTROS,,180
1737/00250-518,RAYOS RUEDA 4 X 180MM (BOLSA X36) R33,0,6900.78609,OTROS,,UNIVERSAL
1737/00252-518,RAYOS RUEDA 4 X 185MM (BOLSA X36) R33,0,6900.78609,OTROS,,UNIVERSAL
1737/00640-038,RAYOS RUEDA 4 X 190 C/NIPLE NSU,0.1277736760821533,0,OTROS,,UNIVERSAL
1737/00254-518,RAYOS RUEDA 4 X 190MM (BOLSA X36) R33,0,6900.78609,OTROS,,UNIVERSAL
1737/00255-518,RAYOS RUEDA 4 X 195MM (BOLSA X36) R33,0,6900.78609,OTROS,,UNIVERSAL
1737/00660-038,RAYOS RUEDA 4 X 200 C/NIPLE NSU,0.2041891326026917,0,OTROS,,NS 200
1737/00256-518,RAYOS RUEDA 4 X 200MM (BOLSA X36) R33,0,6900.78609,OTROS,,UNIVERSAL
1737/00670-038,RAYOS RUEDA 4 X 205 C/NIPLE NSU,0.1597170951026917,0,OTROS,,UNIVERSAL
1737/00690-038,RAYOS RUEDA 4 X 220 C/NIPLE NSU,0.2541031788671494,0,OTROS,,220
1738/00220-022,"RAYOS RUEDA RECTOS 3,5 X 220 C/NIPLES NSU",0.2433637448537579,0,OTROS,,220
1738/00225-022,"RAYOS RUEDA RECTOS 3,5 X 225 C/NIPLES NSU",0.2636440569249044,0,OTROS,,UNIVERSAL
1738/00105-518,RAYOS/NIPLES HONDA TORNADO DEL. (BOLSAx18) R33,0,13110.552675,OTROS,HONDA,TORNADO
1738/00100-518,RAYOS/NIPLES HONDA XR 250/600 DEL. (BOLSA X 18) R33,0,13110.552675,OTROS,HONDA,XR 250
1625/00032-035,RECTANGULAR AMBAR SIGNAL LUX,0.8433781913412981,0,OTROS,,UNIVERSAL
1625/00043-035,RECTANGULAR AZUL SIGNAL LUX,0.8433781913412981,0,OTROS,,UNIVERSAL
1625/00064-035,RECTANGULAR ROJO SIGNAL LUX,0.8433781913412981,0,OTROS,,UNIVERSAL
1625/00055-035,RECTANGULAR VERDE SIGNAL LUX,0.8433781913412981,0,OTROS,,UNIVERSAL
1671/00040-591,RECTIFICADOR CORRIENTE SUZUKI AX 100 APOLO,0,17662.960359,OTROS,SUZUKI,100
1671/02006-623,RECTIFICADOR CORRIENTE ZANELLA NT/RT 125CC DZE,0,30526.910073,OTROS,ZANELLA,UNIVERSAL
1671/02001-623,RECTIFICADOR CORRIENTE ZANELLA POCKET DZE,0,14755.689729,OTROS,ZANELLA,UNIVERSAL
1375/00948-623,RECTIFICADOR DE CUENTA VUELTA ZANELLA 50 12V. 2T DZE,0,13154.578767,LUBRICANTES,ZANELLA,50
1744/00100-038,RECUPERADOR PLACA SOLAR BATERIA NSU,27.7909158384,0,BATERÍAS,,UNIVERSAL
1001/00142-128,RED PULPOS 30 X 30 M-3030 GANCHO 6 .,1.432633723346558,0,OTROS,,UNIVERSAL
1001/00140-128,RED PULPOS ELASTICAS 40 X 40 .,1.773852228400383,0,OTROS,,UNIVERSAL
1347/00900-515,REDUCTOR ADAPTADOR ESPEJO 10 (M/D) A 10 (H/D) BUHO,0,1094.232645,OTROS,,UNIVERSAL
1347/00802-621,REDUCTOR ADAPTADOR ESPEJO 10 (M/D) A 8(H/D)x2JGOS .,0,4629.766977,OTROS,,UNIVERSAL
1347/00905-515,REDUCTOR ADAPTADOR ESPEJO 10 (M/I) A 10 (H/D) BUHO,0,1094.232645,OTROS,,UNIVERSAL
1347/00910-515,REDUCTOR ADAPTADOR ESPEJO 8 (M/D) A 10 (H/D) BUHO,0,1094.232645,OTROS,,UNIVERSAL
1347/00800-621,REDUCTOR ADAPTADOR ESPEJO 8 (M/D) A 10(H/D)x2JGOS .,0,4597.913727,OTROS,,UNIVERSAL
1347/00805-515,REDUCTOR ADAPTADOR ESPEJO 8 (M/D) A 8 (H/D) BUHO,0,1094.232645,OTROS,,UNIVERSAL
1305/00330-519,REEMP.CONV.DUCATI DRIBBLING .,0,14.946525,OTROS,,UNIVERSAL
1001/00850-591,REEMPLAZA BATERIA ELECTRONICO APOLO,0,40372.47522,BATERÍAS,,UNIVERSAL
1675/00004-667,REEMPLAZA PLATINO ELECTRONICO CICLOMOTOR G.DER. PIETCARD,0,39472.047549,OTROS,,UNIVERSAL
1675/00040-591,REEMPLAZA PLATINO KIT ZANELLA APOLO,0,47698.36988399999,OTROS,ZANELLA,UNIVERSAL
1675/00040-623,REEMPLAZA PLATINO KIT ZANELLA DZE,0,28392.5169,OTROS,ZANELLA,UNIVERSAL
1675/00050-667,REEMPLAZA PLATINO ZANELLA V1/V2/V3/DUE/POCKET ELEC PIETCARD,0,37433.086713,OTROS,ZANELLA,DUE
1736/00004-022,REENVIO RUEDA BAJAJ ROUSER NS200 NSU,11.72855868370766,0,OTROS,BAJAJ,NS200 / ROUSER
1736/00005-022,REENVIO RUEDA GILERA SMASH FRENO A DISCO NSU,3.872023214174766,0,FRENOS,GILERA,SMASH
1736/00010-038,REENVIO RUEDA HONDA BIZ NSU,1.512475607881851,0,OTROS,HONDA,BIZ
1736/00010-022,REENVIO RUEDA HONDA BIZ NSU,1.512503289844437,0,OTROS,HONDA,BIZ
1736/00020-038,REENVIO RUEDA HONDA CBX 150/200 NSU,3.151750676693116,0,OTROS,HONDA,CB 150
1736/00022-022,REENVIO RUEDA HONDA CBX 250 NSU,4.585921285852661,0,OTROS,HONDA,CB 250
1736/00040-038,REENVIO RUEDA HONDA CG 125 / TITAN 2000 NSU,1.018815536366386,0,OTROS,HONDA,CG125 / TITAN
1736/00030-038,REENVIO RUEDA HONDA CG 125 83/99 NSU,1.505233405272904,0,OTROS,HONDA,CG125
1736/00043-022,REENVIO RUEDA HONDA CG 150 NSU,3.339564298316345,0,OTROS,HONDA,CG150
1736/00090-022,REENVIO RUEDA HONDA STORM NSU,3.407345071743164,0,OTROS,HONDA,UNIVERSAL
1736/00042-022,REENVIO RUEDA HONDA TITAN NSU,1.301954295879135,0,OTROS,HONDA,TITAN
1736/00044-022,REENVIO RUEDA HONDA TODAY NSU,3.223202584009949,0,OTROS,HONDA,UNIVERSAL
1736/00045-022,REENVIO RUEDA HONDA TORNADO 32.5MM NSU,5.045673112909984,0,OTROS,HONDA,TORNADO
1736/00070-022,REENVIO RUEDA HONDA WAVE METAL NSU,1.37939395660057,0,OTROS,HONDA,WAVE
1736/00072-022,REENVIO RUEDA HONDA WAVE PLASTICO NSU,1.211187971195412,0,CARROCERÍA,HONDA,WAVE
1736/00085-022,REENVIO RUEDA HONDA XR 150 2018 NSU,3.569438503687706,0,OTROS,HONDA,XR 150
1736/00049-022,REENVIO RUEDA KAZER/NEOMAX NSU,5.287500868151152,0,OTROS,,UNIVERSAL
1736/00052-022,REENVIO RUEDA MOTOMEL CUSTOM 150/CG 150 NSU,3.303252781502152,0,OTROS,MOTOMEL,CG150
1736/00055-077,REENVIO RUEDA MOTOMEL SKUA NSU,4.733499261597748,0,OTROS,MOTOMEL,UNIVERSAL
1736/00062-022,REENVIO RUEDA YAMAHA CRYPTON NSU,3.01291315875,0,OTROS,YAMAHA,CRYPTON
1736/00064-022,REENVIO RUEDA YAMAHA NEW CRYPTON NSU,3.52708585018444,0,OTROS,YAMAHA,CRYPTON
1736/00065-022,REENVIO RUEDA YAMAHA XTZ 125 NSU,3.678396153090477,0,OTROS,YAMAHA,XTZ125
1736/00060-038,REENVIO RUEDA YAMAHA YBR 125 NSU,2.013664472946167,0,OTROS,YAMAHA,YBR125
1736/00100-022,REENVIO RUEDA ZANELLA 50 NSU,4.461749328456072,0,OTROS,ZANELLA,50
1479/00040-566,REFLECTOR OPTICA FAROL DEL. SUZUKI FA VC,0,5054.336496,MOTOR,GILERA / SUZUKI,UNIVERSAL
1479/00020-040,REFLECTOR OPTICA FAROL DEL.SUZUKI AX-100 NSU,0.5683635637300052,0,MOTOR,SUZUKI,100
1345/00040-621,REGISTRO CABLE FRENO 8 MM. X10 UNID. .,0,10040.164002,OTROS,,UNIVERSAL
1844/00100-621,REGISTRO VALVULA ZANELLA RX/HONDA CG 6MM x10unid. .,0,9901.156419,MOTOR,HONDA / ZANELLA,CG
1249/00010-533,REGULADOR AIRE CICLOMOTOR x10unid. CICLOMEJOR,0,302.017815,ELECTRICIDAD,,UNIVERSAL
1671/01237-667,REGULADOR GILERA SMASH 110 TRIFASICO C/C 12V. PIETCARD,0,30449.148939,ELECTRICIDAD,GILERA,SMASH
1671/00255-612,REGULADOR RECTIF. GUERRERO BIKE 100 MOD2000 RALUX,0,114.799113,ELECTRICIDAD,,100
1671/01217-667,REGULADOR RECTIFICADOR 12V.GUERRERO FLASH 110 PIETCARD,0,21204.816336,ELECTRICIDAD,,110
1671/01236-667,REGULADOR RECTIFICADOR MOTOMEL SKUA/MOTOMEL BIT PIETCARD,0,21294.083844,ELECTRICIDAD,MOTOMEL,UNIVERSAL
1671/01100-667,REGULADOR RECTIFICADOR ZANELLA RX150/YL150/SMX200 PIETCARD,0,22287.424995,ELECTRICIDAD,ZANELLA,RX150
1671/02438-623,REGULADOR UNIVERSAL CORVEN ENERGY 110 LUCESENCENDI DZE,0,44652.34649700001,ELECTRICIDAD,CORVEN,ENERGY 110
1671/01392-667,REGULADOR VOLTAJE BAJAJ ROUSER 135 PIETCARD,0,35868.651093,ELECTRICIDAD,BAJAJ,ROUSER
1671/02464-623,REGULADOR VOLTAJE BAJAJ ROUSER 200NS TRIFASICO DZE,0,82058.26483800002,ELECTRICIDAD,BAJAJ,ROUSER
1671/02464-022,REGULADOR VOLTAJE BAJAJ ROUSER 200NS TRIFASICO NSU,16.86446468737736,0,ELECTRICIDAD,BAJAJ,ROUSER
1671/10033-623,REGULADOR VOLTAJE BETA BK 150CC DZE,0,21624.495156,ELECTRICIDAD,BETA,UNIVERSAL
1671/01080-667,REGULADOR VOLTAJE BETA/APPIA 110/CORVEN TRIAX 150 PIETCARD,0,21311.19639,ELECTRICIDAD,CORVEN,TRIAX 110
1671/02329-623,REGULADOR VOLTAJE CB750/CB900/CBX1000 DZE,0,106620.893973,ELECTRICIDAD,HONDA,CB
1671/02004-623,REGULADOR VOLTAJE CICLOMOTOR DZE,0,12745.063584,ELECTRICIDAD,,UNIVERSAL
1671/01426-667,REGULADOR VOLTAJE CORVEN 110/KELLER 260TRIF.10A PIETCARD,0,37275.712056,ELECTRICIDAD,CORVEN,110
1671/02528-623,REGULADOR VOLTAJE CORVEN ENERGY 110 6CABLES DZE,0,38273.44405500001,ELECTRICIDAD,CORVEN,ENERGY 110
1671/02462-623,REGULADOR VOLTAJE CORVEN TRIA 150/TRIAX  150/200 DZE,0,23601.954717,ELECTRICIDAD,CORVEN,TRIAX 150
1671/02441-623,REGULADOR VOLTAJE CORVEN TRIAX 150/200/250 DZE,0,23601.954717,ELECTRICIDAD,CORVEN,TRIAX 150
1671/10036-138,REGULADOR VOLTAJE GIL.SMASH 110 TRIFASICO C/SENS .,7.444497003933335,0,ELECTRICIDAD,,SMASH
1671/10036-623,REGULADOR VOLTAJE GIL.SMASH 110 TRIFASICO C/SENS DZE,0,42241.12407900001,ELECTRICIDAD,,SMASH
1671/10041-623,REGULADOR VOLTAJE GIL.SMASH 110 TRIFASICO S/SENSOR DZE,0,42228.372978,ELECTRICIDAD,,SMASH
1671/10041-022,REGULADOR VOLTAJE GIL.SMASH 110 TRIFASICO S/SENSOR NSU,10.5876546681586,0,ELECTRICIDAD,,SMASH
1671/01063-667,REGULADOR VOLTAJE GILERA C/C 12V.TRIFASICO PIETCARD,0,32089.532508,ELECTRICIDAD,GILERA,UNIVERSAL
1671/01030-667,REGULADOR VOLTAJE GILERA FUTURA/ZANELLA DUE 110 PIETCARD,0,12602.165004,ELECTRICIDAD,GILERA,DUE 110
1671/01419-667,REGULADOR VOLTAJE GILERA G1 250 PIETCARD,0,47040.48756,ELECTRICIDAD,GILERA,250
1671/02052-623,REGULADOR VOLTAJE GILERA JL100 DZE,0,36436.325013,ELECTRICIDAD,GILERA,UNIVERSAL
1671/11063-667,REGULADOR VOLTAJE GILERA QM1 12V.TRIFASICO PIETCARD,0,29712.535182,ELECTRICIDAD,GILERA,UNIVERSAL
1671/01149-667,REGULADOR VOLTAJE GILERA SMASH 110 PIETCARD,0,20137.477635,ELECTRICIDAD,GILERA,SMASH
1671/02429-623,REGULADOR VOLTAJE GILERA SMASH TRIFASICO DZE,0,44652.34649700001,ELECTRICIDAD,GILERA,SMASH
1671/02429-022,REGULADOR VOLTAJE GILERA SMASH TRIFASICO NSU,9.631355590800935,0,ELECTRICIDAD,GILERA,SMASH
1671/10154-623,"REGULADOR VOLTAJE GILERA SMASH/BETA/Z.BUSSINES,ZB DZE",0,22256.01279,ELECTRICIDAD,GILERA,SMASH
1671/10108-623,REGULADOR VOLTAJE GILERA/BETA/ZANELLA DZE,0,22256.01279,ELECTRICIDAD,ZANELLA,UNIVERSAL
1671/02026-623,REGULADOR VOLTAJE GUERRERO MAGIC GXL125 DZE,0,18669.787686,ELECTRICIDAD,,UNIVERSAL
1671/02028-623,REGULADOR VOLTAJE GUERRERO MAGIC M80 DZE,0,16234.317594,ELECTRICIDAD,,UNIVERSAL
1671/01087-667,REGULADOR VOLTAJE GUERRERO TRIP/CORVEN TRIFASICO PIETCARD,0,30336.114006,ELECTRICIDAD,CORVEN,UNIVERSAL
1671/00300-667,REGULADOR VOLTAJE HERO HUNK 150 PIETCARD,0,60308.444295,ELECTRICIDAD,HERO,150
1671/01170-667,REGULADOR VOLTAJE HONDA AFRICA TWIN PIETCARD,0,56061.004527,ELECTRICIDAD,HONDA,UNIVERSAL
1671/00160-138,REGULADOR VOLTAJE HONDA BIZ/TITAN/WAVE/BROS .,3.198481851348153,0,ELECTRICIDAD,HONDA,TITAN
1671/00160-038,REGULADOR VOLTAJE HONDA BIZ/TITAN/WAVE/BROS NSU,4.029387072143554,0,ELECTRICIDAD,HONDA,TITAN
1671/02012-623,REGULADOR VOLTAJE HONDA C100 BIZ/CG125 TITAN/C90 DZE,0,16967.893041,ELECTRICIDAD,HONDA,CG125 / TITAN
1671/02444-623,REGULADOR VOLTAJE HONDA CB600RR 07/11 DZE,0,107298.319491,ELECTRICIDAD,HONDA,CB
1671/02344-623,REGULADOR VOLTAJE HONDA CBR600 DZE,0,73562.83644600002,ELECTRICIDAD,HONDA,CB
1671/01459-667,REGULADOR VOLTAJE HONDA CG 125/150 MONOFASICO C/C PIETCARD,0,21851.172684,ELECTRICIDAD,HONDA,CG125
1671/01470-667,REGULADOR VOLTAJE HONDA CG 150 2016/2017 PIETCARD,0,22769.19315,ELECTRICIDAD,HONDA,CG150
1671/10155-623,REGULADOR VOLTAJE HONDA CG125 TITAN DZE,0,16827.552522,ELECTRICIDAD,HONDA,CG125 / TITAN
1671/01029-667,REGULADOR VOLTAJE HONDA CG125/MOTOMEL 110/BETA 110 PIETCARD,0,12532.646511,ELECTRICIDAD,HONDA,CG125
1671/01490-667,REGULADOR VOLTAJE HONDA CG150 2017AD C/C+C/A PIETCARD,0,38291.477895,ELECTRICIDAD,HONDA,CG150
1671/01337-667,REGULADOR VOLTAJE HONDA FALCON 400 PIETCARD,0,52849.775484,ELECTRICIDAD,HONDA,UNIVERSAL
1671/00180-038,REGULADOR VOLTAJE HONDA NX 150-CBX 150 NSU,4.835220406299592,0,ELECTRICIDAD,HONDA,CB 150
1671/02497-623,REGULADOR VOLTAJE HONDA SAHARA 350 DZE,0,64291.149252,ELECTRICIDAD,HONDA,UNIVERSAL
1671/01092-667,REGULADOR VOLTAJE HONDA SHADOW/TRANSALP PIETCARD,0,59336.753553,ELECTRICIDAD,HONDA,UNIVERSAL
1671/02380-623,REGULADOR VOLTAJE HONDA STORM DZE,0,27939.61269,ELECTRICIDAD,HONDA,UNIVERSAL
1671/00162-138,REGULADOR VOLTAJE HONDA TITAN 150 .,3.39784378600462,0,ELECTRICIDAD,HONDA,TITAN
1671/00165-022,REGULADOR VOLTAJE HONDA TITAN 150 2017 NSU,9.77694733712631,0,ELECTRICIDAD,HONDA,TITAN
1671/00162-038,REGULADOR VOLTAJE HONDA TITAN 150 NSU,4.162505663179378,0,ELECTRICIDAD,HONDA,TITAN
1671/01338-667,REGULADOR VOLTAJE HONDA TWISTER/TORNADO 250 PIETCARD,0,49986.57015,ELECTRICIDAD,HONDA,TWISTER
1671/02447-623,REGULADOR VOLTAJE HONDA TWISTER250/TORNADO/FALCON DZE,0,58611.950001,ELECTRICIDAD,HONDA,TORNADO
1671/02447-022,REGULADOR VOLTAJE HONDA TWISTER250/TORNADO/FALCON NSU,19.28816601121703,0,ELECTRICIDAD,HONDA,TORNADO
1671/01457-667,REGULADOR VOLTAJE HONDA WAVE 110 PIETCARD,0,42180.779322,ELECTRICIDAD,HONDA,WAVE110
1671/02054-623,REGULADOR VOLTAJE HONDA XLV600/TRANSALP DZE,0,61747.819155,ELECTRICIDAD,HONDA,UNIVERSAL
1671/01399-667,REGULADOR VOLTAJE HONDA XR 125 TRIFASICO 12V. PIETCARD,0,46635.559245,ELECTRICIDAD,HONDA,XR 125
1671/01444-667,REGULADOR VOLTAJE HONDA XR125L/XR150 PIETCARD,0,46565.785926,ELECTRICIDAD,HONDA,XR
1671/01155-667,REGULADOR VOLTAJE KAWASAKI LTD454/VULCAN PIETCARD,0,51538.793724,ELECTRICIDAD,KAWASAKI,UNIVERSAL
1671/01416-667,REGULADOR VOLTAJE KELLER CC MONO C/LUZ ENCENDIDA5T PIETCARD,0,23738.561055,ELECTRICIDAD,KELLER,UNIVERSAL
1671/02577-623,REGULADOR VOLTAJE KTM DUKE 200 MOSFET DZE,0,103921.335936,ELECTRICIDAD,,200
1671/02048-623,REGULADOR VOLTAJE MAGISTER MG125CC DZE,0,21624.495156,ELECTRICIDAD,,UNIVERSAL
1671/02390-623,REGULADOR VOLTAJE MONDIAL DAX 70 DZE,0,23212.845216,ELECTRICIDAD,MONDIAL,70
1671/02505-623,REGULADOR VOLTAJE MONOFASICO YAMAHA FZ16/YBR/XTZ DZE,0,34030.199115,ELECTRICIDAD,YAMAHA,FZ16
1671/10178-623,REGULADOR VOLTAJE MOTOMEL BIT 110/ECO 70 DZE,0,25062.72516,ELECTRICIDAD,MOTOMEL,110
1671/10044-623,REGULADOR VOLTAJE MOTOMEL BIT 110/ECO 70 MONOFASIC DZE,0,23601.954717,ELECTRICIDAD,MOTOMEL,110
1671/02457-623,REGULADOR VOLTAJE MOTOMEL BLITZ 110CC/GILERA STRAD DZE,0,22453.757766,ELECTRICIDAD,MOTOMEL,BLITZ
1671/01414-667,REGULADOR VOLTAJE MOTOMEL BLITZ/GILERA VC150 PIETCARD,0,21541.294467,ELECTRICIDAD,GILERA / MOTOMEL,BLITZ
1671/02437-623,REGULADOR VOLTAJE MOTOMEL C110 DZE,0,21050.39178,ELECTRICIDAD,MOTOMEL,UNIVERSAL
1671/02437-022,REGULADOR VOLTAJE MOTOMEL C110 NSU,5.076075155276185,0,ELECTRICIDAD,MOTOMEL,UNIVERSAL
1671/02422-623,REGULADOR VOLTAJE MOTOMEL C110/KELLER DZE,0,24367.432419,ELECTRICIDAD,MOTOMEL,UNIVERSAL
1671/10071-138,REGULADOR VOLTAJE MOTOMEL CG150/C110/DAKAR200 .,5.119755149818869,0,ELECTRICIDAD,HONDA / MOTOMEL,CG150
1671/01056-667,REGULADOR VOLTAJE MOTOMEL SERIE 2/ZANELLAPATAGONIA PIETCARD,0,21466.356021,ELECTRICIDAD,MOTOMEL,UNIVERSAL
1671/01411-667,REGULADOR VOLTAJE SMASH 125 TRIFASICO 12V. PIETCARD,0,38843.48001600001,ELECTRICIDAD,GILERA,SMASH
1671/02037-022,REGULADOR VOLTAJE SUZUKI AX100 (ARR.ELECTRICO) NSU,4.334945604435442,0,ELECTRICIDAD,SUZUKI,AX100
1671/02436-623,REGULADOR VOLTAJE SUZUKI DR 650 DZE,0,85158.40934700001,ELECTRICIDAD,SUZUKI,UNIVERSAL
1671/01033-667,REGULADOR VOLTAJE SUZUKI DR350/HONDA REBEL 250 PIETCARD,0,49763.048544,ELECTRICIDAD,SUZUKI,250
1671/00190-038,REGULADOR VOLTAJE SUZUKI FA50 NSU,6.708844387816756,0,ELECTRICIDAD,SUZUKI,UNIVERSAL
1671/01358-667,REGULADOR VOLTAJE SUZUKI GN 125 / EN 125 TRIF. PIETCARD,0,41721.32804400001,ELECTRICIDAD,SUZUKI,125
1671/01513-667,REGULADOR VOLTAJE SUZUKI GSX 150 GIXXER-YAMAHAFZ16 PIETCARD,0,35891.54622900001,ELECTRICIDAD,SUZUKI,FZ16
1671/02008-623,REGULADOR VOLTAJE UNIVERSAL 12V. DZE,0,14033.601054,ELECTRICIDAD,,UNIVERSAL
1671/02009-623,REGULADOR VOLTAJE UNIVERSAL 6V. DZE,0,13141.827666,ELECTRICIDAD,,UNIVERSAL
1671/01016-667,REGULADOR VOLTAJE UNIVERSAL HASTA 200CC PIETCARD,0,11789.240661,ELECTRICIDAD,,UNIVERSAL
1671/01412-667,REGULADOR VOLTAJE YAMAHA 125/FZ16/JAWA 150 CC 12V PIETCARD,0,28896.141285,ELECTRICIDAD,YAMAHA,FZ16
1671/01047-667,REGULADOR VOLTAJE YAMAHA CRYPTON CC+CA 12V. PIETCARD,0,12422.953719,ELECTRICIDAD,YAMAHA,CRYPTON
1671/01433-667,REGULADOR VOLTAJE YAMAHA FZ 16 2012AD C/C12V. PIETCARD,0,31640.205663,ELECTRICIDAD,YAMAHA,FZ16
1671/01015-667,REGULADOR VOLTAJE YAMAHA JOG 12V. PIETCARD,0,16175.423385,ELECTRICIDAD,YAMAHA,UNIVERSAL
1671/01424-667,REGULADOR VOLTAJE YAMAHA NEW CRYPTON C/C+C/A 12V. PIETCARD,0,28039.279059,ELECTRICIDAD,YAMAHA,CRYPTON
1671/01153-667,REGULADOR VOLTAJE YAMAHA TENERE/VIRAGO PIETCARD,0,51520.397247,ELECTRICIDAD,YAMAHA,UNIVERSAL
1671/01052-667,REGULADOR VOLTAJE YAMAHA XTZ250/HONDA STORM/SUZUKI PIETCARD,0,25512.29703,ELECTRICIDAD,YAMAHA,UNIVERSAL
1671/01012-667,REGULADOR VOLTAJE ZANELLA CICLOMOTOR PIETCARD,0,10601.202645,ELECTRICIDAD,ZANELLA,UNIVERSAL
1671/01423-667,REGULADOR VOLTAJE ZANELLA RX200/MOTOMEL SIRIUS 250 PIETCARD,0,38498.249592,ELECTRICIDAD,ZANELLA,250
1671/01468-667,REGULADOR VOLTAJE ZANELLA STYLER/BETA TRIFASICO12V PIETCARD,0,40277.346714,ELECTRICIDAD,ZANELLA,UNIVERSAL
1671/01413-667,REGULADOR VOLTAJE ZANELLA STYLER/PATAGONIA/SKUA PIETCARD,0,21129.642666,ELECTRICIDAD,ZANELLA,UNIVERSAL
1671/01418-667,REGULADOR VOLTAJE ZANELLA ZB CC MONO C/SAL LUZ PIETCARD,0,21392.466282,ELECTRICIDAD,ZANELLA,UNIVERSAL
1673/00025-077,RELAY ARRANQUE MOTOMEL SIRIUS NSU,2.12965352943021,0,ELECTRICIDAD,MOTOMEL,UNIVERSAL
1673/00130-022,RELAY ARRANQUE YAMAHA CRYPTON NSU,3.956682488889084,0,ELECTRICIDAD,YAMAHA,CRYPTON
1673/10055-623,RELAY DE ARRANQUE HONDA BIZ DZE,0,11922.181425,ELECTRICIDAD,HONDA,BIZ
1673/09289-623,RELAY DE ARRANQUE UNIVERSAL 12V.20AMP./HONDA/KTM DZE,0,11610.891864,ELECTRICIDAD,HONDA,UNIVERSAL
1673/01378-667,RELAY DE ARRANQUE UNIVERSAL PIETCARD,0,13592.850084,ELECTRICIDAD,,UNIVERSAL
1673/00115-038,RELAY DE ARRANQUE YAMAHA FZ 16 NSU,3.339551625331422,0,ELECTRICIDAD,YAMAHA,FZ16
1673/10234-623,RELAY DE ARRANQUE YAMAHA YBR 125CC C/FUSIBLE DZE,0,18932.5917,ELECTRICIDAD,YAMAHA,YBR125
1673/00010-038,RELAY HONDA CG125 TITAN 2000 NSU,2.891928341731167,0,ELECTRICIDAD,HONDA,CG125 / TITAN
2020/00020-573,RELAY MINI 24V 5T RTM,0,71.782524,ELECTRICIDAD,,UNIVERSAL
1673/00100-022,RELAY YAMAHA YBR CON AVISADOR SONORO NSU,1.762211949299698,0,ELECTRICIDAD,YAMAHA,YBR
1673/00110-022,RELAY YAMAHA YBR NSU,1.44543971067936,0,ELECTRICIDAD,YAMAHA,YBR
1555/00020-038,RELOJ RPM HONDA CG125 M/V NSU,12.82059537341265,0,OTROS,HONDA,CG125
1555/00045-038,RELOJ RPM UNIVERSAL 13.000 CROMADO NSU,15.48243182730446,0,OTROS,,UNIVERSAL
1557/00041-038,RELOJ VELOCIMETRO HONDA DAX110/MAX110/DAY110 NSU,19.20265856457138,0,OTROS,HONDA,UNIVERSAL
1557/00060-038,RELOJ VELOCIMETRO SUZUKI TS125 NSU,15.91388638822476,0,OTROS,SUZUKI,UNIVERSAL
1557/00058-038,RELOJ VELOCIMETRO UNIV.MOTO CAFE RACER IND.MARCHA NSU,19.69871369601517,0,OTROS,,UNIVERSAL
1001/40030-038,REMERA TERMICA PRIMERA PIEL NEGRA TALLE L NSU,7.695566284192657,0,OTROS,,UNIVERSAL
1001/40020-038,REMERA TERMICA PRIMERA PIEL NEGRA TALLE M NSU,7.695566284192657,0,OTROS,,UNIVERSAL
1001/40010-038,REMERA TERMICA PRIMERA PIEL NEGRA TALLE S NSU,7.695566284192657,0,OTROS,,UNIVERSAL
1001/40040-038,REMERA TERMICA PRIMERA PIEL NEGRA TALLE XL NSU,7.695566284192657,0,OTROS,,UNIVERSAL
1304/00781-633,REP.COMFORT TREK TALLE L SUOMY,0,259.226649,OTROS,,UNIVERSAL
1304/00783-633,REP.COMFORT TREK TALLE M SUOMY,0,259.226649,OTROS,,UNIVERSAL
1304/00780-633,REP.COMFORT TREK TALLE S SUOMY,0,259.226649,OTROS,,UNIVERSAL
1304/00782-633,REP.COMFORT TREK TALLE XL SUOMY,0,259.226649,OTROS,,UNIVERSAL
1304/00790-633,REP.LOGO ARIA SUOMY,0,49.926294,OTROS,,UNIVERSAL
1304/00860-633,REP.PIVOT ARIA AZUL KIT SUOMY,0,107.918811,OTROS,,UNIVERSAL
1304/00880-633,REP.PIVOT ARIA NEGRO KIT SUOMY,0,107.918811,OTROS,,UNIVERSAL
1304/00875-633,REP.PIVOT ARIA PLATEADO MATE KIT SUOMY,0,107.918811,OTROS,,UNIVERSAL
1304/00820-633,REP.VENTILACION INFERIOR TREK SUOMY,0,47.63286000000001,OTROS,,UNIVERSAL
1304/00800-633,REP.VENTILACION SUP. TREK PLATA SUOMY,0,249.768684,OTROS,,UNIVERSAL
1304/00745-633,REP.VENTILACION SUP.TREK CHIEF AZUL SUOMY,0,305.320752,OTROS,,UNIVERSAL
1304/00740-633,REP.VENTILACION SUP.TREK CHIEF ROJO SUOMY,0,322.276482,OTROS,,UNIVERSAL
1304/00760-633,REP.VENTILACION SUP.TREK DOG SUOMY,0,309.623391,OTROS,,UNIVERSAL
1304/00715-633,REP.VENTILACION SUP.TREK SHADOW AZUL SUOMY,0,305.320752,OTROS,,UNIVERSAL
1304/00710-633,REP.VENTILACION SUP.TREK SHADOW ROJO SUOMY,0,309.623391,OTROS,,UNIVERSAL
1219/00060-038,REPARACION CARBURADOR 250cc NSU,2.274790033692169,0,ALIMENTACIÓN / CARBURACIÓN,,UNIVERSAL
1219/00002-038,REPARACION CARBURADOR BAJAJ ROSUSER 135 NSU,2.668083397733689,0,ALIMENTACIÓN / CARBURACIÓN,BAJAJ,135
1219/00001-038,REPARACION CARBURADOR BAJAJ ROUSER NS 200 NSU,2.629967920623206,0,ALIMENTACIÓN / CARBURACIÓN,BAJAJ,ROUSER
1219/00005-038,REPARACION CARBURADOR CICLOMOTOR KIT NSU,1.8295429013031,0,ALIMENTACIÓN / CARBURACIÓN,,UNIVERSAL
1219/00134-038,REPARACION CARBURADOR DIAM. 34 CON CORTINA NSU,11.5195136113838,0,ALIMENTACIÓN / CARBURACIÓN,,UNIVERSAL
1219/00009-038,REPARACION CARBURADOR H. XL125/CG-125 M/V KIT NSU,1.8295429013031,0,ALIMENTACIÓN / CARBURACIÓN,,CG 125
1219/00004-038,REPARACION CARBURADOR HONDA 250 TWISTER NSU,5.058296197208405,0,ALIMENTACIÓN / CARBURACIÓN,HONDA,TWISTER
1219/00013-038,REPARACION CARBURADOR HONDA BIZ 125 NSU,2.540988867422104,0,ALIMENTACIÓN / CARBURACIÓN,HONDA,BIZ
1219/00006-038,REPARACION CARBURADOR HONDA BIZ KIT NSU,1.928630949052334,0,ALIMENTACIÓN / CARBURACIÓN,HONDA,BIZ
1219/00007-038,REPARACION CARBURADOR HONDA C-90 LUXE/SMASH KIT NSU,1.8295429013031,0,ALIMENTACIÓN / CARBURACIÓN,HONDA,SMASH
1219/00008-038,REPARACION CARBURADOR HONDA CG 125 TODAY KIT NSU,2.081190881888581,0,ALIMENTACIÓN / CARBURACIÓN,HONDA,CG125
1219/00011-038,REPARACION CARBURADOR HONDA TITAN 150 NSU,2.637788443323899,0,ALIMENTACIÓN / CARBURACIÓN,HONDA,TITAN
1219/00021-038,REPARACION CARBURADOR HONDA WAVE 110S NSU,2.210697672407913,0,ALIMENTACIÓN / CARBURACIÓN,HONDA,WAVE110
1219/00080-038,REPARACION CARBURADOR MOTOMEL DAKAR 200 NSU,2.096351241076469,0,ALIMENTACIÓN / CARBURACIÓN,MOTOMEL,NS 200
1219/00014-038,REPARACION CARBURADOR MOTOMEL VX150/GILERA SUPER NSU,1.8295429013031,0,ALIMENTACIÓN / CARBURACIÓN,MOTOMEL,UNIVERSAL
1219/00015-038,REPARACION CARBURADOR SUZUKI AX 100 KIT NSU,2.210697672407913,0,ALIMENTACIÓN / CARBURACIÓN,SUZUKI,100
1219/00055-038,REPARACION CARBURADOR SUZUKI GN125/EN125 NSU,2.233650213933907,0,ALIMENTACIÓN / CARBURACIÓN,SUZUKI,EN125 / GN125
1219/00018-038,REPARACION CARBURADOR YAMAHA AXIS 90 KIT NSU,2.096351241076469,0,ALIMENTACIÓN / CARBURACIÓN,YAMAHA,90
1219/00016-038,REPARACION CARBURADOR YAMAHA CRYPTON NSU,2.210697672407913,0,ALIMENTACIÓN / CARBURACIÓN,YAMAHA,CRYPTON
1219/00019-038,REPARACION CARBURADOR YAMAHA FZ 16 NSU,2.668083397733689,0,ALIMENTACIÓN / CARBURACIÓN,YAMAHA,FZ16
1219/00070-038,REPARACION CARBURADOR YAMAHA RXZ 135 NSU,2.129590669839478,0,ALIMENTACIÓN / CARBURACIÓN,YAMAHA,135
1219/00032-038,REPARACION CARBURADOR YAMAHA XTZ125 NSU,2.792667764766769,0,ALIMENTACIÓN / CARBURACIÓN,YAMAHA,XTZ125
1219/00033-038,REPARACION CARBURADOR YAMAHA YBR 125(HG069R) NSU,3.354161985722352,0,ALIMENTACIÓN / CARBURACIÓN,YAMAHA,YBR125
1500/00200-022,REPARACION DE CALIPER HONDA TORNADO 250 NSU,0.9982318443918228,0,OTROS,HONDA,TORNADO
1413/00060-022,REPARACION EMBRAGUE GILERA SMASH x10PIEZAS NSU,4.779577044540424,0,OTROS,GILERA,SMASH
1413/00060-077,REPARACION EMBRAGUE GILERA SMASH x10PIEZAS NSU,4.779395434938641,0,OTROS,GILERA,SMASH
1413/00061-022,REPARACION EMBRAGUE GILERA SMASH x3PIEZAS NSU,2.057009382734299,0,OTROS,GILERA,SMASH
1179/00200-621,REPARACION ESTIRA CADENA ZANELLA RX150 x10UNID. .,0,4601.27547,TRANSMISIÓN,ZANELLA,RX150
1736/00007-621,REPARACION REENVIO MOTOS 110 x5UNIDADES .,0,6717.89943,OTROS,,110
1304/00600-633,REPARACION VENTILACION INFERIOR ARIA SUOMY,0,35.489421,OTROS,,UNIVERSAL
1304/00610-633,REPARACION VENTILACION SUPERIOR ARIA SUOMY,0,53.32724099999999,OTROS,,UNIVERSAL
1093/01044-667,RESISTENCIA 3.9 OHMS HONDA C90/DAX PIETCARD,0,10613.032452,OTROS,HONDA,C90
1333/00140-022,RESORTE BULBO FRENO TRAS.(JR16) x100 UNIDADES NSU,8.31492794917006,0,ELECTRICIDAD,,UNIVERSAL
1679/00017-621,RESORTE BULBO TRASERO GILERA SMASH x25unid. .,0,6280.382790000001,ELECTRICIDAD,GILERA,SMASH
1681/00010-531,RESORTE CABALLETE  HONDA C90/CG x10 unid. ALFREDO,0,11530.347246,OTROS,HONDA,CG
1681/00020-531,RESORTE CABALLETE CICLO x10 unid. ALFREDO,0,9643.2039,OTROS,,UNIVERSAL
1681/00025-531,RESORTE CABALLETE DAELIM x10 unid. ALFREDO,0,22806.417348,OTROS,,UNIVERSAL
1681/00028-531,RESORTE CABALLETE GILERA FUTURA 110 x10 unid. ALFREDO,0,22806.417348,OTROS,GILERA,FUTURA 110
1681/00029-531,RESORTE CABALLETE GILERA SMASH x10 unid. ALFREDO,0,11108.757231,OTROS,GILERA,SMASH
1681/00031-621,RESORTE CABALLETE GILERA SMASH x5unid. .,0,4204.579995,OTROS,GILERA,SMASH
1681/00027-531,RESORTE CABALLETE HONDA WAVE/BIZ/CG TODAYx10 unid. ALFREDO,0,27370.37061,OTROS,HONDA,CG
1681/00030-531,RESORTE CABALLETE SUZUKI AX 100 x10 unid. ALFREDO,0,17104.80321,OTROS,SUZUKI,100
1681/00035-621,RESORTE CABALLETE ZAN.RX150/CG x5unid. .,0,4434.942699,OTROS,,RX150
1681/00040-531,RESORTE CABALLETE ZANELLA XX x10 unid. ALFREDO,0,27370.37061,OTROS,ZANELLA,UNIVERSAL
1685/00030-020,RESORTE CAMPANA CENTRIFUGO HONDA ELITE50 TW.,2.056953535422405,0,OTROS,HONDA,UNIVERSAL
1685/00040-020,RESORTE CAMPANA CENTRIFUGO SUZUKI AE50 TW.,2.056953535422405,0,OTROS,SUZUKI,UNIVERSAL
1685/00050-020,RESORTE CAMPANA CENTRIFUGO YAMAHA AXIS TW.,2.056953535422405,0,OTROS,YAMAHA,UNIVERSAL
1261/00010-533,RESORTE CEBADOR X10UNID. CICLOMEJOR,0,206.448264,OTROS,,UNIVERSAL
1679/00023-531,RESORTE CENTRIFUGO ZANELLA SEXY x10 unid. ALFREDO,0,7826.255316000001,OTROS,ZANELLA,UNIVERSAL
1679/00021-531,RESORTE CERRADURA ELEVA ASIENTO GIL SMASH x10 unid ALFREDO,0,9730.197576,OTROS,GILERA,SMASH
1685/00070-531,RESORTE EMB. CENTRIFUGO ZANELLA  x10u. ALFREDO,0,7042.910391,OTROS,ZANELLA,UNIVERSAL
1685/00060-531,RESORTE EMB. CENTRIFUGO ZANELLA x10 unid. ALFREDO,0,6797.552157,OTROS,ZANELLA,UNIVERSAL
1685/00100-531,RESORTE EMBRAGUE RECTIFICADO ZANELLA SEXY x10 unid ALFREDO,0,22050.211392,OTROS,ZANELLA,UNIVERSAL
1685/00025-531,RESORTE EXPANSOR DE EMBRAGUE GILERA FUTURA 110 x10 ALFREDO,0,18249.138567,OTROS,GILERA,NS 110
1679/00025-531,RESORTE LEVA DE FRENO GILERA SMASH x10 unid. ALFREDO,0,12166.089111,OTROS,GILERA,SMASH
1685/00038-531,RESORTE LEVA EMBRAGUE HONDA WAVE x10 unid. ALFREDO,0,11403.208674,OTROS,HONDA,WAVE
1687/00003-621,RESORTE MULETA BAJAJ ROUSER 200 (x5UNID.) .,0,7034.755959000001,OTROS,BAJAJ,ROUSER
1687/00005-531,RESORTE MULETA GILERA SMASH/HONDA STORM x10 unid. ALFREDO,0,7663.078467000001,OTROS,GILERA,SMASH
1687/00006-621,RESORTE MULETA GILERA SMASH/HONDA STORM x5unid. .,0,4502.971439999999,OTROS,GILERA,SMASH
1687/00025-621,RESORTE MULETA HONDA TORNADO (x5UNID.) .,0,6944.341734000001,OTROS,HONDA,TORNADO
1687/00010-531,RESORTE MULETA SUZUKI AX 100 x10 unid. ALFREDO,0,22806.417348,OTROS,SUZUKI,100
1687/00029-621,RESORTE MULETA YAMAHA YBR (x5UNID.) .,0,6944.341734000001,OTROS,YAMAHA,YBR
1687/00080-079,RESORTE MULETA ZANELLA SEXY x10 unid. .,0.4180222339691651,0,OTROS,ZANELLA,UNIVERSAL
1691/00010-531,RESORTE PALANCA DE CAMBIO SUZUKI AX 100 x10 unid. ALFREDO,0,27383.748975,OTROS,SUZUKI,100
1689/00030-531,RESORTE PATADA ARR. HONDA C-90/BIZ x10 unid. ALFREDO,0,29344.507632,OTROS,HONDA,BIZ
1689/00040-531,RESORTE PATADA ARR. HONDA CG REFORMA x10 unid. ALFREDO,0,11737.805013,OTROS,HONDA,CG
1689/00070-531,RESORTE PATADA ARR. SUZUKI AX 100 x10 unid. ALFREDO,0,29344.507632,OTROS,SUZUKI,100
1689/00075-531,RESORTE PATADA ARR. YAMAHA YBR125 x10 unid. ALFREDO,0,29334.108771,OTROS,YAMAHA,YBR125
1689/00100-531,RESORTE PATADA ARR. ZANELLA VR x10 unid. ALFREDO,0,13303.740186,OTROS,ZANELLA,UNIVERSAL
1689/00080-531,RESORTE PATADA ARR. ZANELLA x10 unid. ALFREDO,0,9431.492499,OTROS,ZANELLA,UNIVERSAL
1689/00050-531,RESORTE PATADA ARR.MORINI JUKI DRIBBLING x10 unid. ALFREDO,0,9429.05205,OTROS,,UNIVERSAL
1679/00030-531,RESORTE PATIN DE FRENO CICLOMOTOR/OMEGA x10 unid. ALFREDO,0,18249.138567,OTROS,,UNIVERSAL
1693/00003-531,RESORTE PEDAL FRENO GILERA FUTURA x10 unid. ALFREDO,0,11530.347246,OTROS,GILERA,FUTURA
1693/00007-531,RESORTE PEDAL FRENO GILERA SMASH LARGO x20UNID. ALFREDO,0,11074.061691,OTROS,GILERA,SMASH
1693/00005-531,"RESORTE PEDAL FRENO GILERA SMASH,GUERR.TRIPx20unid ALFREDO",0,10019.395683,OTROS,GILERA,SMASH
1693/00016-531,RESORTE PEDAL FRENO HONDA WAVE x10 unid. ALFREDO,0,11530.347246,OTROS,HONDA,WAVE
1693/00018-621,RESORTE PEDAL FRENO YAMAHA CRYPTON x5UNID. .,0,3755.890215,OTROS,YAMAHA,CRYPTON
1693/00020-531,RESORTE PEDAL FRENO YAMAHA YBR125 x10 unid. ALFREDO,0,14668.911675,OTROS,YAMAHA,YBR125
1693/00030-531,RESORTE PEDAL FRENO ZANELLA RX 150 x10UNID. ALFREDO,0,7176.135384,OTROS,ZANELLA,150
1693/00060-621,RESORTE PEDAL FRENO ZANELLA RX150 x 5UNID. .,0,3755.900016,OTROS,ZANELLA,RX150
1679/00047-621,RESORTE PEDAL FRENO ZANELLA SEXY x10 unid. .,0,6850.948005,OTROS,ZANELLA,UNIVERSAL
1693/00050-531,RESORTE PEDAL FRENO ZANELLA SEXY x10 unid. ALFREDO,0,24185.388645,OTROS,ZANELLA,UNIVERSAL
1679/00053-531,RESORTE PUESTA EN MARCHA HONDA STORM 125 x10 unid. ALFREDO,0,35230.027734,OTROS,HONDA,STORM 125
1679/00055-531,RESORTE PUESTA EN MARCHA HONDA WAVE x10 unid. ALFREDO,0,35230.027734,OTROS,HONDA,WAVE
1261/00030-510,RESORTE REGISTRO CORTINA x10unid. BD,0,287.228106,OTROS,,UNIVERSAL
1695/00010-531,RESORTE SEGURO CRIQUE ARR.ZANELLA x10 unid. ALFREDO,0,18249.138567,OTROS,ZANELLA,UNIVERSAL
1695/00020-531,RESORTE SEGURO SEEGER EXT.12 MM x10 unid. ALFREDO,0,2942.2602,OTROS,,UNIVERSAL
1695/00030-531,RESORTE SEGURO SEEGER EXT.14 MM x10 unid. ALFREDO,0,2942.2602,OTROS,,UNIVERSAL
1695/00040-531,RESORTE SEGURO SEEGER EXT.15 MM x10 unid. ALFREDO,0,2942.2602,OTROS,,UNIVERSAL
1679/00035-531,RESORTE SELECTOR DE CAMBIOS GILERA SMASH x10 unid. ALFREDO,0,15204.261897,OTROS,GILERA,SMASH
1679/00037-531,RESORTE SELECTOR DE CAMBIOS HONDA STORM x10 unid. ALFREDO,0,21920.122719,OTROS,HONDA,UNIVERSAL
1679/00038-531,RESORTE SELECTOR DE CAMBIOS HONDA WAVE x10 unid. ALFREDO,0,21920.122719,OTROS,HONDA,WAVE
1679/00040-531,RESORTE SELECTOR DE CAMBIOS SUZUKI TS 185 x10 unid ALFREDO,0,45619.518978,OTROS,SUZUKI,UNIVERSAL
1683/00067-531,RESORTE SUSPENSION DEL. HONDA BIZ JGO ALFREDO,0,6378.422193,SUSPENSIÓN,HONDA,BIZ
1683/00040-531,RESORTE SUSPENSION DEL. ZANELLA JGO ALFREDO,0,8965.944999,SUSPENSIÓN,ZANELLA,UNIVERSAL
1683/00057-531,RESORTE SUSPENSION GILERA FUTURA 110 JGO ALFREDO,0,6790.240611,SUSPENSIÓN,GILERA,NS 110
1683/00055-531,"RESORTE SUSPENSION GILERA SMASH,ESTILO CORTO JGO ALFREDO",0,6497.27892,SUSPENSIÓN,GILERA,SMASH
1683/00058-531,RESORTE SUSPENSION HONDA BIZ 125 ALFREDO,0,6197.574141000001,SUSPENSIÓN,HONDA,BIZ
1683/00060-531,RESORTE SUSPENSION HONDA CG 125 JGO ALFREDO,0,6706.736091,SUSPENSIÓN,HONDA,CG125
1683/00062-531,RESORTE SUSPENSION HONDA CG TITAN 2000 xJGO ALFREDO,0,8802.679941,SUSPENSIÓN,HONDA,TITAN
1683/00064-531,RESORTE SUSPENSION HONDA NEW TITAN ALFREDO,0,11942.802729,SUSPENSIÓN,HONDA,TITAN
1683/00075-531,RESORTE SUSPENSION HONDA STORM 125 JGO ALFREDO,0,11527.681374,SUSPENSIÓN,HONDA,STORM 125
1683/00077-531,RESORTE SUSPENSION HONDA WAVE JGO ALFREDO,0,6790.240611,SUSPENSIÓN,HONDA,WAVE
1683/00070-531,RESORTE SUSPENSION JUKI DRIBLING JGO ALFREDO,0,15206.280903,SUSPENSIÓN,,UNIVERSAL
1683/00078-531,RESORTE SUSPENSION MOTOMEL SKUA JGO. ALFREDO,0,13576.060971,SUSPENSIÓN,MOTOMEL,UNIVERSAL
1683/00080-531,RESORTE SUSPENSION SUZUKI AX 100 JGO ALFREDO,0,6555.977109,SUSPENSIÓN,SUZUKI,100
1683/00082-531,RESORTE SUSPENSION YAMAHA YBR CHINA ALFREDO,0,9847.809576000001,SUSPENSIÓN,YAMAHA,YBR
1683/00100-531,RESORTE SUSPENSION ZANELLA  SOL TOP JGO ALFREDO,0,9431.737524,SUSPENSIÓN,ZANELLA,SOL
1683/00083-531,RESORTE SUSPENSION ZANELLA BUSINESS JGO ALFREDO,0,7335.793674,SUSPENSIÓN,ZANELLA,UNIVERSAL
1683/00087-531,RESORTE SUSPENSION ZANELLA CARGO MOD. NUEVO JGO ALFREDO,0,14587.945614,SUSPENSIÓN,ZANELLA,UNIVERSAL
1683/00095-531,RESORTE SUSPENSION ZANELLA RX 150 JGO ALFREDO,0,11946.595716,SUSPENSIÓN,ZANELLA,NS 150
1683/00097-531,RESORTE SUSPENSION ZANELLA SEXY JGO JGO ALFREDO,0,6706.736091,SUSPENSIÓN,ZANELLA,UNIVERSAL
1696/00021-632,"RESORTE VALVULA HONDA CG 125 (4UNID,) BBB MPI",0,41938.831836,MOTOR,HONDA,CG125
1696/00020-077,RESORTE VALVULA HONDA CG 125 SET (4UNID.) NSU,1.27046540391655,0,MOTOR,HONDA,CG125
1696/00020-022,RESORTE VALVULA HONDA CG 125 SET (4UNID.) NSU,1.270510634613304,0,MOTOR,HONDA,CG125
1696/00030-632,RESORTE VALVULA HONDA CG 150 (2UNID.) BBB MPI,0,22616.817003,MOTOR,HONDA,CG150
1696/00100-632,RESORTE VALVULA KAYAK 150CC CARGA BLANDA SET4UNID. BBB MPI,0,38647.754046,MOTOR,,UNIVERSAL
1696/00120-632,RESORTE VALVULA KAYAK 150CC CARGA DURA SET4UNID BBB MPI,0,43573.148586,MOTOR,,UNIVERSAL
1696/00200-632,RESORTE VALVULA KAYAK 150CC.CARGA BLANDA SET2UNID. BBB MPI,0,20040.075297,MOTOR,,UNIVERSAL
1696/00010-632,RESORTE VALVULA MOTOS 110CC CARGA BLANDA 2UNID. BBB MPI,0,20485.099503,MOTOR,,UNIVERSAL
1696/00015-632,RESORTE VALVULA MOTOS 110CC CARGA DURA 2UNID. BBB MPI,0,20485.099503,MOTOR,,UNIVERSAL
1696/00130-632,RESORTE VALVULA YAMAHA CRYPTON 110CC 2UNID. BBB MPI,0,19759.580478,MOTOR,YAMAHA,CRYPTON
1679/00056-531,RESORTE VARILLA FRENO CORTA CICLO x10unid. ALFREDO,0,2870.869716,OTROS,,UNIVERSAL
1679/00057-531,RESORTE VARILLA FRENO GILERA SMASH x10 unid. ALFREDO,0,2870.869716,OTROS,GILERA,SMASH
1679/00058-531,RESORTE VARILLA FRENO HONDA STORM x10 un. ALFREDO,0,2870.869716,OTROS,HONDA,UNIVERSAL
1679/00130-531,RESORTE ZAPATA DEL MAZA GRANDE GILERA SMASH x10 u. ALFREDO,0,4106.266164000001,OTROS,GILERA,SMASH
1679/00060-531,RESORTE ZAPATA EMBRAGUE2MM ZANELLA CICLO x10 unid. ALFREDO,0,18249.138567,OTROS,ZANELLA,UNIVERSAL
1679/00110-531,RESORTE ZAPATA FRENO CRUZADO GILERA SMASH x10 unid ALFREDO,0,4108.892832,OTROS,GILERA,SMASH
1679/00108-621,RESORTE ZAPATA FRENO GILERA SMASH TRAS. x10UNID. .,0,4202.815815,OTROS,GILERA,SMASH
1679/00090-531,RESORTE ZAPATA FRENO GILERA SMASH x10 unid. ALFREDO,0,9121.232043000002,OTROS,GILERA,SMASH
1679/00100-531,RESORTE ZAPATA TRAS RECTA GILERA SMASH x10 unid. ALFREDO,0,5235.439374,OTROS,GILERA,SMASH
1702/00010-071,RETEN BANCADA HONDA CG125 (4PCS) JAPON IZUMI/IKT,10.5750017363023,0,MOTOR,HONDA,CG125
1697/00019-038,RETEN MOTOR BAJAJ PULSAR 135 X 3PCS NSU,0.7017969252880096,0,MOTOR,BAJAJ,PULSAR
1697/00017-038,RETEN MOTOR BAJAJ ROUSER NS 200 X 3PCS NSU,0.7017969252880096,0,MOTOR,BAJAJ,ROUSER
1697/00020-056,RETEN MOTOR DAELIM 50 x JGO. NSU,2.013468258117872,0,MOTOR,,50
1697/00030-578,RETEN MOTOR DEI IMX x JGO. PH,0,19.621602,MOTOR,,UNIVERSAL
1697/00050-578,RETEN MOTOR GILERA 150 - KIT x JGO. PH,0,28.373895,MOTOR,GILERA,150
1697/00090-038,RETEN MOTOR HONDA BIZ/MAGIC 100 X JGO. NSU,0.892991156118393,0,MOTOR,HONDA,BIZ
1697/00103-038,RETEN MOTOR HONDA CBX 250 TWISTER x3UNID. NSU,0.8407185030773163,0,MOTOR,HONDA,TWISTER
1697/00198-038,RETEN MOTOR HONDA CG 150 TITAN NSU,0.9462130510992051,0,MOTOR,HONDA,CG150 / TITAN
1697/00110-038,RETEN MOTOR HONDA CG125 x JGO. NSU,0.9341159074523163,0,MOTOR,HONDA,CG125
1698/00010-071,RETEN MOTOR HONDA CG150/TITAN (4PCS) JAPON IZUMI/IKT,8.619350730273796,0,MOTOR,HONDA,CG150 / TITAN
1697/00125-056,RETEN MOTOR HONDA DIO 50 KIT 5 NSU,2.431881036833621,0,MOTOR,HONDA,50
1697/00150-020,RETEN MOTOR HONDA NH50 TW.,4.555929031030075,0,MOTOR,HONDA,UNIVERSAL
1697/00175-038,RETEN MOTOR HONDA NX 150 NSU,1.090089273969841,0,MOTOR,HONDA,NS 150
1697/00170-020,RETEN MOTOR HONDA NX125 KIT 7 UN. TW.,5.867052120036294,0,MOTOR,HONDA,UNIVERSAL
1697/00185-038,RETEN MOTOR HONDA STORM 125-CG R125 FS-10202 NSU,1.485125917456627,0,MOTOR,HONDA,CG 125
1697/00256-038,RETEN MOTOR HONDA WAVE 110 S NSU,1.168854879014168,0,MOTOR,HONDA,WAVE110
1697/00300-084,RETEN MOTOR KAWASAKI NEO MAX100 - KIT4 UN. NSU,1.242191574399702,0,MOTOR,KAWASAKI,AX100
1697/00325-038,RETEN MOTOR MOTOMEL C100 110CC x JGO. NSU,0.9017032649585724,0,MOTOR,MOTOMEL,UNIVERSAL
1697/00360-020,RETEN MOTOR SUZUKI AD-50 KIT 9 UN. TW.,5.594450226592658,0,MOTOR,SUZUKI,50
1697/00370-038,RETEN MOTOR SUZUKI AX 100 LE NSU,1.069635313714829,0,MOTOR,SUZUKI,100
1697/00388-056,RETEN MOTOR SUZUKI TS 125 KIT 5 UNIT NSU,4.610845863411159,0,MOTOR,SUZUKI,NS 125
1710/00210-640,RETEN MOTOR YAMAHA 25X52X8 CORTECO,0,114.103242,MOTOR,YAMAHA,UNIVERSAL
1697/00392-038,RETEN MOTOR YAMAHA CRYPTON x3UNID. NSU,0.7211568404683685,0,MOTOR,YAMAHA,CRYPTON
1710/00200-640,RETEN MOTOR YAMAHA DT180/RD125/135/RX80 28X40X8 CORTECO,0,83.259495,MOTOR,YAMAHA,135
1697/00396-038,RETEN MOTOR YAMAHA FZ 16 (FS10301) NSU,1.202734730579796,0,MOTOR,YAMAHA,FZ16
1697/00405-056,RETEN MOTOR YAMAHA V80 JGO. NSU,1.16158112576633,0,MOTOR,YAMAHA,UNIVERSAL
1697/00405-084,RETEN MOTOR YAMAHA V80 JGO. NSU,1.161584779073691,0,MOTOR,YAMAHA,UNIVERSAL
1697/00406-038,RETEN MOTOR YAMAHA YBR 125 x5UNID. NSU,0.91042369502512,0,MOTOR,YAMAHA,YBR125
1698/00050-071,RETEN MOTOR YAMAHA YBR125 (3PCS) JAPON IZUMI/IKT,8.619350730273796,0,MOTOR,YAMAHA,YBR125
1698/00060-071,RETEN MOTOR ZANELLA RX150 (6PCS) JAPON IZUMI/IKT,12.820378817298,0,MOTOR,ZANELLA,RX150
1697/00425-038,RETEN MOTOR ZANELLA RX150 NSU,0.9679957590179444,0,MOTOR,ZANELLA,RX150
1707/00310-627,"RETEN O-RING CANAL ACEITE 11,50x50unid.31HO1020 JUNTAS ALFA",0,6911.802414000001,LUBRICANTES,,UNIVERSAL
1707/00320-627,"RETEN O-RING CANAL ACEITE 14,50x50unid.32HO1020 JUNTAS ALFA",0,6911.802414000001,LUBRICANTES,,UNIVERSAL
1707/00300-627,"RETEN O-RING CANAL ACEITE 8,50x50unid.30HO1020 JUNTAS ALFA",0,5735.986245,LUBRICANTES,,UNIVERSAL
1707/00340-627,RETEN O-RING ENTRE COLECTOR Y CARBURADOR 110x10UNI JUNTAS ALFA,0,1757.721141,MOTOR,,UNIVERSAL
1707/00330-627,"RETEN O-RING ESTATORGIL/HONDA/ZANx10u.G107,67X1.78 JUNTAS ALFA",0,5355.687843000001,MOTOR,HONDA,UNIVERSAL
1707/00150-627,RETEN O-RING GILERA FRX300 CABEZA JUNTAS ALFA,0,1140.699186,MOTOR,GILERA,UNIVERSAL
1707/00220-627,RETEN O-RING MOTOR HONDA CG150 xJGO.28HO2220 JUNTAS ALFA,0,1482.342444,MOTOR,HONDA,CG150
1707/00210-627,RETEN O-RING MOTOR HONDA-GILERA125CCxJGO.28HO1920 JUNTAS ALFA,0,1482.342444,MOTOR,HONDA,UNIVERSAL
1707/00200-627,RETEN O-RING MOTOR HONDA-MOTOMEL110CCxJGO 28HO1020 JUNTAS ALFA,0,1786.634091,MOTOR,HONDA,UNIVERSAL
1707/00230-627,RETEN O-RING MOTOR MOTOMEL-BETA 200CCxJGO.28MO1120 JUNTAS ALFA,0,1784.311254,MOTOR,MOTOMEL,UNIVERSAL
1707/00240-627,RETEN O-RING MOTOR YAMAHA CRYPTONxJGO 28YA1220 JUNTAS ALFA,0,1482.342444,MOTOR,YAMAHA,CRYPTON
1707/00250-627,RETEN O-RING MOTOR YAMAHA YBR125 xJGO 28YA2920 JUNTAS ALFA,0,1482.342444,MOTOR,YAMAHA,YBR125
1707/00100-510,RETEN O-RING SMASH/WAVE/TRIP/BIT KIT (8 PIEZAS) BD,0,1942.803225,MOTOR,GILERA,SMASH
1707/00050-019,RETEN O-RING SUZUKI AE50   09280 TERCOM,0.4925328682194674,0,MOTOR,SUZUKI,UNIVERSAL
1709/00100-640,RETEN PATADA  ARR. YAMAHA RD125/135/RX80 17X25X4 CORTECO,0,118.758717,MOTOR,YAMAHA,135
1709/00020-040,RETEN PATADA ARRANQUE SUZUKI AX 100  NSU,0.3802718966690192,0,MOTOR,SUZUKI,100
1703/00015-640,RETEN PIÑON 26X35X7 CORTECO,0,136.2339,MOTOR,,UNIVERSAL
1703/00040-640,RETEN PIÑON HONDA CB400 34X63X13 CORTECO,0,204.997716,MOTOR,HONDA,CB
1711/00023-038,RETEN SUSPENCION HONDA CB250/TWISTER37X50X11x10U NSU,3.608265166458893,0,MOTOR,HONDA,TWISTER
1711/00006-038,RETEN SUSPENSION BAJAJ ROUSER 135 30x42x11 x10u NSU,3.581584308366394,0,MOTOR,BAJAJ,ROUSER
1711/00005-038,RETEN SUSPENSION BAJAJ ROUSER200 37x49x8x10.5 x10u NSU,4.561680014372063,0,MOTOR,BAJAJ,ROUSER
1711/10011-038,RETEN SUSPENSION GILERA SMASH 26x37x10.5 x10u. NSU,3.138819284162521,0,MOTOR,GILERA,SMASH
1711/10020-038,RETEN SUSPENSION GILERA SUPER VX150 30x42x10.5x10u NSU,3.071018366163254,0,MOTOR,GILERA,UNIVERSAL
1711/10051-038,RETEN SUSPENSION HONDA CB400 33X46X11 x10UNID. NSU,4.779478239487839,0,MOTOR,HONDA,CB
1711/10052-038,RETEN SUSPENSION HONDA CBR450 35X48X11 x10u. NSU,4.307581127629852,0,MOTOR,HONDA,CB
1711/10057-038,RETEN SUSPENSION HONDA CBR600/MOTARD 41X54X11 x10u NSU,4.610500145297699,0,MOTOR,HONDA,CB
1712/00035-071,RETEN SUSPENSION HONDA CG125 (2PCS) JAPON IZUMI/IKT,7.605309467888643,0,MOTOR,HONDA,CG125
1711/10058-038,RETEN SUSPENSION HONDA XR100/GT8027x37x7.5x9.5x10u NSU,3.422447070021172,0,MOTOR,HONDA,XR
1711/10040-038,RETEN SUSPENSION HONDA/RX150/SKUA 31X43X10.3 x10 U NSU,3.881018781974831,0,MOTOR,HONDA,RX150
1711/00040-578,RETEN SUSPENSION SUZUKI AX 100/ DAELIM x10UNID. PH,0,69.038244,MOTOR,SUZUKI,100
1711/10039-038,RETEN SUSPENSION SUZUKIAX100/DAELIM 27x39x10.5x10u NSU,3.047934564876366,0,MOTOR,SUZUKI,AX100
1711/10059-038,RETEN SUSPENSION YAMAHA FZ 16 41x53x8X10.5 x10u NSU,3.833327889678955,0,MOTOR,YAMAHA,FZ16
1712/00080-071,RETEN SUSPENSION YAMAHA YBR (2PCS) JAPON IZUMI/IKT,8.872861045870085,0,MOTOR,YAMAHA,YBR
1711/10048-038,RETEN SUSPENSION YAMAHA YBR125 30X40.5X10.5 x10u. NSU,3.138440918767891,0,MOTOR,YAMAHA,YBR125
1705/00010-627,"RETEN VALVULA 4,5MM BAJAJ ROUSER x10UNID.70BA1017 JUNTAS ALFA",0,7820.404119,MOTOR,BAJAJ,ROUSER
1705/00080-627,"RETEN VALVULA 4,5MM YAMAHA CRYPTONx10UNID.70YA1217 JUNTAS ALFA",0,7820.404119,MOTOR,YAMAHA,CRYPTON
1705/00040-627,"RETEN VALVULA 5,0MM GIL.SMASH 110 x10UNID.70HO1017 JUNTAS ALFA",0,4539.774195,MOTOR,,SMASH
1705/00070-627,"RETEN VALVULA 5,0MM SUZUKI EN/GN x10UNID.70SU1517 JUNTAS ALFA",0,5632.399476000001,MOTOR,SUZUKI,UNIVERSAL
1705/00045-627,"RETEN VALVULA 5,5MM UNIV.125/150 x10UNID.70HO1917 JUNTAS ALFA",0,4539.774195,MOTOR,,125
1705/00030-038,RETEN VALVULA 5.5 HONDA CG 125 x 20 UNID. NSU,2.036415044756985,0,MOTOR,HONDA,CG125
1705/00050-038,RETEN VALVULA 5.5 HONDA x 10UNID. NSU,1.916583105302096,0,MOTOR,HONDA,UNIVERSAL
1183/00005-022,ROCE CADENA BAJAJ PULSAR 135 NSU,2.783038114395333,0,TRANSMISIÓN,BAJAJ,PULSAR
1183/00003-022,ROCE CADENA BAJAJ ROUSER NS 200 NSU,2.220067621927414,0,TRANSMISIÓN,BAJAJ,ROUSER
1183/00010-038,ROCE CADENA GILERA SMASH/TRIP/BIZ NSU,1.171258697419739,0,TRANSMISIÓN,GILERA,SMASH
1183/00010-566,ROCE CADENA GILERA SMASH/TRIP/BIZ VC,0,4421.485926,TRANSMISIÓN,GILERA,SMASH
1183/00100-038,ROCE CADENA HONDA CB190R NSU,1.889985625381851,0,TRANSMISIÓN,HONDA,CB
1183/00008-022,ROCE CADENA HONDA CG 125/150 NSU,1.815027610544872,0,TRANSMISIÓN,HONDA,CG125
1183/00009-022,ROCE CADENA HONDA CG 150 NEW NSU,1.621392896355057,0,TRANSMISIÓN,HONDA,CG150
1183/00015-022,ROCE CADENA HONDA STORM/ZANELLA RX150 NSU,1.34897288625,0,TRANSMISIÓN,HONDA,RX150
1183/00011-022,ROCE CADENA HONDA TITAN 150 NSU,1.693713524357758,0,TRANSMISIÓN,HONDA,TITAN
1183/00013-038,ROCE CADENA HONDA TORNADO/XRE300/TWISTER250 NSU,2.11745813635128,0,TRANSMISIÓN,HONDA,TORNADO
1183/00013-022,ROCE CADENA HONDA TORNADO/XRE300/TWISTER250 NSU,2.117465844230003,0,TRANSMISIÓN,HONDA,TORNADO
1183/00012-022,ROCE CADENA HONDA TWISTER CBX 250 NSU,2.59007889224865,0,TRANSMISIÓN,HONDA,TWISTER
1183/00016-038,ROCE CADENA HONDA WAVE 2014 NSU,1.285722615576668,0,TRANSMISIÓN,HONDA,WAVE
1183/00014-038,ROCE CADENA MOTOMEL DAKAR 200 NSU,2.456981312996407,0,TRANSMISIÓN,MOTOMEL,NS 200
1183/00017-038,ROCE CADENA MOTOMEL SKUA 150 NSU,1.653071934312859,0,TRANSMISIÓN,MOTOMEL,SKUA150
1183/00018-038,ROCE CADENA YAMAHA FZ16 NSU,2.02042125304905,0,TRANSMISIÓN,YAMAHA,FZ16
1183/00018-566,ROCE CADENA YAMAHA FZ16 VC,0,7763.891552999999,TRANSMISIÓN,GILERA / YAMAHA,FZ16
1183/00019-077,ROCE CADENA YAMAHA NEW CRYPTON NSU,1.554579725666199,0,TRANSMISIÓN,YAMAHA,CRYPTON
1183/00050-022,ROCE CADENA YAMAHA XTZ 125/250/YBR 250 NSU,3.053264137913589,0,TRANSMISIÓN,YAMAHA,XTZ125
1183/00022-022,ROCE CADENA YAMAHA YBR 125 NSU,1.7061335775,0,TRANSMISIÓN,YAMAHA,YBR125
1183/00022-077,ROCE CADENA YAMAHA YBR 125 NSU,1.708972917598801,0,TRANSMISIÓN,YAMAHA,YBR125
1001/05000-548,RODILLO ENTRENAMIENTO PARA BICICLETA HP,0,119498.682699,OTROS,,UNIVERSAL
1487/00020-077,ROTOR ACEITE H-CG125 TODAY NX150-Z.CUSTOM NSU,2.661960162751865,0,LUBRICANTES,,CG125
1487/00020-038,ROTOR ACEITE H-CG125 TODAY NX150-Z.CUSTOM NSU,2.661988337299348,0,LUBRICANTES,,CG125
1487/00025-022,ROTOR ACEITE HONDA CG 150 NSU,4.017131943715153,0,LUBRICANTES,HONDA,CG150
1487/00035-038,ROTOR ACEITE MOTOMEL MOTARD 200 NSU,3.859876447132874,0,LUBRICANTES,MOTOMEL,NS 200
1487/00036-038,ROTOR ACEITE YAMAHA YBR 125 NSU,2.515544247867394,0,LUBRICANTES,YAMAHA,YBR125
1724/00010-057,RULEMAN 4T 32006 CONO Y CUBETA (XT 600) REGENT,11.19066964560757,0,LUBRICANTES,BETA,UNIVERSAL
1723/00019-128,RULEMAN 6000 2RS C3 .,0.4597979855335235,0,OTROS,,UNIVERSAL
1723/00022-128,RULEMAN 6001 2RS C3 .,0.4452780491482544,0,OTROS,,UNIVERSAL
1723/00010-019,RULEMAN 6001-2RS TERCOM,1.338404521041625,0,OTROS,,UNIVERSAL
1723/00032-128,RULEMAN 6002 2RS C3 .,0.4388610838300324,0,OTROS,,UNIVERSAL
1723/00045-128,RULEMAN 6003 2RS C3 .,0.4960978264966964,0,OTROS,,UNIVERSAL
1723/00052-128,RULEMAN 6004 2RS C3 .,2.589388655373002,0,OTROS,,UNIVERSAL
1723/00052-069,RULEMAN 6004 2RS C3 NTN,4.526626802870837,0,OTROS,,UNIVERSAL
1723/00055-128,RULEMAN 6005 2RS C3 .,2.891887330066109,0,OTROS,,UNIVERSAL
1723/00055-057,RULEMAN 6005 2RS C3 REGENT,2.786814893127767,0,OTROS,,UNIVERSAL
1723/00002-128,RULEMAN 607 2RS C3 .,0.4065582187875367,0,OTROS,,UNIVERSAL
1723/00013-128,RULEMAN 608 2RS C3 .,0.4259181339678955,0,OTROS,,UNIVERSAL
1723/00003-069,RULEMAN 608 2RS C3 NTN,2.324392929874134,0,OTROS,,UNIVERSAL
1723/00004-128,RULEMAN 609 2RS C3 .,0.4452780491482544,0,OTROS,,UNIVERSAL
1723/00230-128,RULEMAN 62 / 28 C3-BANCADA MB-100/AX-100 .,2.239135314810218,0,OTROS,,100
1723/00072-128,RULEMAN 6200 2RS C3 .,0.4501180279433442,0,OTROS,,UNIVERSAL
1723/00080-128,RULEMAN 6201-2RS C3 .,1.645593272727213,0,OTROS,,UNIVERSAL
1723/00080-069,RULEMAN 6201-2RS C3 NTN,2.803121019327736,0,OTROS,,UNIVERSAL
1723/00090-128,RULEMAN 6202-2RS C3 .,1.762522739898033,0,OTROS,,UNIVERSAL
1723/00090-069,RULEMAN 6202-2RS C3 NTN,3.278298537782536,0,OTROS,,UNIVERSAL
1723/00100-128,RULEMAN 6203-2RS C3 .,2.407869028192978,0,OTROS,,UNIVERSAL
1723/00100-069,RULEMAN 6203-2RS C3 NTN,3.646017549615097,0,OTROS,,UNIVERSAL
1723/00115-128,RULEMAN 6204 2RS C3 .,3.218626867590638,0,OTROS,,UNIVERSAL
1723/00130-128,RULEMAN 6205-2RS C3 .,3.690459778812132,0,OTROS,,UNIVERSAL
1723/00132-069,RULEMAN 6206-2RS C3 NTN,8.207369725838758,0,OTROS,,UNIVERSAL
1723/00134-069,RULEMAN 6207 2RS C3 NTN,10.49062295783901,0,OTROS,,UNIVERSAL
1723/00240-128,RULEMAN 63 / 28 C3 - BANCADA CG-125 .,2.371600739675875,0,OTROS,HONDA,CG 125
1723/00135-128,RULEMAN 6300-2RS C3 .,0.5072856614164354,0,OTROS,,UNIVERSAL
1723/00135-069,RULEMAN 6300-2RS C3 NTN,3.311745678847218,0,OTROS,,UNIVERSAL
1723/00137-128,RULEMAN 6301 2RS C3 .,0.5390557333626366,0,OTROS,,UNIVERSAL
1723/00137-069,RULEMAN 6301 2RS C3 NTN,3.956487926734743,0,OTROS,,UNIVERSAL
1723/00142-128,RULEMAN 6302 2RS C3 .,0.646866,0,OTROS,,UNIVERSAL
1723/00142-069,RULEMAN 6302 2RS C3 NTN,4.703645728122768,0,OTROS,,UNIVERSAL
1723/00160-128,RULEMAN 6303-2RS C3 .,0.9956955772917939,0,OTROS,,UNIVERSAL
1723/00180-128,RULEMAN 6304-2RS C3 .,4.331781021605302,0,OTROS,,UNIVERSAL
1723/00190-128,RULEMAN 6305-2RS C3 .,6.025773599886705,0,OTROS,,UNIVERSAL
1723/00250-128,RULEMAN 6902 ARBOL BIZ/C-90 LUJO DER. .,0.556599768813858,0,MOTOR,HONDA,BIZ
1723/00260-128,RULEMAN 6904 ARBOL BIZ/C-90 LUJO IZQ .,0.7259882350135802,0,MOTOR,HONDA,BIZ
1723/00275-057,RULEMAN L 17 C3 REGENT,4.070216488647134,0,OTROS,,UNIVERSAL
1723/00280-057,RULEMAN L 20-BANCADA PUMA 4TA REGENT,8.727998008386491,0,LUBRICANTES,,UNIVERSAL
1734/00020-514,SALVA MAZA HONDA CB 250 NIGHTHAWK 250 BRN,0,9788.836959,OTROS,HONDA,CB 250
1734/00010-514,SALVA MAZA HONDA CG 150 TITAN BRN,0,9788.836959,OTROS,HONDA,CG150 / TITAN
1741/00086-621,SEGURO CORONA GILERA SMASH (2 chap 4torn 4tuercas) .,0,1369.660347,LUBRICANTES,GILERA,SMASH
1741/00085-621,SEGURO CORONA GILERA SMASH (2 chap. 4 torn.) .,0,1167.00507,TRANSMISIÓN,GILERA,SMASH
1741/00300-621,SEGURO CORONA HONDA CG x10UNID. .,0,18411.727356,TRANSMISIÓN,HONDA,CG
1741/00400-515,SEGURO CORONA YAMAHA CRYPTON NUEVA BUHO,0,227.824245,TRANSMISIÓN,YAMAHA,CRYPTON
1741/00087-621,SEGURO CORONA YAMAHA YBR/HONDA STORM 2CHAPITA/4TOR .,0,1428.191919,LUBRICANTES,YAMAHA,YBR
1741/00087-038,SEGURO CORONA YAMAHA YBR/HONDA STORM 2CHAPITA/4TOR NSU,1.439919665437946,0,LUBRICANTES,YAMAHA,YBR
1741/00186-531,SEGURO SEEGER  ZANELLA SAPUCAI x10 unid. ALFREDO,0,9121.232043000002,OTROS,ZANELLA,UNIVERSAL
1741/00185-038,SEGURO SEEGER DIAM.62MM x 5unid NSU,2.238467574950409,0,OTROS,,UNIVERSAL
1741/00150-038,SEGURO TRABA PIÑON GILERA SMASH x10unid. NSU,1.847034926678093,0,TRANSMISIÓN,GILERA,SMASH
1741/00110-515,SEGURO TRABA PIÑON HONDA C90 x10unid. BUHO,0,1225.32102,TRANSMISIÓN,HONDA,C90
1741/00120-510,SEGURO TRABA PIÑON HONDA CG x10unid. BD,0,750.7075950000001,TRANSMISIÓN,HONDA,CG
1741/00160-515,SEGURO TRABA PIÑON YAMAHA FZ16 x10unid. BUHO,0,2271.724785,TRANSMISIÓN,YAMAHA,FZ16
1741/00200-077,SEGURO VALVULA HONDA DAX 110/MAX 110/DAY110 x 50 NSU,6.38313540837282,0,MOTOR,HONDA,NS 110
1202/00051-022,SELECTOR DE CAJA C110X 5 UNID. NSU,3.932526253638324,0,OTROS,,UNIVERSAL
1202/00010-022,SELECTOR DE CAJA GILERA SMASH-GUERRERO MAGIC G70 NSU,9.099379668733977,0,OTROS,GILERA,SMASH
1202/00052-077,SELECTOR DE CAJA YAMAHA NEW CRYPTON NSU,15.5486592141655,0,OTROS,YAMAHA,CRYPTON
1202/00054-022,SELECTOR EMBRAGUE HONDA WAVE/BIZ NSU,1.355214411709099,0,OTROS,HONDA,WAVE
1202/00056-022,SELECTOR EMBRAGUE MOTOMEL SKUA 150/S2x 5 UNID. NSU,4.198685818350793,0,OTROS,MOTOMEL,SKUA150
1202/00053-022,SELECTOR TOPE CAMBIO HONDA WAVE x5UNID. NSU,4.16722174257225,0,OTROS,HONDA,WAVE
1202/00045-077,SELECTOR TOPE DE CAMBIO  HONDA STORM NSU,0.7822406084585076,0,OTROS,HONDA,UNIVERSAL
1202/00018-077,SELECTORA DE CAJA HONDA BIZ 125 NSU,6.713050588789443,0,OTROS,HONDA,BIZ
1202/00030-077,SELECTORA DE CAJA HONDA DAX110/MAX110/DAY110 NSU,7.380855252021389,0,OTROS,HONDA,UNIVERSAL
1202/00057-038,SELECTORA DE CAJA HONDA WAVE 110S NSU,7.937574216285382,0,OTROS,HONDA,WAVE110
1202/00048-077,SELECTORA DE CAJA MOTOMEL SKUA 150/S2/S3/S4 NSU,9.716123285413744,0,OTROS,MOTOMEL,SKUA150
1743/02100-623,SENSOR DAELIM (EX CODIGO DZE 1083) X5UNID. DZE,0,8394.811326000001,OTROS,,UNIVERSAL
1743/00030-591,SENSOR DRIBBLING-GAMMA-GARELLI APOLO,0,30353.510781,OTROS,,UNIVERSAL
1743/10088-623,SENSOR GILERA ESTILO 110/SMASH 110 DZE,0,6218.156241,OTROS,GILERA,SMASH
1743/00045-591,SENSOR HERO PUCH APOLO,0,23576.217291,OTROS,HERO,UNIVERSAL
1743/02116-623,SENSOR HONDA DAX/DIO/ELITE/TAC/SUPER TAC MITSUBA DZE,0,7826.921784,OTROS,HONDA,UNIVERSAL
1743/02115-623,SENSOR HONDA TODAY DZE,0,12229.638795,OTROS,HONDA,UNIVERSAL
1743/02105-623,SENSOR JIANSHE 50CC X5 DZE,0,2999.360826,OTROS,,UNIVERSAL
1743/03063-667,SENSOR PARA ESTATOR MOTOS 110/150 PIETCARD,0,7457.081049,ELECTRICIDAD,,NS 110
1743/02106-623,SENSOR YAMAHA DT180 X5UNID. DZE,0,5155.433810999999,OTROS,YAMAHA,UNIVERSAL
1225/00300-566,SEPARADOR BAQUELITA CARBUR.SMASH/BIZ/BIT/ZBC/ORING VC,0,623.04957,ALIMENTACIÓN / CARBURACIÓN,GILERA,SMASH
1225/00315-566,SEPARADOR BAQUELITA CARBURADOR HONDA CG125 VC,0,623.73564,ALIMENTACIÓN / CARBURACIÓN,GILERA / HONDA,CG125
1225/00012-515,SEPARADOR BAQUELITA CARBURADOR SMASH C/ALOJ. BUHO,0,1409.922855,ALIMENTACIÓN / CARBURACIÓN,GILERA,SMASH
1225/00310-038,SEPARADOR BRIDA HONDA WAVE NSU,0.3266967347946167,0,OTROS,HONDA,WAVE
1225/00008-566,SEPARADOR BRIDA ZANELLA 200 VC,0,1290.458466,OTROS,GILERA / ZANELLA,VC 200
1741/00088-621,SEPARADOR CORONA HONDA TITAN 64MM (x10UNID.) .,0,5569.927902,TRANSMISIÓN,HONDA,TITAN
1741/00089-621,SEPARADOR CORONA HONDA TODAY/RX 58MM(x10UNID.) .,0,5389.089651000001,TRANSMISIÓN,HONDA,UNIVERSAL
1395/00118-621,SEPARADOR EJE TRAS. HONDA STORM DER. x5UNID. .,0,6815.801619,OTROS,HONDA,UNIVERSAL
1395/00158-621,SEPARADOR EJE TRAS. RULEMAN YAMAHA YBR 15X45 x5un .,0,4534.373844,OTROS,YAMAHA,YBR
1395/00200-621,SEPARADOR EJE TRAS. TUNNING 12X26X18 x5UNID. .,0,6815.801619,OTROS,,UNIVERSAL
1395/00025-621,SEPARADOR EJE TRAS. ZAN.ESTILO EXTERNO17X25X15 x5U .,0,6815.840823,OTROS,,UNIVERSAL
1741/00091-621,SEPARADOR PORTA CORONA ZANELLA SEXY x5UNID. .,0,6815.742813000001,TRANSMISIÓN,ZANELLA,UNIVERSAL
1393/00050-621,SEPARADOR RUEDA DEL A ZAPATA Y TRAS DISCO SMASHx5U .,0,7998.047243999999,FRENOS,GILERA,SMASH
1393/00040-621,SEPARADOR RUEDA DEL. A CINTA GIL.SMASH 23X21 x5UNI .,0,6815.742813000001,OTROS,,SMASH
1393/00060-621,SEPARADOR RUEDA DEL. YAMAHA YBR A DISCO X5UNID .,0,7446.907611,FRENOS,YAMAHA,YBR
1393/00010-510,SEPARADOR RUEDA DEL. ZAN DUE BD,0,109.761399,OTROS,,UNIVERSAL
1393/00190-621,SEPARADOR RUEDA DELANTERO SKUA 12x23x18 x 5unid. .,0,6815.801619,OTROS,MOTOMEL,UNIVERSAL
1393/00180-621,SEPARADOR RUEDA TRASERA CG150cc 15x12x26 x 5unid. .,0,6815.801619,OTROS,HONDA,CG150
1393/00140-515,SEPARADOR RUEDA TRASERA HONDA BIZ CHICO x4unid. BUHO,0,7592.148630000001,OTROS,HONDA,BIZ
1395/00113-621,SEPARADOR TRAS. RULEMAN GIL.SMASH x5UNID.12X42 .,0,3497.937696,OTROS,,SMASH
1393/00170-515,SEPARADOR TRAS. RULEMAN GILERA SMASHx10unid. BUHO,0,6277.795326,OTROS,GILERA,SMASH
1395/00119-621,SEPARADOR TRAS. RULEMAN HONDA CG/TODAY x5UN.15x61 .,0,4750.289874,OTROS,HONDA,CG
1395/00120-621,SEPARADOR TRAS. RULEMAN HONDA TITAN/CERROx5UN15X84 .,0,5182.131735000001,OTROS,HONDA,TITAN
1395/00155-621,SEPARADOR TRAS. RULEMAN SUZUKI AX100 x 5UN.12X60 .,0,4361.631219,OTROS,SUZUKI,AX100
1395/00220-621,SEPARADOR TRAS.RULEMAN ZAN.BUSSINES x5UNID.12X55 .,0,3972.972564,OTROS,,UNIVERSAL
1537/01370-156,SET MULTIHERRAMIENTA PLEGABLE 14 PIEZAS NSU,10.25117555400776,0,HERRAMIENTAS,,UNIVERSAL
1443/00109-555,SIILENCIADOR HONDA NAVI CAPTOR NEGRO SPR,0,72737.092395,OTROS,HONDA,UNIVERSAL
1441/00141-555,SIL. CORVEN TRIAX 250 ALUMINIUN 4 SPR,0,156434.780304,OTROS,CORVEN,TRIAX 250
1441/00108-555,SIL. GILERA SMASH M/V CROMADO SPR,0,121882.922964,OTROS,GILERA,SMASH
1441/00105-555,SIL. GILERA SMASH/TRIP FUN M/N CROMADO SPR,0,121882.922964,OTROS,GILERA,SMASH
1441/00100-555,SIL. GILERA SMASH/TRIP FUN SPR ALUMINIUN 4 SPR,0,142818.937074,OTROS,GILERA,SMASH
1441/00110-555,SIL. GUERRERO TRIP ALUMINIUN 4 SPR,0,139604.532507,OTROS,,UNIVERSAL
1441/00111-555,SIL. GUERRERO TRIP CROMADO SPR,0,121882.922964,OTROS,,UNIVERSAL
1441/00133-555,SIL. HONDA BIZ DOBLE BOCA SPR ALUMINIUM 4 SPR,0,107910.832986,OTROS,HONDA,BIZ
1441/00134-555,SIL. HONDA CB1 125 CROMADO SPR,0,138555.776502,OTROS,HONDA,CB 125
1441/00157-555,SIL. HONDA CBX250 TWISTER SPR ALUMINIUN 4 SPR,0,164595.916188,OTROS,HONDA,TWISTER
1441/00183-555,SIL. HONDA DAX ST 70 CROMADO SPR,0,121882.922964,OTROS,HONDA,70
1441/00191-555,SIL. HONDA NEW WAVE 110 ALUMINIUN 4 SPR,0,139604.532507,OTROS,HONDA,WAVE110
1441/00143-555,SIL. HONDA NEW WAVE 110 CROMADO SPR,0,121882.922964,OTROS,HONDA,WAVE110
1441/00138-555,SIL. HONDA NXR 125 BROS ALUMINIUM 4 SPR,0,156434.780304,OTROS,HONDA,XR 125
1441/00145-555,SIL. HONDA STORM SPR ALUMINIUN 4 SPR,0,164595.916188,OTROS,HONDA,UNIVERSAL
1441/00159-555,SIL. HONDA TITAN 150 ESD CROMADO SPR,0,138555.776502,OTROS,HONDA,TITAN
1441/00165-555,SIL. HONDA TITAN 150 NUEVA CROMADO SPR,0,138555.776502,OTROS,HONDA,TITAN
1441/00164-555,SIL. HONDA TITAN CG 150 ESD SPR ALUMINIUN 4 SPR,0,164595.916188,OTROS,HONDA,CG150 / TITAN
1441/00148-555,SIL. HONDA TITAN CG125 ES A/ELEC.CROMADO SPR,0,138555.776502,OTROS,HONDA,CG125 / TITAN
1441/00147-555,SIL. HONDA TITAN CG125 ES SPR A/ELEC.ALUM 4 SPR,0,164595.916188,OTROS,HONDA,CG125 / TITAN
1441/00150-555,SIL. HONDA TITAN CG125 KS SPR ALUMINIUN 4 SPR,0,164595.916188,OTROS,HONDA,CG125 / TITAN
1441/00155-555,SIL. HONDA TITAN CG150 KS CROMADO SPR,0,138555.776502,OTROS,HONDA,CG150 / TITAN
1441/00153-555,SIL. HONDA TITAN CG150 KS SPR ALUMINIUN 4 SPR,0,164595.916188,OTROS,HONDA,CG150 / TITAN
1441/00315-555,SIL. HONDA TORNADO 250 RACING CAPTOR SPR,0,94199.51821499999,OTROS,HONDA,TORNADO
1441/00142-555,SIL. HONDA WAVE/MOND. LD110 CROMADO SPR,0,121883.66784,OTROS,HONDA,WAVE
1441/00140-555,SIL. HONDA WAVE/MONDIAL LD110 ALUMINIUN 4 SPR,0,142818.937074,OTROS,HONDA,WAVE
1441/00139-555,SIL. HONDA XR 250 TORNADO-BRASIL ALUMINIUM 4 SPR,0,156434.780304,OTROS,HONDA,XR 250
1441/00137-555,SIL. HONDA XR 250 TORNADO-BRASIL EVO 5 SPR,0,282013.758378,OTROS,HONDA,XR 250
1441/00154-555,SIL. HONDA XRL 125 CROMADO SPR,0,123704.478018,OTROS,HONDA,XR 125
1441/00156-555,SIL. KAWASAKI KAZE R-110 CROMADO SPR,0,121882.922964,OTROS,KAWASAKI,110
1441/00169-555,SIL. MOTOMEL BLITZ 110 CROMADO SPR,0,121882.922964,OTROS,MOTOMEL,BLITZ
1441/00168-555,SIL. MOTOMEL BLITZ 110 SPR ALUMINIUN4 SPR,0,139604.532507,OTROS,MOTOMEL,BLITZ
1441/00162-555,SIL. MOTOMEL CG 150 SERIE 2 CROMADO SPR,0,138555.776502,OTROS,HONDA / MOTOMEL,CG150
1441/00189-555,SIL. SUZUKI EN125 2A ALUMINIUM SPR,0,164595.916188,OTROS,SUZUKI,EN125
1441/00172-555,SIL. SUZUKI FD 110 CROMADO SPR,0,93236.42295000001,OTROS,SUZUKI,110
1441/00030-555,SIL. TUNNING GILERA FUTURA CROMADO SPR,0,121882.922964,OTROS,GILERA,FUTURA
1441/00390-555,SIL. UNIVERSAL EVO 5 ACERO INOX. GRIS SPR,0,183329.008533,OTROS,,UNIVERSAL
1441/00178-555,SIL. YAMAHA CRYPTON T-105E CROMADO SPR,0,121882.922964,OTROS,YAMAHA,CRYPTON
1441/00177-555,SIL. YAMAHA CRYPTON T-105E SPR ALUMINIUM 4 SPR,0,139604.532507,OTROS,YAMAHA,CRYPTON
1441/00173-555,SIL. YAMAHA FZ 16 ALUMINIUN 4 SPR,0,164595.916188,OTROS,YAMAHA,FZ16
1441/00194-555,SIL. YAMAHA FZ 16 CROMADO SPR,0,138555.776502,OTROS,YAMAHA,FZ16
1441/00190-555,SIL. YAMAHA NEW CRYPTON 110 ALUMINIUN 4 SPR,0,139604.532507,OTROS,YAMAHA,CRYPTON
1441/00192-555,SIL. YAMAHA NEW CRYPTON 110 CROMADO SPR,0,121882.922964,OTROS,YAMAHA,CRYPTON
1441/00179-555,SIL. YAMAHA XTZ 125 SPR ALUMINIO 4 SPR,0,156434.780304,OTROS,YAMAHA,XTZ125
1441/00186-555,SIL. YAMAHA XTZ 250/LANDER ALUMINIUM 4 SPR,0,156434.780304,OTROS,YAMAHA,XTZ 250
1441/00176-555,SIL. YAMAHA YBR 125 CROMADO SPR,0,138555.776502,OTROS,YAMAHA,YBR125
1441/00175-555,SIL. YAMAHA YBR 125 SPR ALUMINIUN 4 SPR,0,164595.916188,OTROS,YAMAHA,YBR125
1441/00311-555,SIL. ZANELLA RX150 ALUMINIUM SPR,0,164595.916188,OTROS,ZANELLA,RX150
1441/00310-555,SIL. ZANELLA RX150 CROMADO SPR,0,138555.776502,OTROS,ZANELLA,RX150
1441/00181-555,SIL. ZANELLA ZB 110D CROMADO SPR,0,121882.922964,OTROS,ZANELLA,ZB 110
1441/00180-555,SIL. ZANELLA ZB 110D SPR ALUMINIUN 4 SPR,0,139604.532507,OTROS,ZANELLA,ZB 110
1441/00360-555,SIL.ENDURO UNIVERSAL 105x80MM ALUMINIUN 4 SPR,0,125534.951982,OTROS,,UNIVERSAL
1443/00045-555,SILENCIADOR CORVEN ENERGY 110 CAPTOR SPR,0,66530.305314,OTROS,CORVEN,ENERGY 110
1443/00060-584,SILENCIADOR DA DALT ECONOMICO TUBOSIL,0,20595.272544,OTROS,,UNIVERSAL
1443/00088-555,SILENCIADOR GILERA FUTURA 110 CAPTOR SPR,0,66529.540836,OTROS,GILERA,FUTURA 110
1443/00089-555,SILENCIADOR GILERA SMASH 110 CAPTOR SPR,0,66529.540836,OTROS,GILERA,SMASH
1443/00093-150,SILENCIADOR GILERA SMASH 110 CROMADO CROMOFORTE,48.79515179834105,0,OTROS,GILERA,SMASH
1443/00093-555,SILENCIADOR GILERA SMASH 110 CROMADO SPR,0,95504.874201,OTROS,GILERA,SMASH
1443/00099-558,SILENCIADOR GILERA SMASH MOD.NUEVO C/PLANCHUELA FIDE,0,2008.567935,OTROS,GILERA,SMASH
1443/00099-555,SILENCIADOR GILERA SMASH MOD.NUEVO C/PLANCHUELA SPR,0,95504.874201,OTROS,GILERA,SMASH
1443/00096-584,SILENCIADOR GILERA SMASH PINTADO TUBOSIL,0,36755.553384,OTROS,GILERA,SMASH
1443/01005-555,SILENCIADOR GILERA SMASH/GUERRERO TRIP STREET SPR,0,120194.906535,OTROS,GILERA,SMASH
1443/00105-555,SILENCIADOR GUERRERO TRIP CAPTOR SPR,0,66529.540836,OTROS,,UNIVERSAL
1443/00094-555,SILENCIADOR GUERRERO TRIP SPR,0,95504.874201,OTROS,,UNIVERSAL
1443/00104-555,SILENCIADOR HONDA BIZ 100 CAPTOR SPR,0,66529.540836,OTROS,HONDA,BIZ
1443/00103-555,SILENCIADOR HONDA BIZ 100 SPR,0,95504.874201,OTROS,HONDA,BIZ
1443/00102-150,SILENCIADOR HONDA BIZ 1998/2005 CROMADO CROMOFORTE,63.17043523775202,0,OTROS,HONDA,BIZ
1443/01000-555,SILENCIADOR HONDA BIZ C100 STREET SPR,0,120194.906535,OTROS,HONDA,BIZ
1443/00101-584,SILENCIADOR HONDA BIZ PINTADO TUBOSIL,0,37032.96088799999,OTROS,HONDA,BIZ
1443/00106-555,SILENCIADOR HONDA CB1 125 SPR,0,93704.96955600001,OTROS,HONDA,CB 125
1443/00197-555,SILENCIADOR HONDA CG125KS/FAN SPR,0,108125.131851,OTROS,HONDA,CG125
1443/00200-555,SILENCIADOR HONDA DAX 70 SPR,0,80470.081395,OTROS,HONDA,70
1443/00200-584,SILENCIADOR HONDA DAX 70 TUBOSIL,0,37687.39326,OTROS,HONDA,70
1443/00100-584,SILENCIADOR HONDA ELITE Y TACT 50 TUBOSIL,0,39023.259759,OTROS,HONDA,50
1443/00354-150,SILENCIADOR HONDA NEW WAVE 110 2017 ADEL. NEGRO CROMOFORTE,48.79515179834105,0,OTROS,HONDA,WAVE110
1443/00108-555,SILENCIADOR HONDA NEW WAVE 110 CAPTOR SPR,0,66529.540836,OTROS,HONDA,WAVE110
1443/01009-150,SILENCIADOR HONDA NXR 125/150/BROSS NEGRO CROMOFORTE,59.34769750616535,0,OTROS,HONDA,XR 125
1443/01008-555,SILENCIADOR HONDA NXR125 BROSS STREET SPR,0,131009.28093,OTROS,HONDA,XR
1443/01010-555,SILENCIADOR HONDA STORM 125 STREET SPR,0,134545.697352,OTROS,HONDA,STORM 125
1443/01024-150,SILENCIADOR HONDA TITAN 150 2015 ADEL. CROMADO CROMOFORTE,52.90566917951577,0,OTROS,HONDA,TITAN
1443/01022-150,SILENCIADOR HONDA TITAN 150 ESD CROMADO CROMOFORTE,52.90566917951577,0,OTROS,HONDA,TITAN
1443/00435-555,SILENCIADOR HONDA TITAN CG 150 NEWS SPR,0,108125.131851,OTROS,HONDA,CG150 / TITAN
1443/01020-555,SILENCIADOR HONDA TITAN CG150 ESD STREET SPR,0,134545.697352,OTROS,HONDA,CG150 / TITAN
1443/00195-555,SILENCIADOR HONDA TITAN CG150 KS SPR,0,108125.131851,OTROS,HONDA,CG150 / TITAN
1443/00350-150,SILENCIADOR HONDA WAVE CROMADO CROMOFORTE,52.19336333048854,0,OTROS,HONDA,WAVE
1443/01030-555,SILENCIADOR HONDA WAVE STREET SPR,0,116585.129628,OTROS,HONDA,WAVE
1443/00352-584,SILENCIADOR HONDA WAVE/GUERRERO G110 PINTADO TUBOSIL,0,37587.75629400001,OTROS,HONDA,WAVE
1443/00255-555,SILENCIADOR MONDIAL LD 110 CAPTOR SPR,0,66529.540836,OTROS,MONDIAL,110
1443/00140-584,SILENCIADOR MONDIAL M1 TUBOSIL,0,37449.06234300001,OTROS,MONDIAL,UNIVERSAL
1443/00540-077,SILENCIADOR MOTOMEL CG 150 S2/S3 NSU,91.98891750573236,0,OTROS,HONDA / MOTOMEL,CG150
1443/01040-555,SILENCIADOR MOTOMEL CG150 SERIE 2 STREET SPR,0,134545.697352,OTROS,HONDA / MOTOMEL,CG150
1443/00153-077,SILENCIADOR MOTOMEL FUSION CROMADO NSU,50.42405263273648,0,OTROS,MOTOMEL,UNIVERSAL
1443/00530-077,SILENCIADOR MOTOMEL SIRIUS NSU,209.0400398486294,0,OTROS,MOTOMEL,UNIVERSAL
1443/00522-077,SILENCIADOR MOTOMEL TCP200/TCP200R NSU,101.4511095756276,0,OTROS,MOTOMEL,UNIVERSAL
1443/00160-584,SILENCIADOR SUZUKI ADRESS  60 TUBOSIL,0,40639.16043,OTROS,SUZUKI,UNIVERSAL
1443/00210-584,SILENCIADOR YAMAHA AXIS 90 JOG ARTISTIC 50 R YNEXT TUBOSIL,0,39668.263569,OTROS,YAMAHA,90
1443/00222-584,SILENCIADOR YAMAHA CRYPTON PINTADO TUBOSIL,0,44680.445964,OTROS,YAMAHA,CRYPTON
1443/01080-555,SILENCIADOR YAMAHA FZ16 STREET SPR,0,134545.697352,OTROS,YAMAHA,FZ16
1443/01070-555,SILENCIADOR YAMAHA XTZ125 STREET SPR,0,126767.986389,OTROS,YAMAHA,XTZ125
1443/00228-555,SILENCIADOR YAMAHA YBR 125 CAPTOR SPR,0,78957.34605000001,OTROS,YAMAHA,YBR125
1443/00710-150,SILENCIADOR YAMAHA YBR 125 CROMADO CROMOFORTE,80.13250185432314,0,OTROS,YAMAHA,YBR125
1443/01050-555,SILENCIADOR YAMAHA YBR125 STREET SPR,0,134545.697352,OTROS,YAMAHA,YBR125
1443/00230-584,SILENCIADOR ZANELLA CARGO TUBOSIL,0,35091.15736500001,OTROS,ZANELLA,UNIVERSAL
1443/00240-584,SILENCIADOR ZANELLA DUE GL TUBOSIL,0,26353.036611,OTROS,ZANELLA,DUE
1443/00250-584,SILENCIADOR ZANELLA DUE-91 FIRE Y SOL FULL TUBOSIL,0,26769.138066,OTROS,ZANELLA,DUE / SOL
1443/00312-555,SILENCIADOR ZANELLA RX 150 CAPTOR SPR,0,78957.34605000001,OTROS,ZANELLA,150
1443/00310-150,SILENCIADOR ZANELLA RX150 CROMADO CROMOFORTE,52.90566917951577,0,OTROS,ZANELLA,RX150
1443/00310-077,SILENCIADOR ZANELLA RX150 CROMADO NSU,60.90012836265633,0,OTROS,ZANELLA,RX150
1443/01060-555,SILENCIADOR ZANELLA RX150 STREET SPR,0,134545.697352,OTROS,ZANELLA,RX150
1443/00270-584,"SILENCIADOR ZANELLA SOL 70,NEW FIRE,SOL PLUS,TOP TUBOSIL",0,38391.379488,OTROS,ZANELLA,SOL 70
1443/00280-584,SILENCIADOR ZANELLA SOL PLUS/NEW FIREPLUS 5T CUADR TUBOSIL,0,27185.239521,OTROS,ZANELLA,SOL
1443/00304-555,SILENCIADOR ZANELLA ZB 110 D CAPTOR SPR,0,66529.540836,OTROS,ZANELLA,ZB 110
1443/00303-150,SILENCIADOR ZANELLA ZB110 CROMADO CROMOFORTE,48.79515179834105,0,OTROS,ZANELLA,ZB110
1443/00303-555,SILENCIADOR ZANELLA ZB110 CROMADO SPR,0,95504.874201,OTROS,ZANELLA,ZB110
1443/00750-077,SILENCIADOR ZANELLA ZTT200 MOD.VIEJO Y GIII NSU,75.86424338546935,0,OTROS,ZANELLA,UNIVERSAL
1014/00240-085,SILICONA x 240cm3 .,2.634740998349632,0,OTROS,,UNIVERSAL
1014/00400-085,SILICONA x 400 cm3 .,3.17798656501966,0,OTROS,,UNIVERSAL
1002/00180-156,SOLUCION PARA PARCHES 12ML x 12 UNIDADES NSU,3.266214594850045,0,OTROS,,UNIVERSAL
1347/01040-038,SOP. MANIJA EMBRAGUE HONDA NX 200/XL/XLR125 NSU,1.984391305986786,0,OTROS,HONDA,NS 200
1335/00418-527,SOP.MANIJA EMBRAGUE HONDA XLR125CC SOLO EDAR,0,11402.101161,OTROS,HONDA,UNIVERSAL
1755/22060-077,SOP.PEDALIN DEL DER. MOTOMEL CUSTON/CERRO/ZAN 150 NSU,10.44454956434035,0,OTROS,MOTOMEL,NS 150
1347/01100-038,SOPORTE  EMBRAGUE C/MANIJA ZANELLA RX150 NSU,4.779543451372146,0,OTROS,ZANELLA,RX150
1833/00070-022,SOPORTE BALANCIN MOTOS 110CC. x 5 UNIDADES NSU,3.322217433102264,0,OTROS,,UNIVERSAL
1272/00500-566,SOPORTE BAULERA PORTAOBJETO VAM30/45 PARA(819/820) VC,0,9930.873050999999,ACCESORIOS,GILERA,UNIVERSAL
1745/00130-621,SOPORTE CABALLETE HONDA WAVE x5UNID. .,0,6263.642682,OTROS,HONDA,WAVE
1745/00120-621,SOPORTE CABALLETE YAMAHA CRYPTON x5UNID. .,0,5730.105645,OTROS,YAMAHA,CRYPTON
1207/00010-566,SOPORTE CANASTO CHAPA CON ROSCA VC,0,4669.343414999999,OTROS,GILERA,UNIVERSAL
1001/01055-022,SOPORTE CELULAR AGARRE ACOLCHADO ANTI SHOCK AUTO NSU,2.773407325376988,0,OTROS,,UNIVERSAL
1347/00620-022,SOPORTE DE ESPEJO ZANELLA RX 150 DER/IZQ  x 2UNID. NSU,3.678477442123261,0,OTROS,ZANELLA,NS 150
1347/00029-077,SOPORTE DER. ESP.10 MM. CROMADO HONDA DAX C/MANIJA NSU,4.11404820092125,0,OTROS,HONDA,UNIVERSAL
1347/00029-038,SOPORTE DER. ESP.10 MM. CROMADO HONDA DAX C/MANIJA NSU,4.109756495660878,0,OTROS,HONDA,UNIVERSAL
1347/00032-077,SOPORTE DER. ESP.10MM NEGRO HONDA DAX C/MANIJA NSU,4.829911639195935,0,OTROS,HONDA,UNIVERSAL
1347/00224-022,SOPORTE ESP. EMBRAGUE/FRENO YAMAHA/HONDA xJGO NSU,5.435883449776841,0,OTROS,HONDA,UNIVERSAL
1347/00150-038,SOPORTE ESPEJO CORTO HONDA BIZZ 10MM DER. NSU,1.464122387243271,0,OTROS,HONDA,BIZ
1347/00026-515,SOPORTE ESPEJO GILERA SMASH 110 x10 unid. BUHO,0,14795.550396,OTROS,GILERA,SMASH
1347/00037-621,SOPORTE ESPEJO GILERA SMASH REFORZ.x5unid. .,0,6844.0383,OTROS,GILERA,SMASH
1347/00160-022,SOPORTE ESPEJO LARGO HONDA WAVE 10MM.DER. NSU,1.6940226270817,0,OTROS,HONDA,WAVE
1347/01080-022,SOPORTE ESPEJO YAMAHA FZ 16 C/BULBO NSU,1.709340588853776,0,ELECTRICIDAD,YAMAHA,FZ16
1481/00015-077,SOPORTE FAROL DEL. HONDA DAX 110 NEGRO NSU,10.78342449840004,0,MOTOR,HONDA,NS 110
1481/00030-566,SOPORTE FAROL DEL. ZANELLA 50 V3 VC,0,2900.31192,MOTOR,GILERA / ZANELLA,50
1481/00065-022,SOPORTE FAROL GIRO HONDA WAVE M/N NSU,9.680184950738674,0,MOTOR,HONDA,WAVE
1481/00013-150,SOPORTE FAROL HONDA TITAN 150 04/08 CROMOFORTE,9.383379337283136,0,MOTOR,HONDA,TITAN
1481/00060-040,SOPORTE FAROL TRAS. SUZUKI AX 100  NSU,1.403346496019851,0,MOTOR,SUZUKI,100
1347/01090-038,SOPORTE FRENO C/ MANIJA GILERA SMASH NSU,4.464919000296594,0,OTROS,GILERA,SMASH
1533/00010-566,SOPORTE GUARDABARRO ZANELLA POCKET VC,0,2697.676245,CARROCERÍA,GILERA / ZANELLA,UNIVERSAL
1347/00033-022,SOPORTE IZQ. ESP. 10MM C/MANIJA NEGRA UNIV. NSU,3.825201422218895,0,OTROS,,UNIVERSAL
1347/00031-022,SOPORTE IZQ.MOTOMEL CUSTOM 150 C/BULBO EMB.CROMADO NSU,3.995589329152336,0,ELECTRICIDAD,MOTOMEL,NS 150
1347/00027-022,SOPORTE IZQ.MOTOMEL CUSTOM 150 C/BULBO EMBRAGUE NSU,3.886449314165497,0,ELECTRICIDAD,MOTOMEL,NS 150
1347/00152-022,SOPORTE MANIJA DE EMBRAGUE YAMAHA YBR 125 NSU,4.113947540309773,0,OTROS,YAMAHA,YBR125
1347/01060-038,SOPORTE MANIJA EMBRAGUE HONDA CBX 250 TWISTER NSU,1.700987062843666,0,OTROS,HONDA,TWISTER
1347/01012-038,SOPORTE MANIJA EMBRAGUE HONDA CG 150 NEW TITAN NSU,1.469397274944763,0,OTROS,HONDA,CG150 / TITAN
1347/01010-038,SOPORTE MANIJA EMBRAGUE HONDA CG FAN NSU,1.469397274944763,0,OTROS,HONDA,CG
1347/00153-022,SOPORTE MANIJA EMBRAGUE HONDA TORNADO NSU,2.59007889224865,0,OTROS,HONDA,TORNADO
1347/01020-038,SOPORTE MANIJA EMBRAGUE TITAN 96/99 NSU,2.582093037493514,0,OTROS,HONDA,TITAN
1347/01030-038,SOPORTE MANIJA EMBRAGUE TODAY H96 NSU,3.719413335050341,0,OTROS,,UNIVERSAL
1347/01000-038,SOPORTE MANIJA FRENO HONDA CG FAN NSU,1.669792684305954,0,FRENOS,HONDA,CG
1347/01050-038,SOPORTE MANIJA FRENO HONDA XLR /NXR BROSS NSU,2.112686393743515,0,FRENOS,HONDA,XR
1647/00006-514,SOPORTE MANUBRIO HONDA DAX 110 BRN,0,14663.158488,OTROS,HONDA,110
1647/00006-077,SOPORTE MANUBRIO HONDA DAX 110 NSU,15.89933034186974,0,OTROS,HONDA,NS 110
1001/01050-022,SOPORTE PARA CELULAR AGARRE ACOLCHADO ANTI SHOCK NSU,2.903944177651348,0,OTROS,,UNIVERSAL
1001/01058-156,SOPORTE PARA CELULAR DE CHAPA PARA ESPEJO NSU,3.689464896872177,0,OTROS,,UNIVERSAL
1751/00037-079,SOPORTE PEDALIN DEL. ZANELLA CUSTOM 150 JGO. .,16.80368714466424,0,OTROS,ZANELLA,150
1755/22030-624,SOPORTE PEDALIN TRAS DER ZANELLA RX 150 C/PEDALIN TREBOL,0,2358.679257,OTROS,ZANELLA,150
1755/22030-566,SOPORTE PEDALIN TRAS DER ZANELLA RX 150 C/PEDALIN VC,0,16165.975221,OTROS,GILERA / ZANELLA,VC 150
1755/22032-566,SOPORTE PEDALIN TRAS DER/IZQ ZANELLA RX 150 C/PED VC,0,53258.28116400001,OTROS,GILERA / ZANELLA,VC 150
1755/22020-566,SOPORTE PEDALIN TRAS IZQ  ZANELLA RX 150 C/PEDALIN VC,0,27220.777947,OTROS,GILERA / ZANELLA,VC 150
1755/22015-022,SOPORTE PEDALIN TRAS. C/ PEDALIN. GILE SMASH xJGO. NSU,14.30076063578722,0,OTROS,GILERA,SMASH
1755/22010-077,SOPORTE PEDALIN TRAS. DER.GILERA SMASH NSU,12.84232497562908,0,OTROS,GILERA,SMASH
1755/22017-022,SOPORTE PEDALIN TRAS. HONDA NEW WAVExJGO. NSU,13.62488870459496,0,OTROS,HONDA,WAVE
1755/22014-022,SOPORTE PEDALIN TRAS. HONDA WAVE 110S xJGO. NSU,18.52164819921616,0,OTROS,HONDA,WAVE110
1755/22000-077,SOPORTE PEDALIN TRAS. IZQ.GILERA SMASH NSU,12.84232497562908,0,OTROS,GILERA,SMASH
1755/22016-077,SOPORTE PEDALIN TRAS. MOTOMEL CG 150 xJGO. NSU,13.37912954654681,0,OTROS,HONDA / MOTOMEL,CG150
1755/25000-077,SOPORTE PEDALIN TRAS. YAMAHA FZ16 x JGO. NSU,50.75275433619636,0,OTROS,YAMAHA,FZ16
1755/22023-022,SOPORTE PEDALIN TRAS. YAMAHA NEW CRYPTON xJGO. NSU,17.8960363626067,0,OTROS,YAMAHA,CRYPTON
1755/22029-077,SOPORTE PEDALIN TRAS. ZANELLA RX 150 xJGO. NSU,24.18096847864609,0,OTROS,ZANELLA,NS 150
1755/22021-077,SOPORTE PEDALIN TRAS.MOTOMEL ECO 110 xJGO. NSU,43.86679950446909,0,OTROS,MOTOMEL,NS 110
1755/22019-077,SOPORTE PEDALIN TRAS.MOTOMEL FUSSION xJGO. NSU,24.73940268147827,0,OTROS,MOTOMEL,UNIVERSAL
1647/00019-077,SOPORTE SUP. MANUBRIO MOTOMEL SKUA x2 NSU,2.853496442523062,0,OTROS,MOTOMEL,UNIVERSAL
1871/00010-566,SOPORTE TAPA VENTILADOR ZANELLA DUE VC,0,2893.039578,OTROS,GILERA / ZANELLA,DUE
1871/00010-505,SOPORTE TAPA VENTILADOR ZANELLA DUE ZAN,0,1802.511711,OTROS,ZANELLA,DUE
1647/08200-560,SOPORTE TRAVESAÑO MANUBRIO 19.5CM ALUMINIO MDA,0,14407.460199,OTROS,,UNIVERSAL
1647/08201-560,SOPORTE TRAVESAÑO MANUBRIO 19.5CM NEGRO MDA,0,14407.460199,OTROS,,UNIVERSAL
1647/08210-560,SOPORTE TRAVESAÑO MANUBRIO 28CM ALUMINIO MDA,0,15355.942173,OTROS,,UNIVERSAL
1871/00030-566,SOPORTE VENTILADOR ZANELLA V3 VC,0,2893.039578,OTROS,GILERA / ZANELLA,UNIVERSAL
1447/00060-555,"SORDINA SPR PARA TUBO 1 7/8"" SPR",0,9970.743519,OTROS,,UNIVERSAL
1447/00070-555,"SORDINA SPR PARA TUBO 2"" SPR",0,9970.743519,OTROS,,UNIVERSAL
1081/00040-566,SUNCHO BATERIA GILERA SMASH VC,0,1095.35976,BATERÍAS,GILERA,SMASH
1561/01010-627,SUPLEMENTO BASE DE CILINDRO MOTOS 150/200 0.10MM JUNTAS ALFA,0,2672.83071,MOTOR,,150
1561/01015-627,SUPLEMENTO BASE DE CILINDRO MOTOS 150/200 0.15MM JUNTAS ALFA,0,2672.83071,MOTOR,,150
1561/01020-627,SUPLEMENTO BASE DE CILINDRO MOTOS 150/200 0.20MM JUNTAS ALFA,0,3439.621746,MOTOR,,150
1561/01030-627,SUPLEMENTO BASE DE CILINDRO MOTOS 150/200 0.30MM JUNTAS ALFA,0,4019.164677000001,MOTOR,,150
1559/00002-038,TABLERO COMPL. APPIA BRESSA EURO 150 NSU,112.0172358473596,0,ELECTRICIDAD,APPIA,NS 150
1559/00011-038,TABLERO COMPL. BAJAJ ROUSER 135 NSU,67.50692392431866,0,ELECTRICIDAD,BAJAJ,ROUSER
1559/00125-038,TABLERO COMPL. BRAVA TEXANA 200 NSU,73.15627948778115,0,ELECTRICIDAD,BRAVA,NS 200
1559/00017-038,TABLERO COMPL. CORVEN HUNTER 150 R1 NSU,36.29984096317292,0,ELECTRICIDAD,CORVEN,NS 150
1559/00018-038,TABLERO COMPL. CORVEN HUNTER 200 NSU,66.76750747826271,0,ELECTRICIDAD,CORVEN,NS 200
1559/00019-038,TABLERO COMPL. GILERA SMASH 2022 NSU,18.14992048158646,0,ELECTRICIDAD,GILERA,SMASH
1559/00006-038,TABLERO COMPL. GILERA SMASH NSU,17.06092525269127,0,ELECTRICIDAD,GILERA,SMASH
1559/00007-038,TABLERO COMPL. GILERA SMASH REVOLUTION/BIZ 125 M/V NSU,27.467304219841,0,ELECTRICIDAD,GILERA,SMASH
1559/00009-038,TABLERO COMPL. GILERA SMASH TUNNING NSU,41.68433903590404,0,ELECTRICIDAD,GILERA,SMASH
1559/00015-077,TABLERO COMPL. GUERRERO 100 NSU NSU,19.19065285065037,0,ELECTRICIDAD,,100
1559/00015-038,TABLERO COMPL. GUERRERO 100 NSU NSU,22.82080606381743,0,ELECTRICIDAD,,100
1559/00004-038,TABLERO COMPL. HONDA BIZ NSU,20.7149771218071,0,ELECTRICIDAD,HONDA,BIZ
1559/00022-038,TABLERO COMPL. HONDA CBX250 NSU,83.48963421529771,0,ELECTRICIDAD,HONDA,CB
1559/00026-038,TABLERO COMPL. HONDA CG125 FAN NSU,18.98150760101967,0,ELECTRICIDAD,HONDA,CG125
1559/00035-038,TABLERO COMPL. HONDA CG150 NSU,15.97193002379608,0,ELECTRICIDAD,HONDA,CG150
1559/00031-038,TABLERO COMPL. HONDA CG150 TITAN NEW 2018 NSU,78.77065489008521,0,ELECTRICIDAD,HONDA,CG150 / TITAN
1559/00044-038,TABLERO COMPL. HONDA STORM NSU,26.21574514360348,0,ELECTRICIDAD,HONDA,UNIVERSAL
1559/00043-038,TABLERO COMPL. HONDA TITAN 2000 NSU,15.36209269561478,0,ELECTRICIDAD,HONDA,TITAN
1559/00046-038,TABLERO COMPL. HONDA TORNADO NSU,68.11313770509281,0,ELECTRICIDAD,HONDA,TORNADO
1559/00012-038,TABLERO COMPL. HONDA WAVE 110 S NSU,13.74553977805481,0,ELECTRICIDAD,HONDA,WAVE110
1559/00010-038,TABLERO COMPL. HONDA WAVE/GUERRERO 100 NSU,11.61594910821533,0,ELECTRICIDAD,HONDA,WAVE
1559/00150-038,TABLERO COMPL. HONDA XR 150L NSU,20.20449148010204,0,ELECTRICIDAD,HONDA,XR
1559/00045-038,TABLERO COMPL. HONDA XRL 125 BROSS/XR125/XRL250L NSU,17.69980245364311,0,ELECTRICIDAD,HONDA,XR 125
1559/00047-038,TABLERO COMPL. LANYIN 80-YAMAHA V80 NSU,22.93174833233919,0,ELECTRICIDAD,YAMAHA,80
1559/00033-038,TABLERO COMPL. MOTOMEL BLITZ 110 TUNNING V8 NSU,19.03563660108787,0,ELECTRICIDAD,MOTOMEL,BLITZ
1559/00061-038,TABLERO COMPL. MOTOMEL DAKAR 200 NSU,19.99143685345708,0,ELECTRICIDAD,MOTOMEL,NS 200
1559/00100-038,TABLERO COMPL. MOTOMEL FUSSION 110/ZB 110 G1 NSU,14.87783357730475,0,ELECTRICIDAD,MOTOMEL,NS 110
1559/00059-038,TABLERO COMPL. MOTOMEL MOTARD 200 NSU,20.14641173456097,0,ELECTRICIDAD,MOTOMEL,NS 200
1559/00058-022,TABLERO COMPL. MOTOMEL RD200 NSU,35.96285651355574,0,ELECTRICIDAD,MOTOMEL,UNIVERSAL
1559/00076-038,TABLERO COMPL. MOTOMEL S2 DIGITAL 2024 NSU,56.69956876145555,0,ELECTRICIDAD,MOTOMEL,UNIVERSAL
1559/00074-038,TABLERO COMPL. MOTOMEL S2 NEW 2020 NSU,19.36959513794906,0,ELECTRICIDAD,MOTOMEL,UNIVERSAL
1559/00055-038,TABLERO COMPL. MOTOMEL S2/S3 ZANELLA RX125/ VC150 NSU,31.61474148952606,0,ELECTRICIDAD,GILERA / MOTOMEL / ZANELLA,UNIVERSAL
1559/00066-038,TABLERO COMPL. MOTOMEL S3 NSU,28.31387595127487,0,ELECTRICIDAD,MOTOMEL,UNIVERSAL
1559/00073-038,TABLERO COMPL. MOTOMEL SKUA 150 M/NUEVO NSU,17.78692207195473,0,ELECTRICIDAD,MOTOMEL,SKUA150
1559/00062-038,TABLERO COMPL. MOTOMEL SKUA 150 NSU,17.36584391678192,0,ELECTRICIDAD,MOTOMEL,SKUA150
1559/00067-038,TABLERO COMPL. MOTOMEL SKUA 150/200 V6 NSU,17.86678172207371,0,ELECTRICIDAD,MOTOMEL,SKUA150
1559/00051-038,TABLERO COMPL. MOTOMEL SKUA 200/XPLORA 250 NSU,15.46373225031166,0,ELECTRICIDAD,MOTOMEL,SKUA200
1559/00103-038,TABLERO COMPL. MOTOMEL SKUA NEW NSU,17.96842127677059,0,ELECTRICIDAD,MOTOMEL,UNIVERSAL
1559/00057-077,TABLERO COMPL. MOTOMEL VC200R NSU,139.5054615208631,0,ELECTRICIDAD,GILERA / MOTOMEL,UNIVERSAL
1559/00056-022,TABLERO COMPL. MOTOMEL VX150 SCOOTER NSU,20.18157280179155,0,ELECTRICIDAD,MOTOMEL,UNIVERSAL
1559/00060-038,TABLERO COMPL. SUZUKI AX100 NSU,8.682921958390962,0,ELECTRICIDAD,SUZUKI,AX100
1559/00064-038,TABLERO COMPL. SUZUKI EN 125 NSU,37.05003767641182,0,ELECTRICIDAD,SUZUKI,NS 125
1559/00063-038,TABLERO COMPL. SUZUKI GN 125 NSU,21.64922515043633,0,ELECTRICIDAD,SUZUKI,NS 125
1559/00071-038,TABLERO COMPL. YAMAHA 125 FACTOR 2012/13 NSU,23.7401396365822,0,ELECTRICIDAD,YAMAHA,NS 125
1559/00069-038,TABLERO COMPL. YAMAHA CRYPTON M/NUEVO NSU,14.8829347949009,0,ELECTRICIDAD,YAMAHA,CRYPTON
1559/00068-038,TABLERO COMPL. YAMAHA CRYPTON NSU,11.61594910821533,0,ELECTRICIDAD,YAMAHA,CRYPTON
1559/00070-038,TABLERO COMPL. YAMAHA DT125 NSU,38.24448789356995,0,ELECTRICIDAD,YAMAHA,UNIVERSAL
1559/00084-038,TABLERO COMPL. YAMAHA FAZER YS 250 NSU,75.01967132389069,0,ELECTRICIDAD,YAMAHA,FAZER 250
1559/00072-038,TABLERO COMPL. YAMAHA FZ 16 NSU,67.02208091587258,0,ELECTRICIDAD,YAMAHA,FZ16
1559/00075-038,TABLERO COMPL. YAMAHA XTZ 125 NSU,32.83919450520307,0,ELECTRICIDAD,YAMAHA,XTZ125
1559/00081-038,TABLERO COMPL. YAMAHA YBR 125 CHINO ELECTRONICO NSU,25.40988867422104,0,ELECTRICIDAD,YAMAHA,YBR125
1559/00079-038,TABLERO COMPL. YAMAHA YBR 125 Z NSU,41.18821954621353,0,ELECTRICIDAD,YAMAHA,YBR125
1559/00080-038,TABLERO COMPL. YAMAHA YBR 125K BRASILERO C/MARCADO NSU,20.27951115142594,0,ELECTRICIDAD,YAMAHA,YBR125
1559/00083-022,TABLERO COMPL. YAMAHA YBR 250 NSU,168.4920762926563,0,ELECTRICIDAD,YAMAHA,YBR
1559/00083-038,TABLERO COMPL. YAMAHA YBR 250 NSU,168.4547087923794,0,ELECTRICIDAD,YAMAHA,YBR
1559/00082-022,TABLERO COMPL. ZANELLA HJ 125 A TRIPA NSU,47.19105718695726,0,ELECTRICIDAD,ZANELLA,NS 125
1559/00099-038,TABLERO COMPL. ZANELLA RX 150 BLANCO A TRIPA NSU,43.8670795086047,0,ELECTRICIDAD,ZANELLA,NS 150
1559/00097-038,TABLERO COMPL. ZANELLA RX 150 BLANCO NSU,23.41339742124653,0,ELECTRICIDAD,ZANELLA,NS 150
1559/00098-038,TABLERO COMPL. ZANELLA RX 150 NEGRO NSU,32.88765591263466,0,ELECTRICIDAD,ZANELLA,NS 150
1559/00130-038,TABLERO COMPL. ZANELLA RX 150 Z7 NSU,22.86889980679894,0,ELECTRICIDAD,ZANELLA,NS 150
1559/00090-038,TABLERO COMPL. ZANELLA SEXY NSU,17.30758723100398,0,ELECTRICIDAD,ZANELLA,UNIVERSAL
1559/00095-038,TABLERO COMPL. ZANELLA VENTO NSU,96.12730302226124,0,ELECTRICIDAD,ZANELLA,UNIVERSAL
1549/00007-566,TABLERO PORTA INSTRUMENTAL GILERA SMASH GRIS VC,0,3982.04829,ELECTRICIDAD,GILERA,SMASH
1549/00008-566,TABLERO PORTA INSTRUMENTAL GILERA SMASH NEGRO VC,0,3982.038489,ELECTRICIDAD,GILERA,SMASH
1549/00200-150,TABLERO PORTA INSTRUMENTAL HONDA TITAN 150 SUP. CROMOFORTE,17.85991093997317,0,ELECTRICIDAD,HONDA,TITAN
1549/00700-566,TABLERO PORTA INSTRUMENTAL HONDA WAVE M/V NEGRO VC,0,3982.04829,ELECTRICIDAD,GILERA / HONDA,WAVE
1549/00010-040,TABLERO PORTA INSTRUMENTAL SUZUKI AX100  NSU,13.58077254212759,0,ELECTRICIDAD,SUZUKI,AX100
1001/00730-591,TACOMETRO DIGIT 4T MONOCIL DIAM 8CM FDO BLANCO APOLO,0,94792.537521,LUBRICANTES,,UNIVERSAL
1867/00015-621,TAMBOR VARILLA DE FRENO 11MM SMASHx30UNID. .,0,18914.900895,OTROS,GILERA,SMASH
1867/00018-621,TAMBOR VARILLA DE FRENO 12MMx30UNID. .,0,20210.103045,OTROS,,UNIVERSAL
1777/00005-566,TANQUE NAFTA GILERA SMASH VC,0,21321.938286,OTROS,GILERA,SMASH
1777/00017-038,TANQUE NAFTA HONDA WAVE 110S NSU,15.12475607881851,0,OTROS,HONDA,WAVE110
1777/00015-022,TANQUE NAFTA SUZUKI AX 100 C/TAPA Y CANILLA H ROJO NSU,59.03806371333356,0,OTROS,SUZUKI,100
1777/00028-077,TANQUE NAFTA YAMAHA FZ16 NSU,112.4246700223621,0,OTROS,YAMAHA,FZ16
1783/00005-022,TAPA CABEZA DE CILINDRO HONDA CG125 NSU,7.339000519968683,0,MOTOR,HONDA,CG125
1783/00016-022,TAPA CILINDRO HONDA DAX 110 BALANCINES NSU,2.335321488854827,0,MOTOR,HONDA,NS 110
1783/00014-077,TAPA CILINDRO HONDA DAX 110 BOMBA DE ACEITE NSU,2.383669140749162,0,LUBRICANTES,HONDA,NS 110
1783/00030-565,TAPA CILINDRO MORINI PEIX,0,9124.731,MOTOR,,UNIVERSAL
1082/00005-566,TAPA CUBRE BATERIA GILERA SMASH VC,0,2846.200599,BATERÍAS,GILERA,SMASH
1082/00014-057,TAPA CUBRE BATERIA HONDA NH100 AZUL REGENT,1.631753457160337,0,BATERÍAS,HONDA,UNIVERSAL
1082/00010-057,TAPA CUBRE BATERIA HONDA NH100 ROJO REGENT,1.631753457160337,0,BATERÍAS,HONDA,UNIVERSAL
1785/00005-022,TAPA DE MOTOR REDONDA GILERA SMASH NSU,4.508938203361227,0,OTROS,GILERA,SMASH
1883/00065-022,TAPA DISTRIBUCION CARTER GILERA SMASH NSU,2.243368026346207,0,OTROS,GILERA,SMASH
1787/00005-077,TAPA LADO PATADA GILERA SMASH-C100 BIZ NSU,21.602139075,0,OTROS,GILERA / HONDA,SMASH
1787/00009-077,TAPA LADO PATADA HONDA DAX110/MAX110/DAY110 NSU,28.5020624746355,0,OTROS,HONDA,UNIVERSAL
1787/00025-022,TAPA LADO PATADA YAMAHA YBR NSU,68.82921329709238,0,OTROS,YAMAHA,YBR
1787/00100-077,TAPA LADO PATADA ZANELLA RX 150 CROMADA DECORATIVA NSU,3.050968719735512,0,OTROS,ZANELLA,NS 150
1787/00110-077,TAPA LADO PATADA ZANELLA RX 150 NSU,28.45420509195167,0,OTROS,ZANELLA,NS 150
1789/00005-077,TAPA LADO VOLANTE GILERA SMASH-C100 BIZ NSU,14.41979173618801,0,OTROS,GILERA / HONDA,SMASH
1789/00011-077,TAPA LADO VOLANTE HONDA DAX110/MAX110/DAY110 NSU,13.0437428527668,0,OTROS,HONDA,UNIVERSAL
1789/00016-077,TAPA LADO VOLANTE MOTOMEL CUSTOM 200 NSU,13.10908256650051,0,OTROS,MOTOMEL,NS 200
1789/00018-077,TAPA LADO VOLANTE MOTOMEL S2/S3 OVALADA CHICA x2u NSU,4.552035218931199,0,OTROS,MOTOMEL,UNIVERSAL
1789/00100-077,TAPA LADO VOLANTE ZANELLA RX 150 CROMADA DECORATIV NSU,3.448450047896575,0,OTROS,ZANELLA,NS 150
1789/00003-077,TAPA LADO VOLANTE ZANELLA ZB 110 A PLAQUETA NSU,14.77602982332651,0,OTROS,ZANELLA,NS 110
1274/00228-150,TAPA LATERAL DER/IZQ HONDA FAN 125 NEGRO CROMOFORTE,13.57259436211556,0,OTROS,HONDA,FAN 125
1863/00050-019,TAPA MEDIA POLEA VARIADOR YAMAHA JOG  TERCOM,10.83774905506705,0,OTROS,YAMAHA,UNIVERSAL
1204/00500-566,TAPA PUNTERA PROTECTOR ESCAPE SIL. YAMAHA FZ16 VC,0,12200.353407,OTROS,GILERA / YAMAHA,FZ16
1793/00020-038,TAPA REGISTRO VALVULA HONDA C90 MOTOS110CC FUNDIC NSU,1.585086293799591,0,MOTOR,HONDA,C90
1793/00010-038,TAPA REGISTRO VALVULA HONDA CG125-CUSTOM150CROMADA NSU,0.9317026815164565,0,MOTOR,HONDA,CG125
1793/00050-038,TAPA REGISTRO VALVULA YAMAHA CRYPTON NSU,1.783507561980057,0,MOTOR,YAMAHA,CRYPTON
1793/00060-038,TAPA REGISTRO VALVULA YAMAHA YBR 125 NSU,2.214320356713868,0,MOTOR,YAMAHA,YBR125
1793/00100-022,TAPA REGISTRO VALVULA ZANELLA REVOLUTION x2unid. NSU,1.899737644777422,0,MOTOR,ZANELLA,UNIVERSAL
1799/00011-505,TAPA TANQUE ACEITE ZANELLA/JUKI ZAN,0,88.071786,LUBRICANTES,ZANELLA,UNIVERSAL
1791/00144-038,TAPA TANQUE DAKAR 200 NSU,4.224517165466194,0,OTROS,,NS 200
1791/00006-038,TAPA TANQUE NAFTA BAJAJ ROUSER NS200 NSU,12.93499732294521,0,OTROS,BAJAJ,NS200 / ROUSER
1791/00060-566,TAPA TANQUE NAFTA GARELLI VC,0,776.1803940000001,OTROS,GILERA,UNIVERSAL
1791/00065-038,TAPA TANQUE NAFTA GILERA SMASH-BIZ-ZB110-DAX70 NSU,1.171568679131985,0,OTROS,GILERA,SMASH / ZB110
1791/00065-566,TAPA TANQUE NAFTA GILERA SMASH-BIZ-ZB110-DAX70 VC,0,1188.871101,OTROS,GILERA,SMASH / ZB110
1791/00095-022,TAPA TANQUE NAFTA H.TITAN2000/CD-100/CB-250 NSU,5.142432814671993,0,OTROS,,TITAN
1791/00095-038,TAPA TANQUE NAFTA H.TITAN2000/CD-100/CB-250 NSU,5.14234208184271,0,OTROS,,TITAN
1791/00070-038,TAPA TANQUE NAFTA HONDA C-90 ECONO POWER NSU,1.303789360008065,0,OTROS,HONDA,C90
1791/00080-038,TAPA TANQUE NAFTA HONDA CG125/TODAY NSU,4.52542316569519,0,OTROS,HONDA,CG125
1791/00094-057,TAPA TANQUE NAFTA HONDA NH 100 REGENT,1.5034132976084,0,OTROS,HONDA,100
1791/00098-077,TAPA TANQUE NAFTA HONDA WAVE 2014 NSU,1.711223535010586,0,OTROS,HONDA,WAVE
1791/00148-038,TAPA TANQUE NAFTA SUZUKI AN125 NSU,8.182839172427903,0,OTROS,SUZUKI,UNIVERSAL
1791/00160-038,TAPA TANQUE NAFTA SUZUKI AX 100 CUADRADA NSU,4.591866484202385,0,OTROS,SUZUKI,100
1791/00150-038,TAPA TANQUE NAFTA SUZUKI AX 100 REDONDA NSU,3.339585368611908,0,OTROS,SUZUKI,100
1791/00010-536,TAPA TANQUE NAFTA UNIVERSAL AF,0,1161.134271,OTROS,,UNIVERSAL
1791/00010-566,TAPA TANQUE NAFTA UNIVERSAL VC,0,664.4587950000001,OTROS,GILERA,UNIVERSAL
1791/00175-038,TAPA TANQUE NAFTA YAMAHA FZ16 NSU,5.85895543868374,0,OTROS,YAMAHA,FZ16
1791/00230-038,TAPA TANQUE NAFTA ZANELLA RX150 MOD/NUEVO/STORM NSU,8.17707971129837,0,OTROS,ZANELLA,RX150
1791/00210-566,TAPA TANQUE NAFTA ZANELLA SOL TOP VC,0,1107.032751,OTROS,GILERA / ZANELLA,SOL
1791/00190-566,TAPA TANQUE NAFTA ZANELLA SOL VC,0,664.4587950000001,OTROS,GILERA / ZANELLA,SOL
1791/00151-038,TAPA TANQUE SUZUKI GN 125 NSU,4.346966938378258,0,OTROS,SUZUKI,NS 125
1791/00185-038,TAPA TANQUE YAMAHA YBR 125 BRASIL NSU,4.62821601081133,0,OTROS,YAMAHA,YBR125
1791/00186-038,TAPA TANQUE YAMAHA YBR 125 NSU,5.390540137085724,0,OTROS,YAMAHA,YBR125
1267/00200-566,TAPA TRABA ASIENTO GILERA SMASH/BIZ VC,0,1660.19139,TORNILLERÍA Y FIJACIONES,GILERA,SMASH
1274/00219-566,TAPA UNION CARENADO TRAS.(COLIN) YAMAHA CRYPT.NEG. VC,0,3475.581615000001,OTROS,GILERA / YAMAHA,UNIVERSAL
1875/00010-566,TAPA VENTILADOR CHICO ZANELLA DUE VC,0,2245.869747,OTROS,GILERA / ZANELLA,DUE
1875/00010-505,TAPA VENTILADOR CHICO ZANELLA DUE ZAN,0,2046.752631,OTROS,ZANELLA,DUE
1875/00020-566,TAPA VENTILADOR GRANDE ZANELLA V3 VC,0,2245.869747,OTROS,GILERA / ZANELLA,UNIVERSAL
1875/00030-505,TAPA VENTILADOR ZANELLA SOL ARR.ELECTRICO ZAN,0,1880.596278,OTROS,ZANELLA,SOL
1273/00310-566,TAPAS CARBURADOR HONDA STORM xJGO. NEGRA VC,0,3005.858889,ALIMENTACIÓN / CARBURACIÓN,GILERA / HONDA,UNIVERSAL
1799/00005-038,TAPON ACEITE BAJAJ ROUSER NS200 NSU,0.7744088592121126,0,LUBRICANTES,BAJAJ,NS200 / ROUSER
1799/00035-536,TAPON ACEITE CON INDICADOR GILERA SMASH AF,0,1221.606441,LUBRICANTES,GILERA,SMASH
1801/00004-077,TAPON ACEITE CON INDICADOR GILERA SMASH CROMADO NSU,0.5081916502896309,0,LUBRICANTES,GILERA,SMASH
1801/00004-022,TAPON ACEITE CON INDICADOR GILERA SMASH CROMADO NSU,0.5082106484571933,0,LUBRICANTES,GILERA,SMASH
1799/00035-566,TAPON ACEITE CON INDICADOR GILERA SMASH VC,0,1376.393634,LUBRICANTES,GILERA,SMASH
1799/00040-566,TAPON ACEITE CON INDICADOR HONDA  VC,0,911.0715570000001,LUBRICANTES,GILERA / HONDA,UNIVERSAL
1801/00008-077,TAPON ACEITE CON INDICADOR HONDA DAX 110-SEXY 110 NSU,0.5081916502896309,0,LUBRICANTES,HONDA,NS 110
1801/00011-038,TAPON ACEITE CON INDICADOR HONDA WAVE110 S NSU,0.45740041875,0,LUBRICANTES,HONDA,WAVE110
1801/00020-077,TAPON ACEITE CON INDICADOR MOTOMEL CUSTOM/CERRO/ZA NSU,0.5081916502896309,0,LUBRICANTES,MOTOMEL,UNIVERSAL
1801/00009-077,TAPON ACEITE CON INDICADOR MOTOMEL FUSION NSU,0.7259894837677002,0,LUBRICANTES,MOTOMEL,UNIVERSAL
1799/00060-566,TAPON ACEITE CON INDICADOR YAMAHA 125 VC,0,911.0715570000001,LUBRICANTES,GILERA / YAMAHA,VC 125
1801/00080-038,TAPON ACEITE CON INDICADOR YAMAHA FZ16 NSU,0.8374342068357468,0,LUBRICANTES,YAMAHA,FZ16
1801/00065-038,TAPON ACEITE CON INDICADOR YAMAHA YBR125 NSU,0.936779597946167,0,LUBRICANTES,YAMAHA,YBR125
1801/00120-077,TAPON ACEITE CON INDICADOR ZANELLA RX 150 NSU,0.5081916502896309,0,LUBRICANTES,ZANELLA,NS 150
1799/00044-077,TAPON ACEITE DRENAJE/ARANDELA HONDA CG150 NEW x5u NSU,1.943224657082748,0,LUBRICANTES,HONDA,CG150
1799/00046-536,TAPON ACEITE HONDA BROSS AF,0,1221.557436,LUBRICANTES,HONDA,UNIVERSAL
1799/00045-536,TAPON ACEITE HONDA CG 150 AF,0,1221.557436,LUBRICANTES,HONDA,CG150
1799/00090-038,TAPON ACEITE HONDA LX50 NSU,2.509794474932587,0,LUBRICANTES,HONDA,UNIVERSAL
1799/00048-536,TAPON ACEITE HONDA TWISTER/TORNADO AF,0,1221.557436,LUBRICANTES,HONDA,TWISTER
1799/00063-077,TAPON ACEITE YAMAHA NEW CRYPTON C/INDICADOR NSU,0.6703370631199266,0,LUBRICANTES,YAMAHA,CRYPTON
1797/00029-621,TAPON CARTER 12MM x 5 unidades .,0,4252.938129,OTROS,,UNIVERSAL
1797/00031-621,TAPON CARTER 14MM x5unid. .,0,5015.024685,OTROS,,UNIVERSAL
1797/00010-566,TAPON CARTER CICLO ZANELLA VC,0,240.996789,OTROS,GILERA / ZANELLA,UNIVERSAL
1797/00040-621,TAPON CARTER YAMAHA YBR125 14x125 x5unid. .,0,5015.024685,OTROS,YAMAHA,YBR125
1799/00065-536,TAPON DE ACEITE CON INDICADOR YAMAHA YBR125 AF,0,1221.557436,LUBRICANTES,YAMAHA,YBR125
1796/00060-621,TAPON DE BARRAL HONDA TITAN 2000 x2unid. .,0,5559.529041,SUSPENSIÓN,HONDA,TITAN
1796/00070-621,TAPON DE BARRAL YAMAHA YBR 125CC x2unid. .,0,5583.796316999999,SUSPENSIÓN,YAMAHA,YBR125
1796/00040-621,TAPON DE BARRAL ZANELLA RX 150 x2unid. .,0,6199.779366,SUSPENSIÓN,ZANELLA,150
1799/00085-077,TAPON DISTRIBUCION GRANDE NSU,2.528660430210114,0,OTROS,,UNIVERSAL
1793/00035-077,TAPON FILTRO ACEITE MOTOMEL SKUA 150 NSU,0.9679902573961258,0,LUBRICANTES,MOTOMEL,SKUA150
1793/00005-077,TAPON INSPECCION Y TAPON CARTER GILERA SMASH KIT NSU,0.8131164375750733,0,OTROS,GILERA,SMASH
1537/00551-138,TARUGO PARA REPARAR NEUMATICO 3.5X200MM x60UNID. .,4.530296596893311,0,OTROS,,UNIVERSAL
1537/00554-022,"TARUGO PARA REPARAR NEUMATICO 5,2x12MM x20UNID. NSU",5.106242635070802,0,OTROS,,UNIVERSAL
1537/00552-022,"TARUGO PARA REPARAR NEUMATICO 6,6X14MM x20UNID. NSU",5.106242635070802,0,OTROS,,UNIVERSAL
1537/00555-138,TARUGO PARA REPARAR NEUMATICO 6X100 x60UNID. .,5.081977734844208,0,OTROS,,UNIVERSAL
1305/02407-667,TCI BETA MOTARD 200 PIETCARD,0,51774.86061,OTROS,BETA,200
1637/00410-038,TECLA ENCENDIDO ON/OFF FAROS AUXILIARES 2 CABLES NSU,1.718175111583557,0,MOTOR,,UNIVERSAL
1165/00202-038,TENSOR BRAZO CADENA DIST. HONDA WAVE 110S NSU,1.621392896355057,0,TRANSMISIÓN,HONDA,WAVE110
1165/00200-022,TENSOR BRAZO CADENA DIST. HONDA WAVE NSU,0.5687030259346961,0,TRANSMISIÓN,HONDA,WAVE
1165/00200-038,TENSOR BRAZO CADENA DIST. HONDA WAVE NSU,0.5613878130841256,0,TRANSMISIÓN,HONDA,WAVE
1165/00050-566,TENSOR CADENA DE TRANSMISION GILERA SMASH CUADRADO VC,0,8906.276511000002,TRANSMISIÓN,GILERA,SMASH
1165/00051-150,TENSOR CADENA DE TRANSMISION HONDA CBX200 CROMOFORTE,8.615262424318189,0,TRANSMISIÓN,HONDA,CB
1165/00052-566,TENSOR CADENA DE TRANSMISION HONDA CG REDONDO VC,0,8906.276511000002,TRANSMISIÓN,GILERA / HONDA,CG
1165/00003-038,TENSOR CADENA DIST HONDA C90/SMASH NSU,0.6446960541732788,0,TRANSMISIÓN,HONDA,SMASH
1165/00007-038,TENSOR CADENA DIST HONDA CBX 200/NX 400/TORNADO NSU,2.102970786466484,0,TRANSMISIÓN,HONDA,TORNADO
1165/00010-038,TENSOR CADENA DIST HONDA NX 150/CBX 150/NX 200 NSU,3.060484732589722,0,TRANSMISIÓN,HONDA,CB 150
1165/00012-038,TENSOR CADENA DIST HONDA TITAN 150KS/ES C/CRIQUE NSU,2.269950054897079,0,TRANSMISIÓN,HONDA,TITAN
1165/00150-038,TENSOR CADENA DIST YAMAHA YBR 125 NSU,2.436929323327675,0,TRANSMISIÓN,YAMAHA,YBR125
1165/00002-038,TENSOR CADENA DIST. BAJAJ ROUSER 135 NSU,2.003751221167144,0,TRANSMISIÓN,BAJAJ,ROUSER
1165/00004-038,TENSOR CADENA DIST. BAJAJ ROUSER NS200 NSU,2.003751221167144,0,TRANSMISIÓN,BAJAJ,NS200 / ROUSER
1165/00210-022,TENSOR CADENA DIST. MOTOMEL CUSTOM/CERRO/ZANELLA 1 NSU,2.48057184375,0,TRANSMISIÓN,MOTOMEL,UNIVERSAL
1165/00210-038,TENSOR CADENA DIST. MOTOMEL CUSTOM/CERRO/ZANELLA 1 NSU,2.4805105875,0,TRANSMISIÓN,MOTOMEL,UNIVERSAL
1165/00107-038,TENSOR CADENA DIST. SUZUKI GIXXER 150 NSU,2.003751221167144,0,TRANSMISIÓN,SUZUKI,GIXXER 150
1165/00106-038,TENSOR CADENA DIST. SUZUKI GN125 NSU,2.061830966708222,0,TRANSMISIÓN,SUZUKI,GN125
1165/00216-038,TENSOR CADENA DIST. YAMAHA CRYPTON NEW NSU,2.136850638032112,0,TRANSMISIÓN,YAMAHA,CRYPTON
1165/00140-038,TENSOR CADENA DIST.YAMAHA FAZER250/YBR250 C/CRIQUE NSU,3.673543905473099,0,TRANSMISIÓN,YAMAHA,YBR
1165/00154-038,TENSOR CADENA DIST.YAMAHA FZ16 NSU,2.003751221167144,0,TRANSMISIÓN,YAMAHA,FZ16
1537/00660-077,TENSOR DE CADENA PARA UNIRLA NSU,13.93937414428711,0,TRANSMISIÓN,,UNIVERSAL
1001/00182-536,TENSOR ELASTICO 8MM X 1.10MT GANCHO NYLON AF,0,2576.016432,OTROS,,UNIVERSAL
1546/00010-566,TERMINALES DE INSTALACION HEMBRA(6.3MM)x100UNID. VC,0,20517.668226,OTROS,GILERA,UNIVERSAL
1001/01060-022,TOMA 12v CON ENCENDEDOR + 1 PUERTO USB 5V C/TECLA NSU,5.287593780550604,0,OTROS,,UNIVERSAL
1243/00030-566,TOPE PALANCA CEBADOR GILERA SMASH VC,0,1007.121357,OTROS,GILERA,SMASH
1777/00200-566,TOPE TANQUE NAFTA ZANELLA RX 150 VC,0,881.8155720000001,OTROS,GILERA / ZANELLA,VC 150
1805/00033-621,TORNILLO 5X15 CROMADO x 30 unid. .,0,3291.509034000001,TORNILLERÍA Y FIJACIONES,,UNIVERSAL
1805/00035-621,TORNILLO 5x20 CROMADO x30 unid. .,0,3524.53761,TORNILLERÍA Y FIJACIONES,,UNIVERSAL
1805/00308-077,"TORNILLO CABEZA CILINDRO 6MM X 35,5MM CROMADOx20UN NSU",0.4285742051922226,0,MOTOR,,UNIVERSAL
1263/00020-533,TORNILLO CEBADOR x10unid. CICLOMEJOR,0,340.986591,TORNILLERÍA Y FIJACIONES,,UNIVERSAL
1807/00029-621,TORNILLO CORONA DISTRIB.GILERA SMASH x50unid. .,0,3924.075375,TRANSMISIÓN,GILERA,SMASH
1807/00011-621,TORNILLO CORONA HONDA CG (x12UNID.) .,0,6560.946216,TRANSMISIÓN,HONDA,CG
1807/00050-621,TORNILLO CORONA HONDA CG TITAN 150 .,0,3580.677738,TRANSMISIÓN,HONDA,TITAN
1807/00060-621,TORNILLO CORONA HONDA NEW WAVE .,0,1387.066923,TRANSMISIÓN,HONDA,WAVE
1807/00070-621,TORNILLO CORONA HONDA XR 250 .,0,3889.909089,TRANSMISIÓN,HONDA,XR 250
1807/00080-621,TORNILLO CORONA YAMAHA FZ16 .,0,2347.329699,TRANSMISIÓN,YAMAHA,FZ16
1263/00070-621,TORNILLO CUBA CARBURADOR SMASH x50UNID. .,0,2554.905078,ALIMENTACIÓN / CARBURACIÓN,GILERA,SMASH
1805/00003-621,TORNILLO DE BARRAL GILERA SMASH x10unid. .,0,9689.886063,SUSPENSIÓN,GILERA,SMASH
1805/00007-621,TORNILLO DE EMBRAGUE GILERA SMASH x50unid. .,0,3203.613666,TORNILLERÍA Y FIJACIONES,GILERA,SMASH
1805/00410-621,TORNILLO DE MULETA GILERA SMASHx10unid. .,0,9932.490216,TORNILLERÍA Y FIJACIONES,GILERA,SMASH
1805/00010-019,TORNILLO FIJACION DEL VARIADOR  AE50  SET TERCOM,1.113653411673556,0,TORNILLERÍA Y FIJACIONES,,UNIVERSAL
1805/00400-515,TORNILLO FIJACION TAPA TRAS.FRENO SMASH/WAVE xunid BUHO,0,1170.425619,TORNILLERÍA Y FIJACIONES,GILERA,SMASH
1816/00035-621,TORNILLO HEXAG 6X35 (FIJAC. MANUBRIO) CG x30 unid. .,0,5376.465963000001,TORNILLERÍA Y FIJACIONES,HONDA,CG
1816/00010-621,TORNILLO HEXAG. 6X10 (ENV.30UNID.) .,0,3692.271924,TORNILLERÍA Y FIJACIONES,,UNIVERSAL
1816/00015-621,TORNILLO HEXAG. 6X15 (TAPA MOTOR TITAN) x30 unid. .,0,4073.609232,TORNILLERÍA Y FIJACIONES,HONDA,TITAN
1816/00020-621,TORNILLO HEXAG. 6X20 (MOTOR 110 SMASH) x30 unid. .,0,4226.38722,TORNILLERÍA Y FIJACIONES,GILERA,SMASH
1816/00025-621,TORNILLO HEXAG. 6X25 (SOP. PAL.FRENO CG) x30 unid. .,0,4534.373844,TORNILLERÍA Y FIJACIONES,HONDA,CG
1816/00030-621,TORNILLO HEXAG. 6X30 (MOTOR SMASH/CG) x30 unid. .,0,5226.18723,TORNILLERÍA Y FIJACIONES,GILERA,SMASH
1816/00040-621,TORNILLO HEXAG. 6X40 (MOTOR SMASH/CG) x30 unid. .,0,5475.407058000001,TORNILLERÍA Y FIJACIONES,GILERA,SMASH
1816/00050-621,TORNILLO HEXAG. 6X50 (MOTOR SMASH) x30 unid. .,0,6840.41193,TORNILLERÍA Y FIJACIONES,GILERA,SMASH
1816/00060-621,TORNILLO HEXAG. 6X60 (TAPA MOTOR CBX/XR) x30 unid. .,0,7514.093465999999,TORNILLERÍA Y FIJACIONES,HONDA,CB
1816/00070-621,TORNILLO HEXAG. 6X70 (MOTOR SMASH) x30 unid. .,0,8369.152308,TORNILLERÍA Y FIJACIONES,GILERA,SMASH
1805/00615-621,TORNILLO HEXAGONAL 6X15 (X30 UNIDADES) .,0,3009.553866,TORNILLERÍA Y FIJACIONES,,UNIVERSAL
1805/00620-621,TORNILLO HEXAGONAL 6X20 (X30 UNIDADES) .,0,3270.348675,TORNILLERÍA Y FIJACIONES,,UNIVERSAL
1805/00630-621,TORNILLO HEXAGONAL 6X30 (X30 UNIDADES) .,0,3662.82972,TORNILLERÍA Y FIJACIONES,,UNIVERSAL
1805/00820-621,TORNILLO HEXAGONAL 8X20 (X30 UNIDADES) .,0,5916.17763,TORNILLERÍA Y FIJACIONES,,UNIVERSAL
1805/00830-621,TORNILLO HEXAGONAL 8X30 (X30 UNIDADES) .,0,6588.438021,TORNILLERÍA Y FIJACIONES,,UNIVERSAL
1805/00835-621,TORNILLO HEXAGONAL 8X35 (X30 UNIDADES) .,0,6713.871219,TORNILLERÍA Y FIJACIONES,,UNIVERSAL
1805/00840-621,TORNILLO HEXAGONAL 8X40 (X 30UNIDADES) .,0,6980.517225,TORNILLERÍA Y FIJACIONES,,UNIVERSAL
1805/00860-621,TORNILLO HEXAGONAL 8X60 (X30UNIDADES) .,0,9602.931591,TORNILLERÍA Y FIJACIONES,,UNIVERSAL
1805/00220-621,TORNILLO LEVA DISTRIB.GILERA SMASH x10UNID. .,0,10126.19718,TORNILLERÍA Y FIJACIONES,GILERA,SMASH
1805/00060-621,TORNILLO LLAVE DE ENCENDIDO GILERA SMASH x50unid. .,0,3359.351556,ELECTRICIDAD,GILERA,SMASH
1805/00017-621,TORNILLO MANIJA DE FRENO HONDA CG TITAN x10unid. .,0,7100.677485,TORNILLERÍA Y FIJACIONES,HONDA,TITAN
1805/00011-621,TORNILLO MANIJA DE FRENO ZAN.RX150/CUSTOMx10unid. .,0,10516.482801,TORNILLERÍA Y FIJACIONES,,RX150
1816/00075-621,TORNILLO MANIJA YAMAHA YBR125 FRENO/EMBRAG x10U .,0,9236.727027,TORNILLERÍA Y FIJACIONES,YAMAHA,YBR125
1805/00110-621,TORNILLO PARA PLASTICOS 5X15 x30UNID. .,0,3289.097988,CARROCERÍA,,UNIVERSAL
1805/00115-621,TORNILLO PARA PLASTICOS 5X20 x30unid. .,0,3522.165768,CARROCERÍA,,UNIVERSAL
1805/00120-621,TORNILLO PARA PLASTICOS GILERA SMASH 6X10 x30unid .,0,3317.158251,CARROCERÍA,GILERA,SMASH
1805/00122-621,TORNILLO PARA PLASTICOS GILERA SMASH 6X15 x30unid. .,0,3523.85154,CARROCERÍA,GILERA,SMASH
1805/00126-621,TORNILLO PARA PLASTICOS GILERA SMASH 6X20 x30unid. .,0,3876.912963,CARROCERÍA,GILERA,SMASH
1805/00128-621,TORNILLO PARA PLASTICOS GILERA SMASH 6X25 x30unid. .,0,4086.115308,CARROCERÍA,GILERA,SMASH
1805/00130-621,TORNILLO PARA PLASTICOS GILERA SMASH 6X30 x30unid. .,0,4653.779427,CARROCERÍA,GILERA,SMASH
1805/00121-621,TORNILLO PARA PLASTICOS NEGRO 6X10 x30unid. .,0,3576.022263,CARROCERÍA,,UNIVERSAL
1805/00123-621,TORNILLO PARA PLASTICOS NEGRO 6X15 x30unid. .,0,3783.215403,CARROCERÍA,,UNIVERSAL
1805/00127-621,TORNILLO PARA PLASTICOS NEGRO 6X20 x30unid. .,0,4042.069614000001,CARROCERÍA,,UNIVERSAL
1805/00129-621,TORNILLO PARA PLASTICOS NEGRO 6X25 x30unid. .,0,4345.214543999999,CARROCERÍA,,UNIVERSAL
1805/00032-621,TORNILLO PARKER 5X15 x50 unid. .,0,3182.48271,TORNILLERÍA Y FIJACIONES,,UNIVERSAL
1805/00034-621,TORNILLO PARKER 5X20 x50 unid. .,0,3351.001104,TORNILLERÍA Y FIJACIONES,,UNIVERSAL
1805/00036-621,TORNILLO PARKER 6x15  x50unid. .,0,4164.787935,TORNILLERÍA Y FIJACIONES,,UNIVERSAL
1805/00037-621,TORNILLO PARKER 6x20  x50unid. .,0,4588.230339000001,TORNILLERÍA Y FIJACIONES,,UNIVERSAL
1806/00140-621,"TORNILLO PERNO CALIPER CORTO 10 X 1,00 x10unidades .",0,9518.14314,TORNILLERÍA Y FIJACIONES,,UNIVERSAL
1806/00100-621,"TORNILLO PERNO CALIPER CORTO 10 X 1,25 x10unidades .",0,9517.800105,TORNILLERÍA Y FIJACIONES,,UNIVERSAL
1806/00130-621,"TORNILLO PERNO CALIPER LARGO 10 X 1,00 x10unidades .",0,10329.254298,TORNILLERÍA Y FIJACIONES,,UNIVERSAL
1806/00150-621,"TORNILLO PERNO CALIPER LARGO 10 X 1,25 x10unidades .",0,10329.254298,TORNILLERÍA Y FIJACIONES,,UNIVERSAL
1806/00110-621,"TORNILLO PERNO CALIPER MEDIANO 10 x 1,25 x10unid. .",0,9909.30105,TORNILLERÍA Y FIJACIONES,,UNIVERSAL
1806/00120-621,"TORNILLO PERNO CALIPER MEDIANO 10X1,00 x10unidades .",0,9909.30105,TORNILLERÍA Y FIJACIONES,,UNIVERSAL
1805/00280-510,TORNILLO PIÑON HONDA CG/YAMAHA YBR M8 x50UNID. BD,0,4492.964618999999,TRANSMISIÓN,HONDA / YAMAHA,CG
1805/00290-621,TORNILLO PIÑON MOTOS 110CC. M6 x50unid. .,0,4263.983856000001,TRANSMISIÓN,,UNIVERSAL
1807/00040-515,TORNILLO PORTA CORONA YAM. CRYPTON/YBR/HONDA STORM BUHO,0,1939.304268,TRANSMISIÓN,YAMAHA,CRYPTON
1805/00302-621,TORNILLO PORTA ZAPATA 125/150/200 (LARGO) x 10unid .,0,8198.448291,TORNILLERÍA Y FIJACIONES,,125
1805/00306-621,TORNILLO PORTA ZAPATA 125/150/200 LARGO C/AGU x10u .,0,9860.296049999999,TORNILLERÍA Y FIJACIONES,,125
1805/00300-621,TORNILLO PORTA ZAPATA GILERA SMASH (CORTO) x10unid .,0,7191.581760000001,TORNILLERÍA Y FIJACIONES,GILERA,SMASH
1805/00304-621,TORNILLO PORTA ZAPATA SMASH (CORTO) C/AGUJERO x10u .,0,9219.692889,TORNILLERÍA Y FIJACIONES,GILERA,SMASH
1805/00155-621,TORNILLO POSA PIE GILERA SMASH x30UNID. .,0,6017.912010000001,TORNILLERÍA Y FIJACIONES,GILERA,SMASH
1805/00018-038,TORNILLO REGULADOR DE VALVULA UNIVERSAL x20unid. NSU,2.539501812132797,0,MOTOR,,UNIVERSAL
1805/00230-621,TORNILLO RUEDA DISTRIB.GILERA SMASH x10unid. .,0,5079.378051000001,TORNILLERÍA Y FIJACIONES,GILERA,SMASH
1805/00025-621,TORNILLO SEPARADOR GILERA SMASH KIT X (2PZAS) .,0,1980.056826,TORNILLERÍA Y FIJACIONES,GILERA,SMASH
1805/00025-038,TORNILLO SEPARADOR GILERA SMASH KIT X (2PZAS) NSU,2.761088746405793,0,TORNILLERÍA Y FIJACIONES,GILERA,SMASH
1805/00029-621,TORNILLO SOPORTE ESCAPE 8X35 x30unid. .,0,7395.8346,TORNILLERÍA Y FIJACIONES,,UNIVERSAL
1805/00024-621,TORNILLO SUJETA MOTOR GILERA SMASHx5unid. .,0,4715.417916,TORNILLERÍA Y FIJACIONES,GILERA,SMASH
1805/00170-621,TORNILLO TAPA DISTRIBUCION GILERA SMASH x10unid. .,0,5527.56798,TORNILLERÍA Y FIJACIONES,GILERA,SMASH
1263/00050-533,TORNILLO TAPA SUPERIOR x10unid. CICLOMEJOR,0,39.262806,TORNILLERÍA Y FIJACIONES,,UNIVERSAL
1805/00030-621,"TORNILLO VENTILACION KITx  5JGOS TURB.,TAPA,BASE .",0,2950.00299,TORNILLERÍA Y FIJACIONES,,UNIVERSAL
1817/01199-560,TORNILLO ZINCADO STEM FINO MDA,0,3430.751841,TORNILLERÍA Y FIJACIONES,,UNIVERSAL
1725/00100-077,TORRINGTON  ZANELLA RX 150 x10unid. NSU,10.82975704812412,0,OTROS,ZANELLA,NS 150
1725/00100-038,TORRINGTON  ZANELLA RX 150 x10unid. NSU,10.8294924375,0,OTROS,ZANELLA,NS 150
1725/00030-022,TORRINGTON Y JAULA YAMAHA CRYPTON EMBRAGUE ALUM. NSU,4.646438431938171,0,OTROS,YAMAHA,CRYPTON
1725/00020-022,TORRINGTON Y JAULA YAMAHA CRYPTON EMBRAGUE NSU,5.493379532876588,0,OTROS,YAMAHA,CRYPTON
1725/00040-022,TORRINGTON Y JAULA YAMAHA NEW CRYPTON 3 RODILLOS NSU,2.61726276158638,0,OTROS,YAMAHA,CRYPTON
1639/00020-038,TRABA MANUBRIO UNIVERSAL NSU,1.955684040012099,0,TORNILLERÍA Y FIJACIONES,,UNIVERSAL
1001/00445-095,TRAJE DE LLUVIA DAYTONA TALLE M ALBA,42.10834532234008,0,BATERÍAS,,UNIVERSAL
1001/00485-095,TRAJE DE LLUVIA EUROPA FEMENINO TALLE GGG ALBA,46.20972578858829,0,OTROS,,UNIVERSAL
1001/00449-095,TRAJE DE LLUVIA EUROPA FEMENINO TALLE P ALBA,46.2130681245105,0,OTROS,,UNIVERSAL
1001/00492-095,TRAJE DE LLUVIA EUROPA PLUS TALLE G C/GALOCHA ALBA,58.18990397636433,0,OTROS,,UNIVERSAL
1001/00494-095,TRAJE DE LLUVIA EUROPA PLUS TALLE GG C/GALOCHA ALBA,58.18990397636433,0,OTROS,,UNIVERSAL
1001/00490-095,TRAJE DE LLUVIA EUROPA PLUS TALLE M C/GALOCHA ALBA,53.93329852480946,0,OTROS,,UNIVERSAL
1001/00460-095,TRAJE DE LLUVIA EUROPA TALLE G ALBA,47.69799102560921,0,OTROS,,UNIVERSAL
1001/00470-095,TRAJE DE LLUVIA EUROPA TALLE GG ALBA,47.69799102560921,0,OTROS,,UNIVERSAL
1001/00450-095,TRAJE DE LLUVIA EUROPA TALLE M ALBA,47.69799102560921,0,OTROS,,UNIVERSAL
1001/01202-139,TRAJE DE LLUVIA LUVIO FEMENINO TALLE L BEON,25.47034917061329,0,OTROS,,UNIVERSAL
1001/01201-139,TRAJE DE LLUVIA LUVIO FEMENINO TALLE M BEON,25.47034917061329,0,OTROS,,UNIVERSAL
1001/01200-139,TRAJE DE LLUVIA LUVIO FEMENINO TALLE S BEON,25.47034917061329,0,OTROS,,UNIVERSAL
1001/01203-139,TRAJE DE LLUVIA LUVIO FEMENINO TALLE XL BEON,25.47034917061329,0,OTROS,,UNIVERSAL
1001/01102-139,TRAJE DE LLUVIA LUVIO MASCULINO TALLE L BEON,25.47034917061329,0,OTROS,,UNIVERSAL
1001/01101-139,TRAJE DE LLUVIA LUVIO MASCULINO TALLE M BEON,25.47034917061329,0,OTROS,,UNIVERSAL
1001/01100-139,TRAJE DE LLUVIA LUVIO MASCULINO TALLE S BEON,25.46377599905347,0,OTROS,,UNIVERSAL
1001/01103-139,TRAJE DE LLUVIA LUVIO MASCULINO TALLE XL BEON,25.47034917061329,0,OTROS,,UNIVERSAL
1001/01104-139,TRAJE DE LLUVIA LUVIO MASCULINO TALLE XXL BEON,30.05603567480158,0,OTROS,,UNIVERSAL
1353/00030-566,TUBO ACELERADOR DAELIM LIBERTY VC,0,1285.606971,OTROS,GILERA,UNIVERSAL
1353/00050-566,TUBO ACELERADOR DOBLE YAMAHA FZ 16 VC,0,3216.639195,OTROS,GILERA / YAMAHA,FZ16
1623/12110-053,TUBULAR  8X31    6V  3W GK,0.3993047474781433,0,OTROS,,UNIVERSAL
1623/12110-017,TUBULAR  8X31    6V  3W YAMASIDA,0.3993047474781433,0,OTROS,,UNIVERSAL
1623/15110-053,TUBULAR 11X39   6V  5W GK,0.1650087765667757,0,OTROS,,UNIVERSAL
1623/15110-017,TUBULAR 11X39   6V  5W YAMASIDA,0.1629736672034147,0,OTROS,,UNIVERSAL
1623/15150-017,TUBULAR 11X39  24V  5W YAMASIDA,0.1650087765667757,0,OTROS,,UNIVERSAL
1623/17120-017,TUBULAR 15X44   6V  15W YAMASIDA,0.1283401595519366,0,LUBRICANTES,,UNIVERSAL
1623/11860-631,TUBULAR LED 30MM ULTINON PRO 3000 PHILIPS,0,18340.160454,OTROS,,UNIVERSAL
1623/11862-631,TUBULAR LED 43MM ULTINON PRO 3000 PHILIPS,0,18340.160454,OTROS,,UNIVERSAL
1822/00050-621,TUERCA AUTOFRENANTE 10MM X125 (X30 UNIDADES) .,0,9166.277439,TORNILLERÍA Y FIJACIONES,,UNIVERSAL
1822/00100-621,TUERCA AUTOFRENANTE 12MM (x30UNID.) .,0,13606.561683,TORNILLERÍA Y FIJACIONES,,UNIVERSAL
1822/00200-621,TUERCA AUTOFRENANTE 14MM (x20UNID.) .,0,13129.12557,TORNILLERÍA Y FIJACIONES,,UNIVERSAL
1822/00030-621,TUERCA AUTOFRENANTE 6MM (X50 UNIDADES) .,0,5967.789696,TORNILLERÍA Y FIJACIONES,,UNIVERSAL
1823/00003-621,TUERCA CIEGA AMORTIGUADOR GILERA SMASHx10unid. .,0,8339.455278000001,SUSPENSIÓN,GILERA,SMASH
1823/00020-621,TUERCA CIEGA COLUMNA DIRECC.ZANELLA RX150 x5unid. .,0,10107.055827,TORNILLERÍA Y FIJACIONES,ZANELLA,RX150
1823/00005-621,TUERCA CIEGA ESCAPE GILERA SMASH 6MMx10unid. .,0,5982.520598999999,TORNILLERÍA Y FIJACIONES,GILERA,SMASH
1821/00151-621,TUERCA DE EMBRAGUE ZANELLA RX150 x5unid. .,0,7976.877084000001,TORNILLERÍA Y FIJACIONES,ZANELLA,RX150
1827/00005-621,TUERCA DE VOLANTE GILERA SMASH x10unid. .,0,4076.578935,TORNILLERÍA Y FIJACIONES,GILERA,SMASH
1821/00040-621,TUERCA DEL  CILINDRO 6MM 10 X 10 x30 unid. .,0,7312.330080000001,MOTOR,,UNIVERSAL
1829/00200-540,TUERCA EJE RUEDA JUKI x10unid. FRA,0,580.836663,TORNILLERÍA Y FIJACIONES,,UNIVERSAL
1829/00300-621,TUERCA EJE RUEDA YAMAHA FZ16/ZANELLA RX150x5UNID. .,0,3103.251426,TORNILLERÍA Y FIJACIONES,YAMAHA,FZ16 / RX150
1821/00115-515,TUERCA ESCAPE GILERA SMASH x10UNID. BUHO,0,2955.285729,TORNILLERÍA Y FIJACIONES,GILERA,SMASH
1821/00116-621,TUERCA ESCAPE UNIV.7MM x10unid. .,0,6255.066807,TORNILLERÍA Y FIJACIONES,,UNIVERSAL
1821/00117-621,TUERCA ESCAPE UNIV.8MM x10unid. .,0,7557.208065,TORNILLERÍA Y FIJACIONES,,UNIVERSAL
1831/00120-621,"TUERCA HEXAGONAL 12X1,25 (X30 UNIDADES) .",0,8880.058836,TORNILLERÍA Y FIJACIONES,,UNIVERSAL
1831/00140-621,"TUERCA HEXAGONAL 14X1,50 (X20 UNIDADES) .",0,6779.400705,TORNILLERÍA Y FIJACIONES,,50
1831/00160-621,"TUERCA HEXAGONAL 16X1,50 (X20 UNIDADES) .",0,8354.901654000001,TORNILLERÍA Y FIJACIONES,,50
1831/00060-621,TUERCA HEXAGONAL 6MM (X50 UNIDADES) .,0,3461.32116,TORNILLERÍA Y FIJACIONES,,UNIVERSAL
1831/00080-621,TUERCA HEXAGONAL 8MM (X50 UNIDADES) .,0,5012.946873,TORNILLERÍA Y FIJACIONES,,UNIVERSAL
1821/00075-621,TUERCA RAPIDA 5MM PEDANA GILERA SMASH x50unid. .,0,7324.101081000001,TORNILLERÍA Y FIJACIONES,GILERA,SMASH
1821/00079-621,TUERCA RAPIDA 6 MM PARKER x50unid. .,0,8137.897712999999,TORNILLERÍA Y FIJACIONES,,UNIVERSAL
1821/00077-621,TUERCA RAPIDA GIL.SMASH 5MM C/ROSCA x30UNID. .,0,5316.758271000001,TORNILLERÍA Y FIJACIONES,,SMASH
1821/00085-038,TUERCA TAPA DE CILINDRO GILERA SMASH x10unid NSU,1.167977968340559,0,MOTOR,GILERA,SMASH
1821/00100-515,TUERCA VARILLA FRENO x10unid. BUHO,0,5382.875817000001,TORNILLERÍA Y FIJACIONES,,UNIVERSAL
1001/00045-566,UNION CONEXION CAJON XL VC,0,63.677097,OTROS,GILERA,UNIVERSAL
1838/00035-632,VALVULA COMPETICION HONDA CBX/NX 150CC KIT ADM/ESC BBB MPI,0,64409.682546,MOTOR,HONDA,CB
1838/00080-632,VALVULA COMPETICION HONDA CG 150cc. KIT ADM/ESC BBB MPI,0,63703.33427699999,MOTOR,HONDA,CG150
1838/00030-632,VALVULA COMPETICION HONDA STORM KITADM/ESC29/24 BBB MPI,0,61681.55459400001,MOTOR,HONDA,UNIVERSAL
1838/00070-632,VALVULA COMPETICION HONDA TITAN 04-05  KIT ADM/ESC BBB MPI,0,61838.458803,MOTOR,HONDA,TITAN
1838/00037-632,VALVULA COMPETICION HONDA TORNADO 250 KIT ADM/ESC BBB MPI,0,61838.458803,MOTOR,HONDA,TORNADO
1838/00075-632,VALVULA COMPETICION HONDA TORNADO-TWISTER ADM/ESC BBB MPI,0,60366.99546900001,MOTOR,HONDA,TWISTER
1838/00057-632,VALVULA COMPETICION KAYAK 150 ESC DIAM26 BBB MPI,0,32204.988288,MOTOR,,150
1838/00050-632,VALVULA COMPETICION KAYAK 150 KIT ADM/ESC BBB MPI,0,60019.197183,MOTOR,,150
1838/00055-632,VALVULA COMPETICION KAYAK 150 KIT ADM/ESC CORTA BBB MPI,0,64409.682546,MOTOR,,150
1838/00058-632,VALVULA COMPETICION KAYAK 150 KIT ADM/ESC CROMADA BBB MPI,0,64409.682546,MOTOR,,150
1838/00020-632,VALVULA COMPETICION SMASH/BIZ/C90 23.3/20.3 KITA/E BBB MPI,0,64562.25471300001,MOTOR,GILERA,SMASH
1838/00010-632,VALVULA COMPETICION SMASH/BIZ/C90 DIAM.23/20KITA/E BBB MPI,0,64562.25471300001,MOTOR,GILERA,SMASH
1838/00060-632,VALVULA COMPETICION YAMAHA YBR125CC KIT ADM/ESC BBB MPI,0,62165.910213,MOTOR,YAMAHA,YBR125
1838/00040-632,VALVULA COMPETICION ZANRX150STORM KIT ADM/ESC30/25 BBB MPI,0,63185.263218,MOTOR,,RX150
1374/00110-138,VALVULA CUBIERTA S/CAMARA PICO RECTO43x32x15 x10u .,3.779971250763702,0,MOTOR,,UNIVERSAL
1374/00120-138,VALVULA CUBIERTA S/CAMARA PICO RECTO49X38X15x10u .,3.678383884268188,0,MOTOR,,UNIVERSAL
1374/00210-138,VALVULA CUBIERTA SIN CAMARA AZUL x10unid. .,13.97529756252823,0,MOTOR,,UNIVERSAL
1374/00220-138,VALVULA CUBIERTA SIN CAMARA ORO x10unid. .,12.29821632290726,0,MOTOR,,UNIVERSAL
1374/00050-138,VALVULA CUBIERTA SIN CAMARA PICO CURVO x10unid. .,4.791579007138824,0,MOTOR,,UNIVERSAL
1374/00050-038,VALVULA CUBIERTA SIN CAMARA PICO CURVO x10unid. NSU,2.61358854934845,0,MOTOR,,UNIVERSAL
1374/00100-138,VALVULA CUBIERTA SIN CAMARA PICO RECTO x10unid. .,3.835626316975593,0,MOTOR,,UNIVERSAL
1374/00100-038,VALVULA CUBIERTA SIN CAMARA PICO RECTO x10unid. NSU,3.726783672219086,0,MOTOR,,UNIVERSAL
1374/00200-138,VALVULA CUBIERTA SIN CAMARA ROJO x10unid. .,13.97529756252823,0,MOTOR,,UNIVERSAL
1835/00072-508,VALVULA DE ADMISION HONDA XLX 250 BBB,0,15737.328486,MOTOR,HONDA,250
1835/00073-508,VALVULA DE ADMISION HONDA XLX 250R BBB,0,11027.183508,MOTOR,HONDA,UNIVERSAL
1835/00094-508,VALVULA DE ADMISION SUZUKI GSXR1100 BBB,0,11427.152517,MOTOR,SUZUKI,XR
1835/00093-508,VALVULA DE ADMISION SUZUKI GSXR750 BBB,0,12698.381421,MOTOR,SUZUKI,XR
1837/00105-508,VALVULA DE ESCAPE HONDA XR/NX 600 BBB,0,9828.638820000002,MOTOR,HONDA,XR
1837/00113-508,VALVULA DE ESCAPE SUZUKI GSXR 1100 BBB,0,11134.42605,MOTOR,SUZUKI,XR
1837/00114-508,VALVULA DE ESCAPE SUZUKI GSXR 750 BBB,0,12323.640186,MOTOR,SUZUKI,XR
1836/00021-508,VALVULA KIT ADMISION/ESCAPE BAJAJ 180 BBB,0,13777.324506,MOTOR,BAJAJ,180
1836/00019-508,VALVULA KIT ADMISION/ESCAPE BAJAJ PULSAR 135 BBB,0,18680.941224,MOTOR,BAJAJ,PULSAR
1836/00020-508,VALVULA KIT ADMISION/ESCAPE BAJAJ PULSAR 220CC BBB,0,15006.418911,MOTOR,BAJAJ,PULSAR
1836/00023-508,VALVULA KIT ADMISION/ESCAPE BAJAJ ROUSER NS200 BBB,0,18309.434319,MOTOR,BAJAJ,NS200 / ROUSER
1836/00018-508,VALVULA KIT ADMISION/ESCAPE BAJAJ XCD125 BBB,0,18582.431373,MOTOR,BAJAJ,UNIVERSAL
1836/00119-508,VALVULA KIT ADMISION/ESCAPE CORVEN TOURING 250CC BBB,0,16388.702946,MOTOR,CORVEN,UNIVERSAL
1836/00060-508,VALVULA KIT ADMISION/ESCAPE GILERA SMASH 125CC BBB,0,13183.873956,MOTOR,GILERA,SMASH
1836/00050-508,VALVULA KIT ADMISION/ESCAPE GILERA SMASH/HONDA BIZ BBB,0,7372.194588,MOTOR,GILERA / HONDA,SMASH
1836/00050-022,VALVULA KIT ADMISION/ESCAPE GILERA SMASH/HONDA BIZ NSU,2.855616831366377,0,MOTOR,GILERA / HONDA,SMASH
1836/40413-508,VALVULA KIT ADMISION/ESCAPE HONDA 125 POWER BBB,0,22696.126695,MOTOR,HONDA,125
1836/40419-508,VALVULA KIT ADMISION/ESCAPE HONDA 250CC POWER BBB,0,21992.022855,MOTOR,HONDA,UNIVERSAL
1836/00095-508,VALVULA KIT ADMISION/ESCAPE HONDA BIZ 125CC. BBB,0,22363.813989,MOTOR,HONDA,BIZ
1836/00245-508,VALVULA KIT ADMISION/ESCAPE HONDA CB 190 R BBB,0,15429.655494,MOTOR,HONDA,CB
1836/00255-508,VALVULA KIT ADMISION/ESCAPE HONDA CB TWISTER 250 BBB,0,11794.376385,MOTOR,HONDA,TWISTER 250
1836/00250-508,VALVULA KIT ADMISION/ESCAPE HONDA CG 150 BBB,0,9075.569184000002,MOTOR,HONDA,CG150
1836/00250-022,VALVULA KIT ADMISION/ESCAPE HONDA CG 150 NSU,3.114526354640236,0,MOTOR,HONDA,CG150
1836/40278-508,VALVULA KIT ADMISION/ESCAPE HONDA CG125 POWER BBB,0,22470.938919,MOTOR,HONDA,CG125
1836/00110-508,VALVULA KIT ADMISION/ESCAPE HONDA NX 150/CBX 150 BBB,0,17105.39127,MOTOR,HONDA,CB 150
1836/00115-508,VALVULA KIT ADMISION/ESCAPE HONDA NX150/CBX200 BBB,0,17054.377065,MOTOR,HONDA,CB
1836/00114-508,VALVULA KIT ADMISION/ESCAPE HONDA NX4 FALCON 400CC BBB,0,23896.89621,MOTOR,HONDA,UNIVERSAL
1836/00122-508,VALVULA KIT ADMISION/ESCAPE HONDA PCX150 SCOOTER BBB,0,19395.679149,MOTOR,HONDA,UNIVERSAL
1836/00117-508,VALVULA KIT ADMISION/ESCAPE HONDA STORM/CG/ML125 BBB,0,12619.944018,MOTOR,HONDA,CG
1836/00264-508,VALVULA KIT ADMISION/ESCAPE HONDA TITAN 160 BROS BBB,0,19395.679149,MOTOR,HONDA,TITAN
1836/00230-508,VALVULA KIT ADMISION/ESCAPE HONDA TITAN(04/05) BBB,0,13316.844123,MOTOR,HONDA,TITAN
1836/00240-508,VALVULA KIT ADMISION/ESCAPE HONDA TORNADO-TWISTER BBB,0,10901.221056,MOTOR,HONDA,TWISTER
1836/00240-022,VALVULA KIT ADMISION/ESCAPE HONDA TORNADO-TWISTER NSU,2.942707107414551,0,MOTOR,HONDA,TWISTER
1836/40578-508,VALVULA KIT ADMISION/ESCAPE HONDA WAVE 110 POWER BBB,0,22097.883456,MOTOR,HONDA,WAVE110
1836/00123-508,VALVULA KIT ADMISION/ESCAPE HONDA WAVE S 110CC. BBB,0,16006.757976,MOTOR,HONDA,WAVE
1836/00118-508,VALVULA KIT ADMISION/ESCAPE HONDA XR 250 BBB,0,24283.878894,MOTOR,HONDA,XR 250
1836/00121-508,VALVULA KIT ADMISION/ESCAPE HONDA XR125L/CBF-GOLDW BBB,0,10649.335356,MOTOR,HONDA,XR
1836/00116-508,VALVULA KIT ADMISION/ESCAPE HONDANX250/KELLERMX260 BBB,0,13832.121897,MOTOR,HONDA,UNIVERSAL
1836/00260-508,VALVULA KIT ADMISION/ESCAPE HONDAXR100/CM200/CB250 BBB,0,16396.19091,MOTOR,HONDA,XR
1836/00228-508,VALVULA KIT ADMISION/ESCAPE MOTOMEL XPLORA 250 BBB,0,15061.529934,MOTOR,MOTOMEL,250
1836/00228-022,VALVULA KIT ADMISION/ESCAPE MOTOMEL XPLORA 250 NSU,3.288765591263466,0,MOTOR,MOTOMEL,NS 250
1836/00210-508,VALVULA KIT ADMISION/ESCAPE MOTOMELMOTARD/DAKAR200 BBB,0,16171.885224,MOTOR,MOTOMEL,UNIVERSAL
1836/00300-508,VALVULA KIT ADMISION/ESCAPE SUZUKI GN/EN 125CC. BBB,0,13774.286196,MOTOR,SUZUKI,UNIVERSAL
1836/40268-508,VALVULA KIT ADMISION/ESCAPE TODAS CHINAS110CCPOWER BBB,0,24812.554635,MOTOR,,UNIVERSAL
1836/40394-508,VALVULA KIT ADMISION/ESCAPE TODAS CHINAS150CCPOWER BBB,0,24481.359243,MOTOR,,UNIVERSAL
1836/00350-508,VALVULA KIT ADMISION/ESCAPE YAMAHA CRYPTON BBB,0,11586.869613,MOTOR,YAMAHA,CRYPTON
1836/00360-508,VALVULA KIT ADMISION/ESCAPE YAMAHA FZ 16 BBB,0,13832.102295,MOTOR,YAMAHA,FZ16
1836/00190-508,VALVULA KIT ADMISION/ESCAPE YAMAHA YBR 125CC BBB,0,10227.137679,MOTOR,YAMAHA,YBR125
1836/00200-508,VALVULA KIT ADMISION/ESCAPE ZANELLA RX150/SKUA 150 BBB,0,8396.32068,MOTOR,ZANELLA,RX150 / SKUA150
1836/00200-022,VALVULA KIT ADMISION/ESCAPE ZANELLA RX150/SKUA 150 NSU,3.133842316292724,0,MOTOR,ZANELLA,RX150 / SKUA150
1836/00205-508,VALVULA KIT ADMISION/ESCAPE ZANELLA VENTO 3V 110CC BBB,0,25277.053428,MOTOR,ZANELLA,UNIVERSAL
1842/00010-022,VALVULA RECUPERADORA DE GASES HONDA STORM NSU,34.42003851336128,0,MOTOR,HONDA,UNIVERSAL
1843/00020-038,VARILLA DE VALVULA 5MM TITAN 2000  X 2 UNIDADES NSU,1.462870279433441,0,MOTOR,HONDA,TITAN
1843/00030-038,VARILLA DE VALVULA 6MM TODAY/TITAN 99 X 2 UNIDADES NSU,1.627426426112595,0,MOTOR,,TITAN
1843/00050-022,VARILLA DE VALVULA MOTOMEL DAKAR X 2 UNID.L148mm NSU,2.928208732601166,0,MOTOR,MOTOMEL,UNIVERSAL
1867/00022-038,VARILLA FRENO APIA VECTRA NSU,1.19514024667406,0,OTROS,,UNIVERSAL
1867/00025-515,VARILLA FRENO GILERA SMASH (480 MM) BUHO,0,1903.589424,OTROS,GILERA,SMASH
1867/00025-077,VARILLA FRENO GILERA SMASH (480 MM) NSU,0.9539759179996491,0,OTROS,GILERA,SMASH
1867/00034-038,VARILLA FRENO HONDA CG 150 NEW NSU,3.567568882852936,0,OTROS,HONDA,CG150
1867/00030-515,VARILLA FRENO HONDA CG TODAY  (585 MM)  BUHO,0,1913.674653,OTROS,HONDA,CG
1867/00042-077,VARILLA FRENO HONDA DAX 110 (365 MM) NSU,1.059955356124649,0,OTROS,HONDA,NS 110
1867/00059-077,VARILLA FRENO MOTOMEL BLITZ C/OREJA (480MM) NSU,0.9897756635958481,0,OTROS,MOTOMEL,BLITZ
1867/00057-077,VARILLA FRENO MOTOMEL CUSTOM NSU,1.819872648344592,0,OTROS,MOTOMEL,UNIVERSAL
1867/00058-077,VARILLA FRENO MOTOMEL SKUA NSU,1.282588244979057,0,OTROS,MOTOMEL,UNIVERSAL
1867/00058-038,VARILLA FRENO MOTOMEL SKUA NSU,1.279850089295483,0,OTROS,MOTOMEL,UNIVERSAL
1867/00021-515,VARILLA FRENO SUZUKI EN 125 BUHO,0,2183.515785,OTROS,SUZUKI,125
1867/00075-077,VARILLA FRENO YAMAHA YBR 125/MOTOMEL 125 NSU,1.059955356124649,0,OTROS,YAMAHA,YBR125
1867/00082-515,VARILLA FRENO ZANELLA RX 150 BUHO,0,1913.674653,OTROS,ZANELLA,150
1211/30000-566,VASO CANILLA NAFTA GILERA SMASH Y OTRAS VC,0,864.046359,OTROS,GILERA,SMASH
1877/00020-566,VENTILADOR GRANDE ZANELLA  V3 VC,0,664.4587950000001,OTROS,GILERA / ZANELLA,UNIVERSAL
1877/00040-566,VENTILADOR ZANELLA POCKET-DUE VC,0,664.4587950000001,OTROS,GILERA / ZANELLA,DUE
1877/00040-505,VENTILADOR ZANELLA POCKET-DUE ZAN,0,1179.932589,OTROS,ZANELLA,DUE
1304/00006-073,VISOR ESPEJADO PARA CASCO ABIERTO DP601 ZPF,17.63760478413755,0,OTROS,,UNIVERSAL
1304/00030-073,VISOR HUMO CASCO INTEGRAL DP388 ZPF,17.63760478413755,0,OTROS,,UNIVERSAL
1304/00005-073,VISOR HUMO PARA CASCO ABIERTO DP601 ZPF,26.13011175682828,0,OTROS,,UNIVERSAL
1304/00410-641,VISOR J00 TRANSPARENTE SUOMY,0,257.090031,OTROS,,UNIVERSAL
1304/00010-073,VISOR TRANSPARENTE PARA CASCO ABIERTO 051256 ZPF,13.69572845504236,0,OTROS,,UNIVERSAL
1304/00020-073,VISOR TRANSPARENTE PARA CASCO INTEGRAL 051258 ZPF,13.69572845504236,0,OTROS,,UNIVERSAL
1304/00119-086,VISOR TRANSPARENTE PARA CASCO YM822 YEMA,6.980705531709852,0,OTROS,,UNIVERSAL
1304/00300-086,VISOR TRANSPARENTE V-01 (ZENTUS) YEMA,3.558258461688679,0,OTROS,,UNIVERSAL
1879/00080-077,VOLANTE MAG.HONDA DAX110/MAX110/DAY110/FUSSION 110 NSU,26.73142180381769,0,OTROS,HONDA,NS 110
1879/00084-077,VOLANTE MAGNETICO COMPLETO GILERA SMASH 6BOB. NSU,23.39457765546736,0,OTROS,GILERA,SMASH
1879/00036-038,VOLANTE MAGNETICO COMPLETO HONDA TITAN 150 NSU,32.7279366123967,0,OTROS,HONDA,TITAN
1537/10235-623,VOLTIMETRO DIGITAL TEST DE BATERIA 6/12/24V DZE,0,65663.201043,BATERÍAS,,UNIVERSAL
1521/00160-134,ZAPATA JGO. DEL. ZANELLA RX -  HONDA TORNADO DIAFRAG,5.746983955983352,0,OTROS,HONDA / ZANELLA,TORNADO
1521/00080-134,ZAPATA JGO. GILERA SMASH-HONDA C90(C100)RES.CRUZAD DIAFRAG,4.971600428103905,0,OTROS,GILERA,SMASH
1521/00085-134,ZAPATA JGO. H. CB250/ GILERA SMASH DEL/ RX REDONDA DIAFRAG,5.821818475019933,0,OTROS,GILERA / HONDA / ZANELLA,SMASH
1521/00122-022,ZAPATA JGO. KYMCO 125 NSU,9.680184950738674,0,OTROS,,NS 125
1521/00130-134,ZAPATA JGO. SUZUKI AX100 (A100) DIAFRAG,5.311820977095452,0,OTROS,SUZUKI,AX100
1521/00300-134,ZAPATA JGO. TRAS. SUZUKI GN/EN 125 DIAFRAG,5.566058536113281,0,OTROS,SUZUKI,125
1521/00142-134,ZAPATA JGO. TRAS.HONDA XLR125/XLR250/NX150BROSS DIAFRAG,5.832143899968109,0,OTROS,HONDA,UNIVERSAL
1521/00124-134,ZAPATA JGO. TRAS.HONDA XR125/NX 350 DIAFRAG,7.344644599582443,0,OTROS,HONDA,XR
1521/00127-134,ZAPATA JGO. TRAS.YAMAHA XTZ125/225/YBR 125 DIAFRAG,6.27980738690815,0,OTROS,YAMAHA,XTZ125 / YBR125
1521/00155-134,ZAPATA JGO.DEL./TRAS. YAMAHA FZ16 DIAFRAG,8.300766708665773,0,OTROS,YAMAHA,FZ16
1521/00195-022,ZAPATA JGO.TRAS. CUSTOM GILERA 250 NSU,4.253559573721328,0,OTROS,GILERA,NS 250
1521/00205-134,ZAPATA JGO.TRAS. YAMAHA CRYPTON M/V-AXIS 90 JOG DIAFRAG,4.803597640417785,0,OTROS,YAMAHA,CRYPTON
1521/00090-134,ZAPATA JGO.TRAS.GILERA SMASH RESORTE RECTOS DIAFRAG,4.936881247393798,0,OTROS,GILERA,SMASH
1521/00210-134,ZAPATA JGO.TRAS.ZANELLA RX150 PLANA DIAFRAG,8.671121200552369,0,OTROS,ZANELLA,RX150
1001/00160-128,ZUNCHO CINTA 25/GANCHO DE 8 L/2.00 M-600 .,4.878698625450439,0,OTROS,,UNIVERSAL
1001/00170-128,ZUNCHO PLUS 50/GANCHO DE 10 L/2.20 M-1200 .,6.277452497231368,0,OTROS,,50
